we have experimental conditions ['lasso_1.0_0_noise_32_128_100_3_clda_rho_0.5_batchlen_100_lasso_alpha_10_lasso_threshold_1_same']
simulation_setup_functions: get_enc_setup has a tuning_level of 1 

simulation_runs: set base class 
simulation_runs: selected SimKFDecoderRandom 

simulation_runs: set up encoder change with same
kwargs will be updated in a later time
the feature adaptation project is tracking dict_keys(['transform_x_flag', 'transform_y_flag', 'n_starting_feats', 'n_states', 'train_high_SNR_time', 'lasso_alpha', 'lasso_threshold', 'adaptive_lasso_flag', 'number_of_features', 'change_sim_c_at_cycle', 'new_sim_c']) 
we have got 1 exps

features.simulation_features.SimIntentionLQRController: LQRController used 


 features.simulation_features.SimFeedbackLearner: start to create a sim leaner with a batchsize of 100
features.simulation_features.SimSmoothBatch: rho in this simulation is  0.5

Use feature selector as a class feature with a a parent class
finished executing Experiment.__init__
in feature selector mod
use user supplied features
feature init: [array([False, False,  True, False, False, False, False,  True,  True,
       False,  True, False, False,  True, False, False,  True, False,
       False, False, False, False,  True, False,  True, False,  True,
       False, False, False,  True, False, False,  True, False, False,
       False, False, False, False,  True, False, False, False, False,
       False, False, False,  True, False,  True,  True, False, False,
       False, False, False, False, False,  True,  True, False, False,
       False, False, False, False, False,  True, False, False, False,
       False,  True, False, False, False, False, False, False, False,
       False, False, False, False, False,  True, False, False,  True,
        True,  True, False, False,  True, False,  True, False, False,
        True, False,  True, False, False, False, False, False, False,
        True, False, False, False, False, False, False, False, False,
       False,  True, False, False,  True,  True, False, False, False,
       False,  True])]
feature selector: add initial decoder weights
feature_selection_feature: initialized lasso regression with an alpha of 10 and a max number of iteration of 10000
<class 'features.simulation_features.SimCosineTunedEncWithNoise'>: added CosineTunedEncWithNoise 
TimeCountDown: assume  fps to be 60
finished instantiated experiment 0




 using encoder with additional noises  State space: ['hand_px', 'hand_py', 'hand_pz', 'hand_vx', 'hand_vy', 'hand_vz', 'offset'] 

<bound method GenericCosEncWithNoise._gen_fixed_gaussian_noise of <riglib.bmi.sim_neurons.GenericCosEncWithNoise object at 0x7fae76f3b760>>
neural encoder init function  <SimpleTargetCaptureWithHold(Thread-1, initial)>
features.simulation_features: added tracking of K matrix
sinkmanager start <class 'hdfwriter.hdfwriter.HDFWriter'>
/home/aolab/miniconda3/envs/sijia-feature-analysis/lib/python3.8/site-packages/statsmodels/tools/_testing.py:19: FutureWarning: pandas.util.testing is deprecated. Use the functions in the public API at pandas.testing instead.
  import pandas.util.testing as tm
/home/aolab/miniconda3/envs/sijia-feature-analysis/lib/python3.8/site-packages/statsmodels/tsa/base/tsa_model.py:8: FutureWarning: pandas.Int64Index is deprecated and will be removed from pandas in a future version. Use pandas.Index with the appropriate dtype instead.
  from pandas import (to_datetime, Int64Index, DatetimeIndex, Period,
/home/aolab/miniconda3/envs/sijia-feature-analysis/lib/python3.8/site-packages/statsmodels/tsa/base/tsa_model.py:8: FutureWarning: pandas.Float64Index is deprecated and will be removed from pandas in a future version. Use pandas.Index with the appropriate dtype instead.
  from pandas import (to_datetime, Int64Index, DatetimeIndex, Period,
<bmimultitasks.SimpleEndpointAssister object at 0x7fae76b214f0>
features.simulation_features: batch size is 100
Reset states for learner: 
[]
Done states for learner: 
[]

features.simulation_features.SimFeedbackLearner: flip the self.learn_flag to true
features.simulation_features.SimFeedbackLearner: succussfully created a feedback controller learner


SimSmoothBatch: created an updater with a batch time of 1 and a half_life of 1.0 

..........................finished initialize experiement  0
select_decoder_features: first time (128, 7) (128, 7)
active feature set is [False False  True False False False False  True  True False  True False
 False  True False False  True False False False False False  True False
  True False  True False False False  True False False  True False False
 False False False False  True False False False False False False False
  True False  True  True False False False False False False False  True
  True False False False False False False False  True False False False
 False  True False False False False False False False False False False
 False False  True False False  True  True  True False False  True False
  True False False  True False  True False False False False False False
  True False False False False False False False False False  True False
 False  True  True False False False False  True]
after trans: (32, 7)
after trans: (32, 32)
decoder change flag to false
assist_level at final value after 0 successful trials
Warning: Cannot sync more than 1 event per cycle
Overwriting [b'EXP_START'] with TARGET_ON event
decoder does not change here at 600
decoder does not change here at 1200
decoder does not change here at 1800
decoder does not change here at 2400
decoder does not change here at 3000
observations have counts >> 1000 
decoder does not change here at 3600
decoder does not change here at 4200
decoder does not change here at 4800
decoder does not change here at 5400
decoder does not change here at 6000
decoder does not change here at 6600
decoder does not change here at 7200
decoder does not change here at 7800
decoder does not change here at 8400
decoder does not change here at 9000
decoder does not change here at 9600
decoder does not change here at 10200
decoder does not change here at 10800
decoder does not change here at 11400
decoder does not change here at 12000
decoder does not change here at 12600
decoder does not change here at 13200
decoder does not change here at 13800
decoder does not change here at 14400
decoder does not change here at 15000
decoder does not change here at 15600
decoder does not change here at 16200
decoder does not change here at 16800
decoder does not change here at 17400
decoder does not change here at 18000

 using encoder with additional noises  State space: ['hand_px', 'hand_py', 'hand_pz', 'hand_vx', 'hand_vy', 'hand_vz', 'offset'] 

<bound method GenericCosEncWithNoise._gen_fixed_gaussian_noise of <riglib.bmi.sim_neurons.GenericCosEncWithNoise object at 0x7fae75ff0370>>
changed encoder at cycle 18000
decoder does not change here at 18600
decoder does not change here at 19200
decoder does not change here at 19800
observations have counts >> 1000 
observations have counts >> 1000 
decoder does not change here at 20400
decoder does not change here at 21000
decoder does not change here at 21600
decoder does not change here at 22200
decoder does not change here at 22800
decoder does not change here at 23400
decoder does not change here at 24000
decoder does not change here at 24600
decoder does not change here at 25200
decoder does not change here at 25800
decoder does not change here at 26400
decoder does not change here at 27000
decoder does not change here at 27600
decoder does not change here at 28200
observations have counts >> 1000 
observations have counts >> 1000 
decoder does not change here at 28800
observations have counts >> 1000 
decoder does not change here at 29400
decoder does not change here at 30000
decoder does not change here at 30600
decoder does not change here at 31200
observations have counts >> 1000 
decoder does not change here at 31800
decoder does not change here at 32400
decoder does not change here at 33000
observations have counts >> 1000 
decoder does not change here at 33600
observations have counts >> 1000 
decoder does not change here at 34200
decoder does not change here at 34800
decoder does not change here at 35400
decoder does not change here at 36000
decoder does not change here at 36600
decoder does not change here at 37200
decoder does not change here at 37800
decoder does not change here at 38400
decoder does not change here at 39000
decoder does not change here at 39600
decoder does not change here at 40200
decoder does not change here at 40800
decoder does not change here at 41400
decoder does not change here at 42000
decoder does not change here at 42600
decoder does not change here at 43200
observations have counts >> 1000 
decoder does not change here at 43800
decoder does not change here at 44400
decoder does not change here at 45000
decoder does not change here at 45600
decoder does not change here at 46200
decoder does not change here at 46800
decoder does not change here at 47400
decoder does not change here at 48000
decoder does not change here at 48600
decoder does not change here at 49200
decoder does not change here at 49800
decoder does not change here at 50400
decoder does not change here at 51000
decoder does not change here at 51600
decoder does not change here at 52200
decoder does not change here at 52800
decoder does not change here at 53400
decoder does not change here at 54000
observations have counts >> 1000 
observations have counts >> 1000 
observations have counts >> 1000 
decoder does not change here at 54600
decoder does not change here at 55200
decoder does not change here at 55800
decoder does not change here at 56400
decoder does not change here at 57000
decoder does not change here at 57600
decoder does not change here at 58200
decoder does not change here at 58800
decoder does not change here at 59400
decoder does not change here at 60000
decoder does not change here at 60600
decoder does not change here at 61200
decoder does not change here at 61800
decoder does not change here at 62400
decoder does not change here at 63000
decoder does not change here at 63600
decoder does not change here at 64200
observations have counts >> 1000 
observations have counts >> 1000 
decoder does not change here at 64800
decoder does not change here at 65400
decoder does not change here at 66000
decoder does not change here at 66600
decoder does not change here at 67200
decoder does not change here at 67800
decoder does not change here at 68400
decoder does not change here at 69000
decoder does not change here at 69600
decoder does not change here at 70200
decoder does not change here at 70800
decoder does not change here at 71400
decoder does not change here at 72000
finish  at cycle_count: 72000
..........................HDFWriter: Saving datafile to /tmp/tmp2q13r5b9.h5
HDFWriter: opening file
HDFWriter registered 'sync_events'
HDFWriter registered 'sync_clock'
HDFWriter registered 'trials'
HDFWriter registered 'task'
Closed hdf
ended datasink
0
exit
end of FSM.run, task state is None
wait for 10s for hdf file to save
saving feature selection file name to /tmp/tmp2q13r5b9.h5
Writing new group: /feature_selection
Added feat_set
Added C_mat
Added Q_diag
Added K_mat
Done!
saving lasso feature selection file name to /tmp/tmp2q13r5b9.h5
Writing new group: /lasso_feature_selection
Added lasso_hist
Done!
Finished running  lasso_1.0_0_noise_32_128_100_3_clda_rho_0.5_batchlen_100_lasso_alpha_10_lasso_threshold_1_same
***********************************************************
***********************************************************

cp /tmp/tmp2q13r5b9.h5 /home/aolab/sijia/data/figure3_lasso/lasso_1.0_0_noise_32_128_100_3_clda_rho_0.5_batchlen_100_lasso_alpha_10_lasso_threshold_1_same.h5
cp /tmp/tmp2q13r5b9.h5.p /home/aolab/sijia/data/figure3_lasso/lasso_1.0_0_noise_32_128_100_3_clda_rho_0.5_batchlen_100_lasso_alpha_10_lasso_threshold_1_same.p
we have experimental conditions ['lasso_1.0_0_noise_32_128_100_3_clda_rho_0.5_batchlen_100_lasso_alpha_10_lasso_threshold_1_same_smooth_batch_with_full_feature']
simulation_setup_functions: get_enc_setup has a tuning_level of 1 

simulation_runs: set base class 
simulation_runs: selected SimKFDecoderRandom 

simulation_runs: set up encoder change with same
kwargs will be updated in a later time
the feature adaptation project is tracking dict_keys(['transform_x_flag', 'transform_y_flag', 'n_starting_feats', 'n_states', 'train_high_SNR_time', 'lasso_alpha', 'lasso_threshold', 'adaptive_lasso_flag', 'number_of_features', 'change_sim_c_at_cycle', 'new_sim_c']) 
we have got 1 exps

features.simulation_features.SimIntentionLQRController: LQRController used 


 features.simulation_features.SimFeedbackLearner: start to create a sim leaner with a batchsize of 100
features.simulation_features.SimSmoothBatch: rho in this simulation is  0.5

Use feature selector as a class feature with a a parent class
finished executing Experiment.__init__
in feature selector mod
use user supplied features
feature init: [array([False, False,  True, False, False, False, False,  True,  True,
       False,  True, False, False,  True, False, False,  True, False,
       False, False, False, False,  True, False,  True, False,  True,
       False, False, False,  True, False, False,  True, False, False,
       False, False, False, False,  True, False, False, False, False,
       False, False, False,  True, False,  True,  True, False, False,
       False, False, False, False, False,  True,  True, False, False,
       False, False, False, False, False,  True, False, False, False,
       False,  True, False, False, False, False, False, False, False,
       False, False, False, False, False,  True, False, False,  True,
        True,  True, False, False,  True, False,  True, False, False,
        True, False,  True, False, False, False, False, False, False,
        True, False, False, False, False, False, False, False, False,
       False,  True, False, False,  True,  True, False, False, False,
       False,  True])]
feature selector: add initial decoder weights
feature_selection_feature: initialized lasso regression with an alpha of 10 and a max number of iteration of 10000
<class 'features.simulation_features.SimCosineTunedEncWithNoise'>: added CosineTunedEncWithNoise 
TimeCountDown: assume  fps to be 60
finished instantiated experiment 0




 using encoder with additional noises  State space: ['hand_px', 'hand_py', 'hand_pz', 'hand_vx', 'hand_vy', 'hand_vz', 'offset'] 

<bound method GenericCosEncWithNoise._gen_fixed_gaussian_noise of <riglib.bmi.sim_neurons.GenericCosEncWithNoise object at 0x7faf7fbdd1f0>>
neural encoder init function  <SimpleTargetCaptureWithHold(Thread-2, initial)>
features.simulation_features: added tracking of K matrix
sinkmanager start <class 'hdfwriter.hdfwriter.HDFWriter'>
Traceback (most recent call last):
  File "/home/aolab/sijia/brain-python-interface/riglib/bmi/bmi.py", line 1342, in cleanup_hdf
    self.write_clda_data_to_hdf_table(
  File "/home/aolab/sijia/brain-python-interface/riglib/bmi/bmi.py", line 1367, in write_clda_data_to_hdf_table
    log_file = open(os.path.expandvars('$HOME/code/bmi3d/log/clda_hdf_log'), 'a')
FileNotFoundError: [Errno 2] No such file or directory: '/home/aolab/code/bmi3d/log/clda_hdf_log'
/home/aolab/miniconda3/envs/sijia-feature-analysis/lib/python3.8/site-packages/aopy/preproc/bmi3d.py:382: UserWarning: Warning: no sync clock connected! This will usually result in problems.
  warnings.warn("Warning: no sync clock connected! This will usually result in problems.")
/home/aolab/miniconda3/envs/sijia-feature-analysis/lib/python3.8/site-packages/aopy/preproc/bmi3d.py:449: UserWarning: No sync events present, using bmi3d events instead
  warnings.warn("No sync events present, using bmi3d events instead")
<bmimultitasks.SimpleEndpointAssister object at 0x7faf7fbd7550>
features.simulation_features: batch size is 100
Reset states for learner: 
[]
Done states for learner: 
[]

features.simulation_features.SimFeedbackLearner: flip the self.learn_flag to true
features.simulation_features.SimFeedbackLearner: succussfully created a feedback controller learner


SimSmoothBatchFullFeature: created a FULL FEATURE updater with a batch time of 1 and a half_life of 1.0 

..........................finished initialize experiement  0
select_decoder_features: first time (128, 7) (128, 7)
active feature set is [False False  True False False False False  True  True False  True False
 False  True False False  True False False False False False  True False
  True False  True False False False  True False False  True False False
 False False False False  True False False False False False False False
  True False  True  True False False False False False False False  True
  True False False False False False False False  True False False False
 False  True False False False False False False False False False False
 False False  True False False  True  True  True False False  True False
  True False False  True False  True False False False False False False
  True False False False False False False False False False  True False
 False  True  True False False False False  True]
after trans: (32, 7)
after trans: (32, 32)
decoder change flag to false
assist_level at final value after 0 successful trials
Warning: Cannot sync more than 1 event per cycle
Overwriting [b'EXP_START'] with TARGET_ON event
KFSmoothBatchFullFeature: 128 neurons selected
KFSmoothBatchFullFeature: 128 neurons selected
KFSmoothBatchFullFeature: 128 neurons selected
KFSmoothBatchFullFeature: 128 neurons selected
KFSmoothBatchFullFeature: 128 neurons selected
KFSmoothBatchFullFeature: 128 neurons selected
KFSmoothBatchFullFeature: 128 neurons selected
KFSmoothBatchFullFeature: 128 neurons selected
KFSmoothBatchFullFeature: 128 neurons selected
KFSmoothBatchFullFeature: 128 neurons selected
KFSmoothBatchFullFeature: 128 neurons selected
KFSmoothBatchFullFeature: 128 neurons selected
KFSmoothBatchFullFeature: 128 neurons selected
KFSmoothBatchFullFeature: 128 neurons selected
KFSmoothBatchFullFeature: 128 neurons selected
KFSmoothBatchFullFeature: 128 neurons selected
KFSmoothBatchFullFeature: 128 neurons selected
KFSmoothBatchFullFeature: 128 neurons selected
KFSmoothBatchFullFeature: 128 neurons selected
KFSmoothBatchFullFeature: 128 neurons selected
KFSmoothBatchFullFeature: 128 neurons selected
KFSmoothBatchFullFeature: 128 neurons selected
KFSmoothBatchFullFeature: 128 neurons selected
KFSmoothBatchFullFeature: 128 neurons selected
KFSmoothBatchFullFeature: 128 neurons selected
KFSmoothBatchFullFeature: 128 neurons selected
KFSmoothBatchFullFeature: 128 neurons selected
KFSmoothBatchFullFeature: 128 neurons selected
KFSmoothBatchFullFeature: 128 neurons selected
KFSmoothBatchFullFeature: 128 neurons selected

 using encoder with additional noises  State space: ['hand_px', 'hand_py', 'hand_pz', 'hand_vx', 'hand_vy', 'hand_vz', 'offset'] 

<bound method GenericCosEncWithNoise._gen_fixed_gaussian_noise of <riglib.bmi.sim_neurons.GenericCosEncWithNoise object at 0x7fae740dac40>>
changed encoder at cycle 18000
KFSmoothBatchFullFeature: 128 neurons selected
KFSmoothBatchFullFeature: 128 neurons selected
KFSmoothBatchFullFeature: 128 neurons selected
KFSmoothBatchFullFeature: 128 neurons selected
KFSmoothBatchFullFeature: 128 neurons selected
KFSmoothBatchFullFeature: 128 neurons selected
KFSmoothBatchFullFeature: 128 neurons selected
KFSmoothBatchFullFeature: 128 neurons selected
KFSmoothBatchFullFeature: 128 neurons selected
KFSmoothBatchFullFeature: 128 neurons selected
KFSmoothBatchFullFeature: 128 neurons selected
KFSmoothBatchFullFeature: 128 neurons selected
KFSmoothBatchFullFeature: 128 neurons selected
KFSmoothBatchFullFeature: 128 neurons selected
KFSmoothBatchFullFeature: 128 neurons selected
KFSmoothBatchFullFeature: 128 neurons selected
KFSmoothBatchFullFeature: 128 neurons selected
KFSmoothBatchFullFeature: 128 neurons selected
KFSmoothBatchFullFeature: 128 neurons selected
KFSmoothBatchFullFeature: 128 neurons selected
KFSmoothBatchFullFeature: 128 neurons selected
KFSmoothBatchFullFeature: 128 neurons selected
KFSmoothBatchFullFeature: 128 neurons selected
KFSmoothBatchFullFeature: 128 neurons selected
KFSmoothBatchFullFeature: 128 neurons selected
KFSmoothBatchFullFeature: 128 neurons selected
KFSmoothBatchFullFeature: 128 neurons selected
KFSmoothBatchFullFeature: 128 neurons selected
KFSmoothBatchFullFeature: 128 neurons selected
KFSmoothBatchFullFeature: 128 neurons selected
KFSmoothBatchFullFeature: 128 neurons selected
KFSmoothBatchFullFeature: 128 neurons selected
KFSmoothBatchFullFeature: 128 neurons selected
KFSmoothBatchFullFeature: 128 neurons selected
KFSmoothBatchFullFeature: 128 neurons selected
KFSmoothBatchFullFeature: 128 neurons selected
KFSmoothBatchFullFeature: 128 neurons selected
KFSmoothBatchFullFeature: 128 neurons selected
KFSmoothBatchFullFeature: 128 neurons selected
KFSmoothBatchFullFeature: 128 neurons selected
KFSmoothBatchFullFeature: 128 neurons selected
KFSmoothBatchFullFeature: 128 neurons selected
KFSmoothBatchFullFeature: 128 neurons selected
KFSmoothBatchFullFeature: 128 neurons selected
KFSmoothBatchFullFeature: 128 neurons selected
KFSmoothBatchFullFeature: 128 neurons selected
KFSmoothBatchFullFeature: 128 neurons selected
KFSmoothBatchFullFeature: 128 neurons selected
KFSmoothBatchFullFeature: 128 neurons selected
KFSmoothBatchFullFeature: 128 neurons selected
KFSmoothBatchFullFeature: 128 neurons selected
KFSmoothBatchFullFeature: 128 neurons selected
KFSmoothBatchFullFeature: 128 neurons selected
KFSmoothBatchFullFeature: 128 neurons selected
KFSmoothBatchFullFeature: 128 neurons selected
KFSmoothBatchFullFeature: 128 neurons selected
KFSmoothBatchFullFeature: 128 neurons selected
KFSmoothBatchFullFeature: 128 neurons selected
KFSmoothBatchFullFeature: 128 neurons selected
KFSmoothBatchFullFeature: 128 neurons selected
KFSmoothBatchFullFeature: 128 neurons selected
KFSmoothBatchFullFeature: 128 neurons selected
KFSmoothBatchFullFeature: 128 neurons selected
KFSmoothBatchFullFeature: 128 neurons selected
KFSmoothBatchFullFeature: 128 neurons selected
KFSmoothBatchFullFeature: 128 neurons selected
KFSmoothBatchFullFeature: 128 neurons selected
KFSmoothBatchFullFeature: 128 neurons selected
KFSmoothBatchFullFeature: 128 neurons selected
KFSmoothBatchFullFeature: 128 neurons selected
KFSmoothBatchFullFeature: 128 neurons selected
KFSmoothBatchFullFeature: 128 neurons selected
KFSmoothBatchFullFeature: 128 neurons selected
KFSmoothBatchFullFeature: 128 neurons selected
KFSmoothBatchFullFeature: 128 neurons selected
KFSmoothBatchFullFeature: 128 neurons selected
KFSmoothBatchFullFeature: 128 neurons selected
KFSmoothBatchFullFeature: 128 neurons selected
KFSmoothBatchFullFeature: 128 neurons selected
KFSmoothBatchFullFeature: 128 neurons selected
KFSmoothBatchFullFeature: 128 neurons selected
KFSmoothBatchFullFeature: 128 neurons selected
KFSmoothBatchFullFeature: 128 neurons selected
KFSmoothBatchFullFeature: 128 neurons selected
KFSmoothBatchFullFeature: 128 neurons selected
KFSmoothBatchFullFeature: 128 neurons selected
KFSmoothBatchFullFeature: 128 neurons selected
KFSmoothBatchFullFeature: 128 neurons selected
KFSmoothBatchFullFeature: 128 neurons selected
KFSmoothBatchFullFeature: 128 neurons selected
finish  at cycle_count: 72000
..........................HDFWriter: Saving datafile to /tmp/tmpvzjxziat.h5
HDFWriter: opening file
HDFWriter registered 'sync_events'
HDFWriter registered 'sync_clock'
HDFWriter registered 'trials'
HDFWriter registered 'task'
Closed hdf
ended datasink
0
exit
end of FSM.run, task state is None
wait for 10s for hdf file to save
saving feature selection file name to /tmp/tmpvzjxziat.h5
Writing new group: /feature_selection
Added feat_set
Added C_mat
Added Q_diag
Added K_mat
Done!
saving lasso feature selection file name to /tmp/tmpvzjxziat.h5
Writing new group: /lasso_feature_selection
Added lasso_hist
Done!
Finished running  lasso_1.0_0_noise_32_128_100_3_clda_rho_0.5_batchlen_100_lasso_alpha_10_lasso_threshold_1_same_smooth_batch_with_full_feature
***********************************************************
***********************************************************

cp /tmp/tmpvzjxziat.h5 /home/aolab/sijia/data/figure3_lasso/lasso_1.0_0_noise_32_128_100_3_clda_rho_0.5_batchlen_100_lasso_alpha_10_lasso_threshold_1_same_smooth_batch_with_full_feature.h5
cp /tmp/tmpvzjxziat.h5.p /home/aolab/sijia/data/figure3_lasso/lasso_1.0_0_noise_32_128_100_3_clda_rho_0.5_batchlen_100_lasso_alpha_10_lasso_threshold_1_same_smooth_batch_with_full_feature.p
we have experimental conditions ['lasso_1.0_0_noise_32_128_100_3_clda_rho_0.5_batchlen_100_lasso_alpha_10_lasso_threshold_1_shuffle_rows']
simulation_setup_functions: get_enc_setup has a tuning_level of 1 

simulation_runs: set base class 
simulation_runs: selected SimKFDecoderRandom 

simulation_runs: set up encoder change with shuffle_rows
kwargs will be updated in a later time
the feature adaptation project is tracking dict_keys(['transform_x_flag', 'transform_y_flag', 'n_starting_feats', 'n_states', 'train_high_SNR_time', 'lasso_alpha', 'lasso_threshold', 'adaptive_lasso_flag', 'number_of_features', 'change_sim_c_at_cycle', 'new_sim_c']) 
we have got 1 exps

features.simulation_features.SimIntentionLQRController: LQRController used 


 features.simulation_features.SimFeedbackLearner: start to create a sim leaner with a batchsize of 100
features.simulation_features.SimSmoothBatch: rho in this simulation is  0.5

Use feature selector as a class feature with a a parent class
finished executing Experiment.__init__
in feature selector mod
use user supplied features
feature init: [array([False, False,  True, False, False, False, False,  True,  True,
       False,  True, False, False,  True, False, False,  True, False,
       False, False, False, False,  True, False,  True, False,  True,
       False, False, False,  True, False, False,  True, False, False,
       False, False, False, False,  True, False, False, False, False,
       False, False, False,  True, False,  True,  True, False, False,
       False, False, False, False, False,  True,  True, False, False,
       False, False, False, False, False,  True, False, False, False,
       False,  True, False, False, False, False, False, False, False,
       False, False, False, False, False,  True, False, False,  True,
        True,  True, False, False,  True, False,  True, False, False,
        True, False,  True, False, False, False, False, False, False,
        True, False, False, False, False, False, False, False, False,
       False,  True, False, False,  True,  True, False, False, False,
       False,  True])]
feature selector: add initial decoder weights
feature_selection_feature: initialized lasso regression with an alpha of 10 and a max number of iteration of 10000
<class 'features.simulation_features.SimCosineTunedEncWithNoise'>: added CosineTunedEncWithNoise 
TimeCountDown: assume  fps to be 60
finished instantiated experiment 0




 using encoder with additional noises  State space: ['hand_px', 'hand_py', 'hand_pz', 'hand_vx', 'hand_vy', 'hand_vz', 'offset'] 

<bound method GenericCosEncWithNoise._gen_fixed_gaussian_noise of <riglib.bmi.sim_neurons.GenericCosEncWithNoise object at 0x7fae75a70c70>>
neural encoder init function  <SimpleTargetCaptureWithHold(Thread-3, initial)>
features.simulation_features: added tracking of K matrix
sinkmanager start <class 'hdfwriter.hdfwriter.HDFWriter'>
Traceback (most recent call last):
  File "/home/aolab/sijia/brain-python-interface/riglib/bmi/bmi.py", line 1342, in cleanup_hdf
    self.write_clda_data_to_hdf_table(
  File "/home/aolab/sijia/brain-python-interface/riglib/bmi/bmi.py", line 1367, in write_clda_data_to_hdf_table
    log_file = open(os.path.expandvars('$HOME/code/bmi3d/log/clda_hdf_log'), 'a')
FileNotFoundError: [Errno 2] No such file or directory: '/home/aolab/code/bmi3d/log/clda_hdf_log'
/home/aolab/miniconda3/envs/sijia-feature-analysis/lib/python3.8/site-packages/aopy/preproc/bmi3d.py:382: UserWarning: Warning: no sync clock connected! This will usually result in problems.
  warnings.warn("Warning: no sync clock connected! This will usually result in problems.")
/home/aolab/miniconda3/envs/sijia-feature-analysis/lib/python3.8/site-packages/aopy/preproc/bmi3d.py:449: UserWarning: No sync events present, using bmi3d events instead
  warnings.warn("No sync events present, using bmi3d events instead")
<bmimultitasks.SimpleEndpointAssister object at 0x7fae75284580>
features.simulation_features: batch size is 100
Reset states for learner: 
[]
Done states for learner: 
[]

features.simulation_features.SimFeedbackLearner: flip the self.learn_flag to true
features.simulation_features.SimFeedbackLearner: succussfully created a feedback controller learner


SimSmoothBatch: created an updater with a batch time of 1 and a half_life of 1.0 

..........................finished initialize experiement  0
select_decoder_features: first time (128, 7) (128, 7)
active feature set is [False False  True False False False False  True  True False  True False
 False  True False False  True False False False False False  True False
  True False  True False False False  True False False  True False False
 False False False False  True False False False False False False False
  True False  True  True False False False False False False False  True
  True False False False False False False False  True False False False
 False  True False False False False False False False False False False
 False False  True False False  True  True  True False False  True False
  True False False  True False  True False False False False False False
  True False False False False False False False False False  True False
 False  True  True False False False False  True]
after trans: (32, 7)
after trans: (32, 32)
decoder change flag to false
assist_level at final value after 0 successful trials
Warning: Cannot sync more than 1 event per cycle
Overwriting [b'EXP_START'] with TARGET_ON event
decoder does not change here at 600
decoder does not change here at 1200
decoder does not change here at 1800
decoder does not change here at 2400
decoder does not change here at 3000
decoder does not change here at 3600
decoder does not change here at 4200
decoder does not change here at 4800
observations have counts >> 1000 
decoder does not change here at 5400
decoder does not change here at 6000
decoder does not change here at 6600
decoder does not change here at 7200
observations have counts >> 1000 
decoder does not change here at 7800
observations have counts >> 1000 
decoder does not change here at 8400
observations have counts >> 1000 
decoder does not change here at 9000
decoder does not change here at 9600
decoder does not change here at 10200
decoder does not change here at 10800
decoder does not change here at 11400
decoder does not change here at 12000
decoder does not change here at 12600
decoder does not change here at 13200
decoder does not change here at 13800
decoder does not change here at 14400
decoder does not change here at 15000
decoder does not change here at 15600
observations have counts >> 1000 
observations have counts >> 1000 
decoder does not change here at 16200
observations have counts >> 1000 
observations have counts >> 1000 
decoder does not change here at 16800
decoder does not change here at 17400
decoder does not change here at 18000

 using encoder with additional noises  State space: ['hand_px', 'hand_py', 'hand_pz', 'hand_vx', 'hand_vy', 'hand_vz', 'offset'] 

<bound method GenericCosEncWithNoise._gen_fixed_gaussian_noise of <riglib.bmi.sim_neurons.GenericCosEncWithNoise object at 0x7fae740acdf0>>
changed encoder at cycle 18000
observations have counts >> 1000 
decoder does not change here at 18600
observations have counts >> 1000 
decoder does not change here at 19200
decoder does not change here at 19800
observations have counts >> 1000 
decoder does not change here at 20400
decoder does not change here at 21000
decoder does not change here at 21600
decoder does not change here at 22200
decoder does not change here at 22800
decoder does not change here at 23400
decoder does not change here at 24000
decoder does not change here at 24600
decoder does not change here at 25200
decoder does not change here at 25800
decoder does not change here at 26400
observations have counts >> 1000 
decoder does not change here at 27000
decoder does not change here at 27600
observations have counts >> 1000 
observations have counts >> 1000 
observations have counts >> 1000 
observations have counts >> 1000 
decoder does not change here at 28200
decoder does not change here at 28800
decoder does not change here at 29400
decoder does not change here at 30000
decoder does not change here at 30600
observations have counts >> 1000 
observations have counts >> 1000 
decoder does not change here at 31200
decoder does not change here at 31800
decoder does not change here at 32400
decoder does not change here at 33000
decoder does not change here at 33600
decoder does not change here at 34200
decoder does not change here at 34800
decoder does not change here at 35400
observations have counts >> 1000 
decoder does not change here at 36000
decoder does not change here at 36600
decoder does not change here at 37200
decoder does not change here at 37800
decoder does not change here at 38400
decoder does not change here at 39000
decoder does not change here at 39600
decoder does not change here at 40200
decoder does not change here at 40800
decoder does not change here at 41400
decoder does not change here at 42000
decoder does not change here at 42600
decoder does not change here at 43200
decoder does not change here at 43800
observations have counts >> 1000 
decoder does not change here at 44400
decoder does not change here at 45000
decoder does not change here at 45600
decoder does not change here at 46200
decoder does not change here at 46800
decoder does not change here at 47400
decoder does not change here at 48000
observations have counts >> 1000 
decoder does not change here at 48600
decoder does not change here at 49200
decoder does not change here at 49800
decoder does not change here at 50400
decoder does not change here at 51000
decoder does not change here at 51600
decoder does not change here at 52200
decoder does not change here at 52800
decoder does not change here at 53400
decoder does not change here at 54000
decoder does not change here at 54600
decoder does not change here at 55200
decoder does not change here at 55800
decoder does not change here at 56400
decoder does not change here at 57000
decoder does not change here at 57600
decoder does not change here at 58200
decoder does not change here at 58800
decoder does not change here at 59400
decoder does not change here at 60000
decoder does not change here at 60600
decoder does not change here at 61200
decoder does not change here at 61800
decoder does not change here at 62400
decoder does not change here at 63000
decoder does not change here at 63600
decoder does not change here at 64200
decoder does not change here at 64800
decoder does not change here at 65400
decoder does not change here at 66000
decoder does not change here at 66600
decoder does not change here at 67200
observations have counts >> 1000 
observations have counts >> 1000 
observations have counts >> 1000 
decoder does not change here at 67800
decoder does not change here at 68400
decoder does not change here at 69000
decoder does not change here at 69600
decoder does not change here at 70200
decoder does not change here at 70800
decoder does not change here at 71400
decoder does not change here at 72000
finish  at cycle_count: 72000
..........................HDFWriter: Saving datafile to /tmp/tmpo68ndxr9.h5
HDFWriter: opening file
HDFWriter registered 'sync_events'
HDFWriter registered 'sync_clock'
HDFWriter registered 'trials'
HDFWriter registered 'task'
Closed hdf
ended datasink
0
exit
end of FSM.run, task state is None
wait for 10s for hdf file to save
saving feature selection file name to /tmp/tmpo68ndxr9.h5
Writing new group: /feature_selection
Added feat_set
Added C_mat
Added Q_diag
Added K_mat
Done!
saving lasso feature selection file name to /tmp/tmpo68ndxr9.h5
Writing new group: /lasso_feature_selection
Added lasso_hist
Done!
Finished running  lasso_1.0_0_noise_32_128_100_3_clda_rho_0.5_batchlen_100_lasso_alpha_10_lasso_threshold_1_shuffle_rows
***********************************************************
***********************************************************

cp /tmp/tmpo68ndxr9.h5 /home/aolab/sijia/data/figure3_lasso/lasso_1.0_0_noise_32_128_100_3_clda_rho_0.5_batchlen_100_lasso_alpha_10_lasso_threshold_1_shuffle_rows.h5
cp /tmp/tmpo68ndxr9.h5.p /home/aolab/sijia/data/figure3_lasso/lasso_1.0_0_noise_32_128_100_3_clda_rho_0.5_batchlen_100_lasso_alpha_10_lasso_threshold_1_shuffle_rows.p
we have experimental conditions ['lasso_1.0_0_noise_32_128_100_3_clda_rho_0.5_batchlen_100_lasso_alpha_10_lasso_threshold_1_shuffle_rows_smooth_batch_with_full_feature']
simulation_setup_functions: get_enc_setup has a tuning_level of 1 

simulation_runs: set base class 
simulation_runs: selected SimKFDecoderRandom 

simulation_runs: set up encoder change with shuffle_rows
kwargs will be updated in a later time
the feature adaptation project is tracking dict_keys(['transform_x_flag', 'transform_y_flag', 'n_starting_feats', 'n_states', 'train_high_SNR_time', 'lasso_alpha', 'lasso_threshold', 'adaptive_lasso_flag', 'number_of_features', 'change_sim_c_at_cycle', 'new_sim_c']) 
we have got 1 exps

features.simulation_features.SimIntentionLQRController: LQRController used 


 features.simulation_features.SimFeedbackLearner: start to create a sim leaner with a batchsize of 100
features.simulation_features.SimSmoothBatch: rho in this simulation is  0.5

Use feature selector as a class feature with a a parent class
finished executing Experiment.__init__
in feature selector mod
use user supplied features
feature init: [array([False, False,  True, False, False, False, False,  True,  True,
       False,  True, False, False,  True, False, False,  True, False,
       False, False, False, False,  True, False,  True, False,  True,
       False, False, False,  True, False, False,  True, False, False,
       False, False, False, False,  True, False, False, False, False,
       False, False, False,  True, False,  True,  True, False, False,
       False, False, False, False, False,  True,  True, False, False,
       False, False, False, False, False,  True, False, False, False,
       False,  True, False, False, False, False, False, False, False,
       False, False, False, False, False,  True, False, False,  True,
        True,  True, False, False,  True, False,  True, False, False,
        True, False,  True, False, False, False, False, False, False,
        True, False, False, False, False, False, False, False, False,
       False,  True, False, False,  True,  True, False, False, False,
       False,  True])]
feature selector: add initial decoder weights
feature_selection_feature: initialized lasso regression with an alpha of 10 and a max number of iteration of 10000
<class 'features.simulation_features.SimCosineTunedEncWithNoise'>: added CosineTunedEncWithNoise 
TimeCountDown: assume  fps to be 60
finished instantiated experiment 0




 using encoder with additional noises  State space: ['hand_px', 'hand_py', 'hand_pz', 'hand_vx', 'hand_vy', 'hand_vz', 'offset'] 

<bound method GenericCosEncWithNoise._gen_fixed_gaussian_noise of <riglib.bmi.sim_neurons.GenericCosEncWithNoise object at 0x7fae737b58b0>>
neural encoder init function  <SimpleTargetCaptureWithHold(Thread-4, initial)>
features.simulation_features: added tracking of K matrix
sinkmanager start <class 'hdfwriter.hdfwriter.HDFWriter'>
Traceback (most recent call last):
  File "/home/aolab/sijia/brain-python-interface/riglib/bmi/bmi.py", line 1342, in cleanup_hdf
    self.write_clda_data_to_hdf_table(
  File "/home/aolab/sijia/brain-python-interface/riglib/bmi/bmi.py", line 1367, in write_clda_data_to_hdf_table
    log_file = open(os.path.expandvars('$HOME/code/bmi3d/log/clda_hdf_log'), 'a')
FileNotFoundError: [Errno 2] No such file or directory: '/home/aolab/code/bmi3d/log/clda_hdf_log'
/home/aolab/miniconda3/envs/sijia-feature-analysis/lib/python3.8/site-packages/aopy/preproc/bmi3d.py:382: UserWarning: Warning: no sync clock connected! This will usually result in problems.
  warnings.warn("Warning: no sync clock connected! This will usually result in problems.")
/home/aolab/miniconda3/envs/sijia-feature-analysis/lib/python3.8/site-packages/aopy/preproc/bmi3d.py:449: UserWarning: No sync events present, using bmi3d events instead
  warnings.warn("No sync events present, using bmi3d events instead")
<bmimultitasks.SimpleEndpointAssister object at 0x7fae73781b50>
features.simulation_features: batch size is 100
Reset states for learner: 
[]
Done states for learner: 
[]

features.simulation_features.SimFeedbackLearner: flip the self.learn_flag to true
features.simulation_features.SimFeedbackLearner: succussfully created a feedback controller learner


SimSmoothBatchFullFeature: created a FULL FEATURE updater with a batch time of 1 and a half_life of 1.0 

..........................finished initialize experiement  0
select_decoder_features: first time (128, 7) (128, 7)
active feature set is [False False  True False False False False  True  True False  True False
 False  True False False  True False False False False False  True False
  True False  True False False False  True False False  True False False
 False False False False  True False False False False False False False
  True False  True  True False False False False False False False  True
  True False False False False False False False  True False False False
 False  True False False False False False False False False False False
 False False  True False False  True  True  True False False  True False
  True False False  True False  True False False False False False False
  True False False False False False False False False False  True False
 False  True  True False False False False  True]
after trans: (32, 7)
after trans: (32, 32)
decoder change flag to false
assist_level at final value after 0 successful trials
Warning: Cannot sync more than 1 event per cycle
Overwriting [b'EXP_START'] with TARGET_ON event
KFSmoothBatchFullFeature: 128 neurons selected
KFSmoothBatchFullFeature: 128 neurons selected
KFSmoothBatchFullFeature: 128 neurons selected
KFSmoothBatchFullFeature: 128 neurons selected
KFSmoothBatchFullFeature: 128 neurons selected
KFSmoothBatchFullFeature: 128 neurons selected
KFSmoothBatchFullFeature: 128 neurons selected
KFSmoothBatchFullFeature: 128 neurons selected
KFSmoothBatchFullFeature: 128 neurons selected
KFSmoothBatchFullFeature: 128 neurons selected
KFSmoothBatchFullFeature: 128 neurons selected
KFSmoothBatchFullFeature: 128 neurons selected
KFSmoothBatchFullFeature: 128 neurons selected
KFSmoothBatchFullFeature: 128 neurons selected
KFSmoothBatchFullFeature: 128 neurons selected
KFSmoothBatchFullFeature: 128 neurons selected
KFSmoothBatchFullFeature: 128 neurons selected
KFSmoothBatchFullFeature: 128 neurons selected
KFSmoothBatchFullFeature: 128 neurons selected
KFSmoothBatchFullFeature: 128 neurons selected
KFSmoothBatchFullFeature: 128 neurons selected
KFSmoothBatchFullFeature: 128 neurons selected
KFSmoothBatchFullFeature: 128 neurons selected
KFSmoothBatchFullFeature: 128 neurons selected
KFSmoothBatchFullFeature: 128 neurons selected
KFSmoothBatchFullFeature: 128 neurons selected
KFSmoothBatchFullFeature: 128 neurons selected
KFSmoothBatchFullFeature: 128 neurons selected
KFSmoothBatchFullFeature: 128 neurons selected
KFSmoothBatchFullFeature: 128 neurons selected

 using encoder with additional noises  State space: ['hand_px', 'hand_py', 'hand_pz', 'hand_vx', 'hand_vy', 'hand_vz', 'offset'] 

<bound method GenericCosEncWithNoise._gen_fixed_gaussian_noise of <riglib.bmi.sim_neurons.GenericCosEncWithNoise object at 0x7fae740f1490>>
changed encoder at cycle 18000
KFSmoothBatchFullFeature: 128 neurons selected
KFSmoothBatchFullFeature: 128 neurons selected
KFSmoothBatchFullFeature: 128 neurons selected
KFSmoothBatchFullFeature: 128 neurons selected
KFSmoothBatchFullFeature: 128 neurons selected
KFSmoothBatchFullFeature: 128 neurons selected
KFSmoothBatchFullFeature: 128 neurons selected
KFSmoothBatchFullFeature: 128 neurons selected
KFSmoothBatchFullFeature: 128 neurons selected
KFSmoothBatchFullFeature: 128 neurons selected
KFSmoothBatchFullFeature: 128 neurons selected
KFSmoothBatchFullFeature: 128 neurons selected
KFSmoothBatchFullFeature: 128 neurons selected
KFSmoothBatchFullFeature: 128 neurons selected
KFSmoothBatchFullFeature: 128 neurons selected
KFSmoothBatchFullFeature: 128 neurons selected
KFSmoothBatchFullFeature: 128 neurons selected
KFSmoothBatchFullFeature: 128 neurons selected
KFSmoothBatchFullFeature: 128 neurons selected
KFSmoothBatchFullFeature: 128 neurons selected
KFSmoothBatchFullFeature: 128 neurons selected
KFSmoothBatchFullFeature: 128 neurons selected
KFSmoothBatchFullFeature: 128 neurons selected
KFSmoothBatchFullFeature: 128 neurons selected
KFSmoothBatchFullFeature: 128 neurons selected
KFSmoothBatchFullFeature: 128 neurons selected
KFSmoothBatchFullFeature: 128 neurons selected
KFSmoothBatchFullFeature: 128 neurons selected
KFSmoothBatchFullFeature: 128 neurons selected
KFSmoothBatchFullFeature: 128 neurons selected
KFSmoothBatchFullFeature: 128 neurons selected
KFSmoothBatchFullFeature: 128 neurons selected
KFSmoothBatchFullFeature: 128 neurons selected
KFSmoothBatchFullFeature: 128 neurons selected
KFSmoothBatchFullFeature: 128 neurons selected
KFSmoothBatchFullFeature: 128 neurons selected
KFSmoothBatchFullFeature: 128 neurons selected
KFSmoothBatchFullFeature: 128 neurons selected
KFSmoothBatchFullFeature: 128 neurons selected
KFSmoothBatchFullFeature: 128 neurons selected
KFSmoothBatchFullFeature: 128 neurons selected
KFSmoothBatchFullFeature: 128 neurons selected
KFSmoothBatchFullFeature: 128 neurons selected
KFSmoothBatchFullFeature: 128 neurons selected
KFSmoothBatchFullFeature: 128 neurons selected
KFSmoothBatchFullFeature: 128 neurons selected
KFSmoothBatchFullFeature: 128 neurons selected
KFSmoothBatchFullFeature: 128 neurons selected
KFSmoothBatchFullFeature: 128 neurons selected
KFSmoothBatchFullFeature: 128 neurons selected
KFSmoothBatchFullFeature: 128 neurons selected
KFSmoothBatchFullFeature: 128 neurons selected
KFSmoothBatchFullFeature: 128 neurons selected
KFSmoothBatchFullFeature: 128 neurons selected
KFSmoothBatchFullFeature: 128 neurons selected
KFSmoothBatchFullFeature: 128 neurons selected
KFSmoothBatchFullFeature: 128 neurons selected
KFSmoothBatchFullFeature: 128 neurons selected
KFSmoothBatchFullFeature: 128 neurons selected
KFSmoothBatchFullFeature: 128 neurons selected
KFSmoothBatchFullFeature: 128 neurons selected
KFSmoothBatchFullFeature: 128 neurons selected
KFSmoothBatchFullFeature: 128 neurons selected
KFSmoothBatchFullFeature: 128 neurons selected
KFSmoothBatchFullFeature: 128 neurons selected
KFSmoothBatchFullFeature: 128 neurons selected
KFSmoothBatchFullFeature: 128 neurons selected
KFSmoothBatchFullFeature: 128 neurons selected
KFSmoothBatchFullFeature: 128 neurons selected
KFSmoothBatchFullFeature: 128 neurons selected
KFSmoothBatchFullFeature: 128 neurons selected
KFSmoothBatchFullFeature: 128 neurons selected
KFSmoothBatchFullFeature: 128 neurons selected
KFSmoothBatchFullFeature: 128 neurons selected
KFSmoothBatchFullFeature: 128 neurons selected
KFSmoothBatchFullFeature: 128 neurons selected
KFSmoothBatchFullFeature: 128 neurons selected
KFSmoothBatchFullFeature: 128 neurons selected
KFSmoothBatchFullFeature: 128 neurons selected
KFSmoothBatchFullFeature: 128 neurons selected
KFSmoothBatchFullFeature: 128 neurons selected
KFSmoothBatchFullFeature: 128 neurons selected
KFSmoothBatchFullFeature: 128 neurons selected
KFSmoothBatchFullFeature: 128 neurons selected
KFSmoothBatchFullFeature: 128 neurons selected
KFSmoothBatchFullFeature: 128 neurons selected
KFSmoothBatchFullFeature: 128 neurons selected
KFSmoothBatchFullFeature: 128 neurons selected
KFSmoothBatchFullFeature: 128 neurons selected
KFSmoothBatchFullFeature: 128 neurons selected
finish  at cycle_count: 72000
..........................HDFWriter: Saving datafile to /tmp/tmpcpqw2gac.h5
HDFWriter: opening file
HDFWriter registered 'sync_events'
HDFWriter registered 'sync_clock'
HDFWriter registered 'trials'
HDFWriter registered 'task'
Closed hdf
ended datasink
0
exit
end of FSM.run, task state is None
wait for 10s for hdf file to save
saving feature selection file name to /tmp/tmpcpqw2gac.h5
Writing new group: /feature_selection
Added feat_set
Added C_mat
Added Q_diag
Added K_mat
Done!
saving lasso feature selection file name to /tmp/tmpcpqw2gac.h5
Writing new group: /lasso_feature_selection
Added lasso_hist
Done!
Finished running  lasso_1.0_0_noise_32_128_100_3_clda_rho_0.5_batchlen_100_lasso_alpha_10_lasso_threshold_1_shuffle_rows_smooth_batch_with_full_feature
***********************************************************
***********************************************************

cp /tmp/tmpcpqw2gac.h5 /home/aolab/sijia/data/figure3_lasso/lasso_1.0_0_noise_32_128_100_3_clda_rho_0.5_batchlen_100_lasso_alpha_10_lasso_threshold_1_shuffle_rows_smooth_batch_with_full_feature.h5
cp /tmp/tmpcpqw2gac.h5.p /home/aolab/sijia/data/figure3_lasso/lasso_1.0_0_noise_32_128_100_3_clda_rho_0.5_batchlen_100_lasso_alpha_10_lasso_threshold_1_shuffle_rows_smooth_batch_with_full_feature.p
we have experimental conditions ['lasso_1.0_1_noise_32_128_100_3_clda_rho_0.5_batchlen_100_lasso_alpha_10_lasso_threshold_1_same']
simulation_setup_functions: get_enc_setup has a tuning_level of 1 

simulation_runs: set base class 
simulation_runs: selected SimKFDecoderRandom 

simulation_runs: set up encoder change with same
kwargs will be updated in a later time
the feature adaptation project is tracking dict_keys(['transform_x_flag', 'transform_y_flag', 'n_starting_feats', 'n_states', 'train_high_SNR_time', 'lasso_alpha', 'lasso_threshold', 'adaptive_lasso_flag', 'number_of_features', 'change_sim_c_at_cycle', 'new_sim_c']) 
we have got 1 exps

features.simulation_features.SimIntentionLQRController: LQRController used 


 features.simulation_features.SimFeedbackLearner: start to create a sim leaner with a batchsize of 100
features.simulation_features.SimSmoothBatch: rho in this simulation is  0.5

Use feature selector as a class feature with a a parent class
finished executing Experiment.__init__
in feature selector mod
use user supplied features
feature init: [array([False, False,  True, False,  True, False, False, False, False,
       False, False, False, False, False, False, False, False,  True,
       False, False, False, False, False, False, False, False, False,
       False, False, False, False,  True, False,  True, False,  True,
       False, False, False, False, False, False, False, False,  True,
       False,  True, False,  True, False, False,  True, False,  True,
        True,  True,  True, False, False,  True, False, False, False,
       False, False, False, False,  True, False, False, False, False,
       False, False, False, False, False, False, False, False,  True,
       False, False,  True, False, False, False, False, False, False,
       False, False,  True, False, False, False, False, False, False,
        True, False, False,  True,  True,  True, False,  True, False,
        True, False,  True, False, False,  True, False, False,  True,
       False,  True, False, False,  True,  True, False, False,  True,
       False, False])]
feature selector: add initial decoder weights
feature_selection_feature: initialized lasso regression with an alpha of 10 and a max number of iteration of 10000
<class 'features.simulation_features.SimCosineTunedEncWithNoise'>: added CosineTunedEncWithNoise 
TimeCountDown: assume  fps to be 60
finished instantiated experiment 0




 using encoder with additional noises  State space: ['hand_px', 'hand_py', 'hand_pz', 'hand_vx', 'hand_vy', 'hand_vz', 'offset'] 

<bound method GenericCosEncWithNoise._gen_fixed_gaussian_noise of <riglib.bmi.sim_neurons.GenericCosEncWithNoise object at 0x7fae740f3f70>>
neural encoder init function  <SimpleTargetCaptureWithHold(Thread-5, initial)>
features.simulation_features: added tracking of K matrix
sinkmanager start <class 'hdfwriter.hdfwriter.HDFWriter'>
Traceback (most recent call last):
  File "/home/aolab/sijia/brain-python-interface/riglib/bmi/bmi.py", line 1342, in cleanup_hdf
    self.write_clda_data_to_hdf_table(
  File "/home/aolab/sijia/brain-python-interface/riglib/bmi/bmi.py", line 1367, in write_clda_data_to_hdf_table
    log_file = open(os.path.expandvars('$HOME/code/bmi3d/log/clda_hdf_log'), 'a')
FileNotFoundError: [Errno 2] No such file or directory: '/home/aolab/code/bmi3d/log/clda_hdf_log'
/home/aolab/miniconda3/envs/sijia-feature-analysis/lib/python3.8/site-packages/aopy/preproc/bmi3d.py:382: UserWarning: Warning: no sync clock connected! This will usually result in problems.
  warnings.warn("Warning: no sync clock connected! This will usually result in problems.")
/home/aolab/miniconda3/envs/sijia-feature-analysis/lib/python3.8/site-packages/aopy/preproc/bmi3d.py:449: UserWarning: No sync events present, using bmi3d events instead
  warnings.warn("No sync events present, using bmi3d events instead")
<bmimultitasks.SimpleEndpointAssister object at 0x7faf7fbc8dc0>
features.simulation_features: batch size is 100
Reset states for learner: 
[]
Done states for learner: 
[]

features.simulation_features.SimFeedbackLearner: flip the self.learn_flag to true
features.simulation_features.SimFeedbackLearner: succussfully created a feedback controller learner


SimSmoothBatch: created an updater with a batch time of 1 and a half_life of 1.0 

..........................finished initialize experiement  0
select_decoder_features: first time (128, 7) (128, 7)
active feature set is [False False  True False  True False False False False False False False
 False False False False False  True False False False False False False
 False False False False False False False  True False  True False  True
 False False False False False False False False  True False  True False
  True False False  True False  True  True  True  True False False  True
 False False False False False False False  True False False False False
 False False False False False False False False  True False False  True
 False False False False False False False False  True False False False
 False False False  True False False  True  True  True False  True False
  True False  True False False  True False False  True False  True False
 False  True  True False False  True False False]
after trans: (32, 7)
after trans: (32, 32)
decoder change flag to false
assist_level at final value after 0 successful trials
Warning: Cannot sync more than 1 event per cycle
Overwriting [b'EXP_START'] with TARGET_ON event
decoder does not change here at 600
decoder does not change here at 1200
decoder does not change here at 1800
decoder does not change here at 2400
decoder does not change here at 3000
decoder does not change here at 3600
decoder does not change here at 4200
decoder does not change here at 4800
observations have counts >> 1000 
observations have counts >> 1000 
decoder does not change here at 5400
decoder does not change here at 6000
decoder does not change here at 6600
decoder does not change here at 7200
decoder does not change here at 7800
decoder does not change here at 8400
decoder does not change here at 9000
decoder does not change here at 9600
decoder does not change here at 10200
decoder does not change here at 10800
decoder does not change here at 11400
decoder does not change here at 12000
decoder does not change here at 12600
observations have counts >> 1000 
decoder does not change here at 13200
decoder does not change here at 13800
decoder does not change here at 14400
observations have counts >> 1000 
decoder does not change here at 15000
decoder does not change here at 15600
decoder does not change here at 16200
decoder does not change here at 16800
decoder does not change here at 17400
observations have counts >> 1000 
observations have counts >> 1000 
decoder does not change here at 18000

 using encoder with additional noises  State space: ['hand_px', 'hand_py', 'hand_pz', 'hand_vx', 'hand_vy', 'hand_vz', 'offset'] 

<bound method GenericCosEncWithNoise._gen_fixed_gaussian_noise of <riglib.bmi.sim_neurons.GenericCosEncWithNoise object at 0x7fae76b21b80>>
changed encoder at cycle 18000
decoder does not change here at 18600
decoder does not change here at 19200
decoder does not change here at 19800
decoder does not change here at 20400
decoder does not change here at 21000
decoder does not change here at 21600
decoder does not change here at 22200
decoder does not change here at 22800
decoder does not change here at 23400
decoder does not change here at 24000
observations have counts >> 1000 
decoder does not change here at 24600
decoder does not change here at 25200
decoder does not change here at 25800
decoder does not change here at 26400
decoder does not change here at 27000
decoder does not change here at 27600
decoder does not change here at 28200
decoder does not change here at 28800
decoder does not change here at 29400
decoder does not change here at 30000
decoder does not change here at 30600
decoder does not change here at 31200
observations have counts >> 1000 
decoder does not change here at 31800
decoder does not change here at 32400
decoder does not change here at 33000
decoder does not change here at 33600
observations have counts >> 1000 
decoder does not change here at 34200
decoder does not change here at 34800
decoder does not change here at 35400
decoder does not change here at 36000
decoder does not change here at 36600
decoder does not change here at 37200
decoder does not change here at 37800
decoder does not change here at 38400
decoder does not change here at 39000
decoder does not change here at 39600
decoder does not change here at 40200
decoder does not change here at 40800
decoder does not change here at 41400
decoder does not change here at 42000
decoder does not change here at 42600
decoder does not change here at 43200
decoder does not change here at 43800
observations have counts >> 1000 
decoder does not change here at 44400
decoder does not change here at 45000
decoder does not change here at 45600
observations have counts >> 1000 
observations have counts >> 1000 
decoder does not change here at 46200
decoder does not change here at 46800
decoder does not change here at 47400
decoder does not change here at 48000
decoder does not change here at 48600
decoder does not change here at 49200
observations have counts >> 1000 
observations have counts >> 1000 
observations have counts >> 1000 
decoder does not change here at 49800
decoder does not change here at 50400
decoder does not change here at 51000
decoder does not change here at 51600
observations have counts >> 1000 
observations have counts >> 1000 
decoder does not change here at 52200
decoder does not change here at 52800
observations have counts >> 1000 
observations have counts >> 1000 
decoder does not change here at 53400
decoder does not change here at 54000
decoder does not change here at 54600
observations have counts >> 1000 
observations have counts >> 1000 
decoder does not change here at 55200
decoder does not change here at 55800
decoder does not change here at 56400
decoder does not change here at 57000
decoder does not change here at 57600
decoder does not change here at 58200
decoder does not change here at 58800
observations have counts >> 1000 
decoder does not change here at 59400
decoder does not change here at 60000
decoder does not change here at 60600
decoder does not change here at 61200
decoder does not change here at 61800
decoder does not change here at 62400
observations have counts >> 1000 
observations have counts >> 1000 
observations have counts >> 1000 
observations have counts >> 1000 
observations have counts >> 1000 
decoder does not change here at 63000
decoder does not change here at 63600
decoder does not change here at 64200
decoder does not change here at 64800
decoder does not change here at 65400
observations have counts >> 1000 
observations have counts >> 1000 
decoder does not change here at 66000
decoder does not change here at 66600
decoder does not change here at 67200
decoder does not change here at 67800
decoder does not change here at 68400
decoder does not change here at 69000
decoder does not change here at 69600
decoder does not change here at 70200
decoder does not change here at 70800
observations have counts >> 1000 
decoder does not change here at 71400
decoder does not change here at 72000
finish  at cycle_count: 72000
..........................HDFWriter: Saving datafile to /tmp/tmp73xpyt40.h5
HDFWriter: opening file
HDFWriter registered 'sync_events'
HDFWriter registered 'sync_clock'
HDFWriter registered 'trials'
HDFWriter registered 'task'
Closed hdf
ended datasink
0
exit
end of FSM.run, task state is None
wait for 10s for hdf file to save
saving feature selection file name to /tmp/tmp73xpyt40.h5
Writing new group: /feature_selection
Added feat_set
Added C_mat
Added Q_diag
Added K_mat
Done!
saving lasso feature selection file name to /tmp/tmp73xpyt40.h5
Writing new group: /lasso_feature_selection
Added lasso_hist
Done!
Finished running  lasso_1.0_1_noise_32_128_100_3_clda_rho_0.5_batchlen_100_lasso_alpha_10_lasso_threshold_1_same
***********************************************************
***********************************************************

cp /tmp/tmp73xpyt40.h5 /home/aolab/sijia/data/figure3_lasso/lasso_1.0_1_noise_32_128_100_3_clda_rho_0.5_batchlen_100_lasso_alpha_10_lasso_threshold_1_same.h5
cp /tmp/tmp73xpyt40.h5.p /home/aolab/sijia/data/figure3_lasso/lasso_1.0_1_noise_32_128_100_3_clda_rho_0.5_batchlen_100_lasso_alpha_10_lasso_threshold_1_same.p
we have experimental conditions ['lasso_1.0_1_noise_32_128_100_3_clda_rho_0.5_batchlen_100_lasso_alpha_10_lasso_threshold_1_same_smooth_batch_with_full_feature']
simulation_setup_functions: get_enc_setup has a tuning_level of 1 

simulation_runs: set base class 
simulation_runs: selected SimKFDecoderRandom 

simulation_runs: set up encoder change with same
kwargs will be updated in a later time
the feature adaptation project is tracking dict_keys(['transform_x_flag', 'transform_y_flag', 'n_starting_feats', 'n_states', 'train_high_SNR_time', 'lasso_alpha', 'lasso_threshold', 'adaptive_lasso_flag', 'number_of_features', 'change_sim_c_at_cycle', 'new_sim_c']) 
we have got 1 exps

features.simulation_features.SimIntentionLQRController: LQRController used 


 features.simulation_features.SimFeedbackLearner: start to create a sim leaner with a batchsize of 100
features.simulation_features.SimSmoothBatch: rho in this simulation is  0.5

Use feature selector as a class feature with a a parent class
finished executing Experiment.__init__
in feature selector mod
use user supplied features
feature init: [array([False, False,  True, False,  True, False, False, False, False,
       False, False, False, False, False, False, False, False,  True,
       False, False, False, False, False, False, False, False, False,
       False, False, False, False,  True, False,  True, False,  True,
       False, False, False, False, False, False, False, False,  True,
       False,  True, False,  True, False, False,  True, False,  True,
        True,  True,  True, False, False,  True, False, False, False,
       False, False, False, False,  True, False, False, False, False,
       False, False, False, False, False, False, False, False,  True,
       False, False,  True, False, False, False, False, False, False,
       False, False,  True, False, False, False, False, False, False,
        True, False, False,  True,  True,  True, False,  True, False,
        True, False,  True, False, False,  True, False, False,  True,
       False,  True, False, False,  True,  True, False, False,  True,
       False, False])]
feature selector: add initial decoder weights
feature_selection_feature: initialized lasso regression with an alpha of 10 and a max number of iteration of 10000
<class 'features.simulation_features.SimCosineTunedEncWithNoise'>: added CosineTunedEncWithNoise 
TimeCountDown: assume  fps to be 60
finished instantiated experiment 0




 using encoder with additional noises  State space: ['hand_px', 'hand_py', 'hand_pz', 'hand_vx', 'hand_vy', 'hand_vz', 'offset'] 

<bound method GenericCosEncWithNoise._gen_fixed_gaussian_noise of <riglib.bmi.sim_neurons.GenericCosEncWithNoise object at 0x7faf7f81e9a0>>
neural encoder init function  <SimpleTargetCaptureWithHold(Thread-6, initial)>
features.simulation_features: added tracking of K matrix
sinkmanager start <class 'hdfwriter.hdfwriter.HDFWriter'>
Traceback (most recent call last):
  File "/home/aolab/sijia/brain-python-interface/riglib/bmi/bmi.py", line 1342, in cleanup_hdf
    self.write_clda_data_to_hdf_table(
  File "/home/aolab/sijia/brain-python-interface/riglib/bmi/bmi.py", line 1367, in write_clda_data_to_hdf_table
    log_file = open(os.path.expandvars('$HOME/code/bmi3d/log/clda_hdf_log'), 'a')
FileNotFoundError: [Errno 2] No such file or directory: '/home/aolab/code/bmi3d/log/clda_hdf_log'
/home/aolab/miniconda3/envs/sijia-feature-analysis/lib/python3.8/site-packages/aopy/preproc/bmi3d.py:382: UserWarning: Warning: no sync clock connected! This will usually result in problems.
  warnings.warn("Warning: no sync clock connected! This will usually result in problems.")
/home/aolab/miniconda3/envs/sijia-feature-analysis/lib/python3.8/site-packages/aopy/preproc/bmi3d.py:449: UserWarning: No sync events present, using bmi3d events instead
  warnings.warn("No sync events present, using bmi3d events instead")
<bmimultitasks.SimpleEndpointAssister object at 0x7fae74a81670>
features.simulation_features: batch size is 100
Reset states for learner: 
[]
Done states for learner: 
[]

features.simulation_features.SimFeedbackLearner: flip the self.learn_flag to true
features.simulation_features.SimFeedbackLearner: succussfully created a feedback controller learner


SimSmoothBatchFullFeature: created a FULL FEATURE updater with a batch time of 1 and a half_life of 1.0 

..........................finished initialize experiement  0
select_decoder_features: first time (128, 7) (128, 7)
active feature set is [False False  True False  True False False False False False False False
 False False False False False  True False False False False False False
 False False False False False False False  True False  True False  True
 False False False False False False False False  True False  True False
  True False False  True False  True  True  True  True False False  True
 False False False False False False False  True False False False False
 False False False False False False False False  True False False  True
 False False False False False False False False  True False False False
 False False False  True False False  True  True  True False  True False
  True False  True False False  True False False  True False  True False
 False  True  True False False  True False False]
after trans: (32, 7)
after trans: (32, 32)
decoder change flag to false
assist_level at final value after 0 successful trials
Warning: Cannot sync more than 1 event per cycle
Overwriting [b'EXP_START'] with TARGET_ON event
KFSmoothBatchFullFeature: 128 neurons selected
KFSmoothBatchFullFeature: 128 neurons selected
KFSmoothBatchFullFeature: 128 neurons selected
KFSmoothBatchFullFeature: 128 neurons selected
KFSmoothBatchFullFeature: 128 neurons selected
KFSmoothBatchFullFeature: 128 neurons selected
KFSmoothBatchFullFeature: 128 neurons selected
KFSmoothBatchFullFeature: 128 neurons selected
KFSmoothBatchFullFeature: 128 neurons selected
KFSmoothBatchFullFeature: 128 neurons selected
KFSmoothBatchFullFeature: 128 neurons selected
KFSmoothBatchFullFeature: 128 neurons selected
KFSmoothBatchFullFeature: 128 neurons selected
KFSmoothBatchFullFeature: 128 neurons selected
KFSmoothBatchFullFeature: 128 neurons selected
KFSmoothBatchFullFeature: 128 neurons selected
KFSmoothBatchFullFeature: 128 neurons selected
KFSmoothBatchFullFeature: 128 neurons selected
KFSmoothBatchFullFeature: 128 neurons selected
KFSmoothBatchFullFeature: 128 neurons selected
KFSmoothBatchFullFeature: 128 neurons selected
KFSmoothBatchFullFeature: 128 neurons selected
KFSmoothBatchFullFeature: 128 neurons selected
KFSmoothBatchFullFeature: 128 neurons selected
KFSmoothBatchFullFeature: 128 neurons selected
KFSmoothBatchFullFeature: 128 neurons selected
KFSmoothBatchFullFeature: 128 neurons selected
KFSmoothBatchFullFeature: 128 neurons selected
KFSmoothBatchFullFeature: 128 neurons selected
KFSmoothBatchFullFeature: 128 neurons selected

 using encoder with additional noises  State space: ['hand_px', 'hand_py', 'hand_pz', 'hand_vx', 'hand_vy', 'hand_vz', 'offset'] 

<bound method GenericCosEncWithNoise._gen_fixed_gaussian_noise of <riglib.bmi.sim_neurons.GenericCosEncWithNoise object at 0x7fae75a70c70>>
changed encoder at cycle 18000
KFSmoothBatchFullFeature: 128 neurons selected
KFSmoothBatchFullFeature: 128 neurons selected
KFSmoothBatchFullFeature: 128 neurons selected
KFSmoothBatchFullFeature: 128 neurons selected
KFSmoothBatchFullFeature: 128 neurons selected
KFSmoothBatchFullFeature: 128 neurons selected
KFSmoothBatchFullFeature: 128 neurons selected
KFSmoothBatchFullFeature: 128 neurons selected
KFSmoothBatchFullFeature: 128 neurons selected
KFSmoothBatchFullFeature: 128 neurons selected
KFSmoothBatchFullFeature: 128 neurons selected
KFSmoothBatchFullFeature: 128 neurons selected
KFSmoothBatchFullFeature: 128 neurons selected
KFSmoothBatchFullFeature: 128 neurons selected
KFSmoothBatchFullFeature: 128 neurons selected
KFSmoothBatchFullFeature: 128 neurons selected
KFSmoothBatchFullFeature: 128 neurons selected
KFSmoothBatchFullFeature: 128 neurons selected
KFSmoothBatchFullFeature: 128 neurons selected
KFSmoothBatchFullFeature: 128 neurons selected
KFSmoothBatchFullFeature: 128 neurons selected
KFSmoothBatchFullFeature: 128 neurons selected
KFSmoothBatchFullFeature: 128 neurons selected
KFSmoothBatchFullFeature: 128 neurons selected
KFSmoothBatchFullFeature: 128 neurons selected
KFSmoothBatchFullFeature: 128 neurons selected
KFSmoothBatchFullFeature: 128 neurons selected
KFSmoothBatchFullFeature: 128 neurons selected
KFSmoothBatchFullFeature: 128 neurons selected
KFSmoothBatchFullFeature: 128 neurons selected
KFSmoothBatchFullFeature: 128 neurons selected
KFSmoothBatchFullFeature: 128 neurons selected
KFSmoothBatchFullFeature: 128 neurons selected
KFSmoothBatchFullFeature: 128 neurons selected
KFSmoothBatchFullFeature: 128 neurons selected
KFSmoothBatchFullFeature: 128 neurons selected
KFSmoothBatchFullFeature: 128 neurons selected
KFSmoothBatchFullFeature: 128 neurons selected
KFSmoothBatchFullFeature: 128 neurons selected
KFSmoothBatchFullFeature: 128 neurons selected
KFSmoothBatchFullFeature: 128 neurons selected
KFSmoothBatchFullFeature: 128 neurons selected
KFSmoothBatchFullFeature: 128 neurons selected
KFSmoothBatchFullFeature: 128 neurons selected
KFSmoothBatchFullFeature: 128 neurons selected
KFSmoothBatchFullFeature: 128 neurons selected
KFSmoothBatchFullFeature: 128 neurons selected
KFSmoothBatchFullFeature: 128 neurons selected
KFSmoothBatchFullFeature: 128 neurons selected
KFSmoothBatchFullFeature: 128 neurons selected
KFSmoothBatchFullFeature: 128 neurons selected
KFSmoothBatchFullFeature: 128 neurons selected
KFSmoothBatchFullFeature: 128 neurons selected
KFSmoothBatchFullFeature: 128 neurons selected
KFSmoothBatchFullFeature: 128 neurons selected
KFSmoothBatchFullFeature: 128 neurons selected
KFSmoothBatchFullFeature: 128 neurons selected
KFSmoothBatchFullFeature: 128 neurons selected
KFSmoothBatchFullFeature: 128 neurons selected
KFSmoothBatchFullFeature: 128 neurons selected
KFSmoothBatchFullFeature: 128 neurons selected
KFSmoothBatchFullFeature: 128 neurons selected
KFSmoothBatchFullFeature: 128 neurons selected
KFSmoothBatchFullFeature: 128 neurons selected
KFSmoothBatchFullFeature: 128 neurons selected
KFSmoothBatchFullFeature: 128 neurons selected
KFSmoothBatchFullFeature: 128 neurons selected
KFSmoothBatchFullFeature: 128 neurons selected
KFSmoothBatchFullFeature: 128 neurons selected
KFSmoothBatchFullFeature: 128 neurons selected
KFSmoothBatchFullFeature: 128 neurons selected
KFSmoothBatchFullFeature: 128 neurons selected
KFSmoothBatchFullFeature: 128 neurons selected
KFSmoothBatchFullFeature: 128 neurons selected
KFSmoothBatchFullFeature: 128 neurons selected
KFSmoothBatchFullFeature: 128 neurons selected
KFSmoothBatchFullFeature: 128 neurons selected
KFSmoothBatchFullFeature: 128 neurons selected
KFSmoothBatchFullFeature: 128 neurons selected
KFSmoothBatchFullFeature: 128 neurons selected
KFSmoothBatchFullFeature: 128 neurons selected
KFSmoothBatchFullFeature: 128 neurons selected
KFSmoothBatchFullFeature: 128 neurons selected
KFSmoothBatchFullFeature: 128 neurons selected
KFSmoothBatchFullFeature: 128 neurons selected
KFSmoothBatchFullFeature: 128 neurons selected
KFSmoothBatchFullFeature: 128 neurons selected
KFSmoothBatchFullFeature: 128 neurons selected
KFSmoothBatchFullFeature: 128 neurons selected
KFSmoothBatchFullFeature: 128 neurons selected
finish  at cycle_count: 72000
..........................HDFWriter: Saving datafile to /tmp/tmp81to3wbu.h5
HDFWriter: opening file
HDFWriter registered 'sync_events'
HDFWriter registered 'sync_clock'
HDFWriter registered 'trials'
HDFWriter registered 'task'
Closed hdf
ended datasink
0
exit
end of FSM.run, task state is None
wait for 10s for hdf file to save
saving feature selection file name to /tmp/tmp81to3wbu.h5
Writing new group: /feature_selection
Added feat_set
Added C_mat
Added Q_diag
Added K_mat
Done!
saving lasso feature selection file name to /tmp/tmp81to3wbu.h5
Writing new group: /lasso_feature_selection
Added lasso_hist
Done!
Finished running  lasso_1.0_1_noise_32_128_100_3_clda_rho_0.5_batchlen_100_lasso_alpha_10_lasso_threshold_1_same_smooth_batch_with_full_feature
***********************************************************
***********************************************************

cp /tmp/tmp81to3wbu.h5 /home/aolab/sijia/data/figure3_lasso/lasso_1.0_1_noise_32_128_100_3_clda_rho_0.5_batchlen_100_lasso_alpha_10_lasso_threshold_1_same_smooth_batch_with_full_feature.h5
cp /tmp/tmp81to3wbu.h5.p /home/aolab/sijia/data/figure3_lasso/lasso_1.0_1_noise_32_128_100_3_clda_rho_0.5_batchlen_100_lasso_alpha_10_lasso_threshold_1_same_smooth_batch_with_full_feature.p
we have experimental conditions ['lasso_1.0_1_noise_32_128_100_3_clda_rho_0.5_batchlen_100_lasso_alpha_10_lasso_threshold_1_shuffle_rows']
simulation_setup_functions: get_enc_setup has a tuning_level of 1 

simulation_runs: set base class 
simulation_runs: selected SimKFDecoderRandom 

simulation_runs: set up encoder change with shuffle_rows
kwargs will be updated in a later time
the feature adaptation project is tracking dict_keys(['transform_x_flag', 'transform_y_flag', 'n_starting_feats', 'n_states', 'train_high_SNR_time', 'lasso_alpha', 'lasso_threshold', 'adaptive_lasso_flag', 'number_of_features', 'change_sim_c_at_cycle', 'new_sim_c']) 
we have got 1 exps

features.simulation_features.SimIntentionLQRController: LQRController used 


 features.simulation_features.SimFeedbackLearner: start to create a sim leaner with a batchsize of 100
features.simulation_features.SimSmoothBatch: rho in this simulation is  0.5

Use feature selector as a class feature with a a parent class
finished executing Experiment.__init__
in feature selector mod
use user supplied features
feature init: [array([False, False,  True, False,  True, False, False, False, False,
       False, False, False, False, False, False, False, False,  True,
       False, False, False, False, False, False, False, False, False,
       False, False, False, False,  True, False,  True, False,  True,
       False, False, False, False, False, False, False, False,  True,
       False,  True, False,  True, False, False,  True, False,  True,
        True,  True,  True, False, False,  True, False, False, False,
       False, False, False, False,  True, False, False, False, False,
       False, False, False, False, False, False, False, False,  True,
       False, False,  True, False, False, False, False, False, False,
       False, False,  True, False, False, False, False, False, False,
        True, False, False,  True,  True,  True, False,  True, False,
        True, False,  True, False, False,  True, False, False,  True,
       False,  True, False, False,  True,  True, False, False,  True,
       False, False])]
feature selector: add initial decoder weights
feature_selection_feature: initialized lasso regression with an alpha of 10 and a max number of iteration of 10000
<class 'features.simulation_features.SimCosineTunedEncWithNoise'>: added CosineTunedEncWithNoise 
TimeCountDown: assume  fps to be 60
finished instantiated experiment 0




 using encoder with additional noises  State space: ['hand_px', 'hand_py', 'hand_pz', 'hand_vx', 'hand_vy', 'hand_vz', 'offset'] 

<bound method GenericCosEncWithNoise._gen_fixed_gaussian_noise of <riglib.bmi.sim_neurons.GenericCosEncWithNoise object at 0x7fae740f3b80>>
neural encoder init function  <SimpleTargetCaptureWithHold(Thread-7, initial)>
features.simulation_features: added tracking of K matrix
sinkmanager start <class 'hdfwriter.hdfwriter.HDFWriter'>
Traceback (most recent call last):
  File "/home/aolab/sijia/brain-python-interface/riglib/bmi/bmi.py", line 1342, in cleanup_hdf
    self.write_clda_data_to_hdf_table(
  File "/home/aolab/sijia/brain-python-interface/riglib/bmi/bmi.py", line 1367, in write_clda_data_to_hdf_table
    log_file = open(os.path.expandvars('$HOME/code/bmi3d/log/clda_hdf_log'), 'a')
FileNotFoundError: [Errno 2] No such file or directory: '/home/aolab/code/bmi3d/log/clda_hdf_log'
/home/aolab/miniconda3/envs/sijia-feature-analysis/lib/python3.8/site-packages/aopy/preproc/bmi3d.py:382: UserWarning: Warning: no sync clock connected! This will usually result in problems.
  warnings.warn("Warning: no sync clock connected! This will usually result in problems.")
/home/aolab/miniconda3/envs/sijia-feature-analysis/lib/python3.8/site-packages/aopy/preproc/bmi3d.py:449: UserWarning: No sync events present, using bmi3d events instead
  warnings.warn("No sync events present, using bmi3d events instead")
<bmimultitasks.SimpleEndpointAssister object at 0x7fae740f3580>
features.simulation_features: batch size is 100
Reset states for learner: 
[]
Done states for learner: 
[]

features.simulation_features.SimFeedbackLearner: flip the self.learn_flag to true
features.simulation_features.SimFeedbackLearner: succussfully created a feedback controller learner


SimSmoothBatch: created an updater with a batch time of 1 and a half_life of 1.0 

..........................finished initialize experiement  0
select_decoder_features: first time (128, 7) (128, 7)
active feature set is [False False  True False  True False False False False False False False
 False False False False False  True False False False False False False
 False False False False False False False  True False  True False  True
 False False False False False False False False  True False  True False
  True False False  True False  True  True  True  True False False  True
 False False False False False False False  True False False False False
 False False False False False False False False  True False False  True
 False False False False False False False False  True False False False
 False False False  True False False  True  True  True False  True False
  True False  True False False  True False False  True False  True False
 False  True  True False False  True False False]
after trans: (32, 7)
after trans: (32, 32)
decoder change flag to false
assist_level at final value after 0 successful trials
Warning: Cannot sync more than 1 event per cycle
Overwriting [b'EXP_START'] with TARGET_ON event
decoder does not change here at 600
decoder does not change here at 1200
decoder does not change here at 1800
decoder does not change here at 2400
decoder does not change here at 3000
decoder does not change here at 3600
decoder does not change here at 4200
decoder does not change here at 4800
decoder does not change here at 5400
decoder does not change here at 6000
decoder does not change here at 6600
decoder does not change here at 7200
decoder does not change here at 7800
decoder does not change here at 8400
decoder does not change here at 9000
decoder does not change here at 9600
decoder does not change here at 10200
observations have counts >> 1000 
decoder does not change here at 10800
decoder does not change here at 11400
decoder does not change here at 12000
decoder does not change here at 12600
decoder does not change here at 13200
decoder does not change here at 13800
decoder does not change here at 14400
decoder does not change here at 15000
decoder does not change here at 15600
decoder does not change here at 16200
decoder does not change here at 16800
decoder does not change here at 17400
decoder does not change here at 18000

 using encoder with additional noises  State space: ['hand_px', 'hand_py', 'hand_pz', 'hand_vx', 'hand_vy', 'hand_vz', 'offset'] 

<bound method GenericCosEncWithNoise._gen_fixed_gaussian_noise of <riglib.bmi.sim_neurons.GenericCosEncWithNoise object at 0x7fae740ac0d0>>
changed encoder at cycle 18000
decoder does not change here at 18600
decoder does not change here at 19200
decoder does not change here at 19800
decoder does not change here at 20400
decoder does not change here at 21000
decoder does not change here at 21600
decoder does not change here at 22200
decoder does not change here at 22800
decoder does not change here at 23400
decoder does not change here at 24000
decoder does not change here at 24600
decoder does not change here at 25200
decoder does not change here at 25800
observations have counts >> 1000 
decoder does not change here at 26400
decoder does not change here at 27000
decoder does not change here at 27600
decoder does not change here at 28200
decoder does not change here at 28800
decoder does not change here at 29400
observations have counts >> 1000 
decoder does not change here at 30000
decoder does not change here at 30600
observations have counts >> 1000 
decoder does not change here at 31200
decoder does not change here at 31800
observations have counts >> 1000 
observations have counts >> 1000 
decoder does not change here at 32400
decoder does not change here at 33000
decoder does not change here at 33600
observations have counts >> 1000 
decoder does not change here at 34200
decoder does not change here at 34800
decoder does not change here at 35400
decoder does not change here at 36000
decoder does not change here at 36600
decoder does not change here at 37200
observations have counts >> 1000 
decoder does not change here at 37800
decoder does not change here at 38400
observations have counts >> 1000 
decoder does not change here at 39000
observations have counts >> 1000 
observations have counts >> 1000 
decoder does not change here at 39600
decoder does not change here at 40200
decoder does not change here at 40800
decoder does not change here at 41400
decoder does not change here at 42000
decoder does not change here at 42600
decoder does not change here at 43200
decoder does not change here at 43800
decoder does not change here at 44400
observations have counts >> 1000 
decoder does not change here at 45000
decoder does not change here at 45600
decoder does not change here at 46200
decoder does not change here at 46800
decoder does not change here at 47400
decoder does not change here at 48000
observations have counts >> 1000 
decoder does not change here at 48600
decoder does not change here at 49200
decoder does not change here at 49800
decoder does not change here at 50400
decoder does not change here at 51000
decoder does not change here at 51600
decoder does not change here at 52200
decoder does not change here at 52800
decoder does not change here at 53400
decoder does not change here at 54000
decoder does not change here at 54600
decoder does not change here at 55200
decoder does not change here at 55800
decoder does not change here at 56400
decoder does not change here at 57000
observations have counts >> 1000 
decoder does not change here at 57600
decoder does not change here at 58200
decoder does not change here at 58800
observations have counts >> 1000 
decoder does not change here at 59400
decoder does not change here at 60000
decoder does not change here at 60600
decoder does not change here at 61200
decoder does not change here at 61800
decoder does not change here at 62400
decoder does not change here at 63000
decoder does not change here at 63600
decoder does not change here at 64200
decoder does not change here at 64800
decoder does not change here at 65400
decoder does not change here at 66000
decoder does not change here at 66600
decoder does not change here at 67200
decoder does not change here at 67800
observations have counts >> 1000 
observations have counts >> 1000 
observations have counts >> 1000 
decoder does not change here at 68400
decoder does not change here at 69000
decoder does not change here at 69600
observations have counts >> 1000 
decoder does not change here at 70200
decoder does not change here at 70800
decoder does not change here at 71400
decoder does not change here at 72000
finish  at cycle_count: 72000
..........................HDFWriter: Saving datafile to /tmp/tmpmxt26wud.h5
HDFWriter: opening file
HDFWriter registered 'sync_events'
HDFWriter registered 'sync_clock'
HDFWriter registered 'trials'
HDFWriter registered 'task'
Closed hdf
ended datasink
0
exit
end of FSM.run, task state is None
wait for 10s for hdf file to save
saving feature selection file name to /tmp/tmpmxt26wud.h5
Writing new group: /feature_selection
Added feat_set
Added C_mat
Added Q_diag
Added K_mat
Done!
saving lasso feature selection file name to /tmp/tmpmxt26wud.h5
Writing new group: /lasso_feature_selection
Added lasso_hist
Done!
Finished running  lasso_1.0_1_noise_32_128_100_3_clda_rho_0.5_batchlen_100_lasso_alpha_10_lasso_threshold_1_shuffle_rows
***********************************************************
***********************************************************

cp /tmp/tmpmxt26wud.h5 /home/aolab/sijia/data/figure3_lasso/lasso_1.0_1_noise_32_128_100_3_clda_rho_0.5_batchlen_100_lasso_alpha_10_lasso_threshold_1_shuffle_rows.h5
cp /tmp/tmpmxt26wud.h5.p /home/aolab/sijia/data/figure3_lasso/lasso_1.0_1_noise_32_128_100_3_clda_rho_0.5_batchlen_100_lasso_alpha_10_lasso_threshold_1_shuffle_rows.p
we have experimental conditions ['lasso_1.0_1_noise_32_128_100_3_clda_rho_0.5_batchlen_100_lasso_alpha_10_lasso_threshold_1_shuffle_rows_smooth_batch_with_full_feature']
simulation_setup_functions: get_enc_setup has a tuning_level of 1 

simulation_runs: set base class 
simulation_runs: selected SimKFDecoderRandom 

simulation_runs: set up encoder change with shuffle_rows
kwargs will be updated in a later time
the feature adaptation project is tracking dict_keys(['transform_x_flag', 'transform_y_flag', 'n_starting_feats', 'n_states', 'train_high_SNR_time', 'lasso_alpha', 'lasso_threshold', 'adaptive_lasso_flag', 'number_of_features', 'change_sim_c_at_cycle', 'new_sim_c']) 
we have got 1 exps

features.simulation_features.SimIntentionLQRController: LQRController used 


 features.simulation_features.SimFeedbackLearner: start to create a sim leaner with a batchsize of 100
features.simulation_features.SimSmoothBatch: rho in this simulation is  0.5

Use feature selector as a class feature with a a parent class
finished executing Experiment.__init__
in feature selector mod
use user supplied features
feature init: [array([False, False,  True, False,  True, False, False, False, False,
       False, False, False, False, False, False, False, False,  True,
       False, False, False, False, False, False, False, False, False,
       False, False, False, False,  True, False,  True, False,  True,
       False, False, False, False, False, False, False, False,  True,
       False,  True, False,  True, False, False,  True, False,  True,
        True,  True,  True, False, False,  True, False, False, False,
       False, False, False, False,  True, False, False, False, False,
       False, False, False, False, False, False, False, False,  True,
       False, False,  True, False, False, False, False, False, False,
       False, False,  True, False, False, False, False, False, False,
        True, False, False,  True,  True,  True, False,  True, False,
        True, False,  True, False, False,  True, False, False,  True,
       False,  True, False, False,  True,  True, False, False,  True,
       False, False])]
feature selector: add initial decoder weights
feature_selection_feature: initialized lasso regression with an alpha of 10 and a max number of iteration of 10000
<class 'features.simulation_features.SimCosineTunedEncWithNoise'>: added CosineTunedEncWithNoise 
TimeCountDown: assume  fps to be 60
finished instantiated experiment 0




 using encoder with additional noises  State space: ['hand_px', 'hand_py', 'hand_pz', 'hand_vx', 'hand_vy', 'hand_vz', 'offset'] 

<bound method GenericCosEncWithNoise._gen_fixed_gaussian_noise of <riglib.bmi.sim_neurons.GenericCosEncWithNoise object at 0x7fae736ab9d0>>
neural encoder init function  <SimpleTargetCaptureWithHold(Thread-8, initial)>
features.simulation_features: added tracking of K matrix
sinkmanager start <class 'hdfwriter.hdfwriter.HDFWriter'>
Traceback (most recent call last):
  File "/home/aolab/sijia/brain-python-interface/riglib/bmi/bmi.py", line 1342, in cleanup_hdf
    self.write_clda_data_to_hdf_table(
  File "/home/aolab/sijia/brain-python-interface/riglib/bmi/bmi.py", line 1367, in write_clda_data_to_hdf_table
    log_file = open(os.path.expandvars('$HOME/code/bmi3d/log/clda_hdf_log'), 'a')
FileNotFoundError: [Errno 2] No such file or directory: '/home/aolab/code/bmi3d/log/clda_hdf_log'
/home/aolab/miniconda3/envs/sijia-feature-analysis/lib/python3.8/site-packages/aopy/preproc/bmi3d.py:382: UserWarning: Warning: no sync clock connected! This will usually result in problems.
  warnings.warn("Warning: no sync clock connected! This will usually result in problems.")
/home/aolab/miniconda3/envs/sijia-feature-analysis/lib/python3.8/site-packages/aopy/preproc/bmi3d.py:449: UserWarning: No sync events present, using bmi3d events instead
  warnings.warn("No sync events present, using bmi3d events instead")
<bmimultitasks.SimpleEndpointAssister object at 0x7fae736a98e0>
features.simulation_features: batch size is 100
Reset states for learner: 
[]
Done states for learner: 
[]

features.simulation_features.SimFeedbackLearner: flip the self.learn_flag to true
features.simulation_features.SimFeedbackLearner: succussfully created a feedback controller learner


SimSmoothBatchFullFeature: created a FULL FEATURE updater with a batch time of 1 and a half_life of 1.0 

..........................finished initialize experiement  0
select_decoder_features: first time (128, 7) (128, 7)
active feature set is [False False  True False  True False False False False False False False
 False False False False False  True False False False False False False
 False False False False False False False  True False  True False  True
 False False False False False False False False  True False  True False
  True False False  True False  True  True  True  True False False  True
 False False False False False False False  True False False False False
 False False False False False False False False  True False False  True
 False False False False False False False False  True False False False
 False False False  True False False  True  True  True False  True False
  True False  True False False  True False False  True False  True False
 False  True  True False False  True False False]
after trans: (32, 7)
after trans: (32, 32)
decoder change flag to false
assist_level at final value after 0 successful trials
Warning: Cannot sync more than 1 event per cycle
Overwriting [b'EXP_START'] with TARGET_ON event
KFSmoothBatchFullFeature: 128 neurons selected
KFSmoothBatchFullFeature: 128 neurons selected
KFSmoothBatchFullFeature: 128 neurons selected
KFSmoothBatchFullFeature: 128 neurons selected
KFSmoothBatchFullFeature: 128 neurons selected
KFSmoothBatchFullFeature: 128 neurons selected
KFSmoothBatchFullFeature: 128 neurons selected
KFSmoothBatchFullFeature: 128 neurons selected
KFSmoothBatchFullFeature: 128 neurons selected
KFSmoothBatchFullFeature: 128 neurons selected
KFSmoothBatchFullFeature: 128 neurons selected
KFSmoothBatchFullFeature: 128 neurons selected
KFSmoothBatchFullFeature: 128 neurons selected
KFSmoothBatchFullFeature: 128 neurons selected
KFSmoothBatchFullFeature: 128 neurons selected
KFSmoothBatchFullFeature: 128 neurons selected
KFSmoothBatchFullFeature: 128 neurons selected
KFSmoothBatchFullFeature: 128 neurons selected
KFSmoothBatchFullFeature: 128 neurons selected
KFSmoothBatchFullFeature: 128 neurons selected
KFSmoothBatchFullFeature: 128 neurons selected
KFSmoothBatchFullFeature: 128 neurons selected
KFSmoothBatchFullFeature: 128 neurons selected
KFSmoothBatchFullFeature: 128 neurons selected
KFSmoothBatchFullFeature: 128 neurons selected
KFSmoothBatchFullFeature: 128 neurons selected
KFSmoothBatchFullFeature: 128 neurons selected
KFSmoothBatchFullFeature: 128 neurons selected
KFSmoothBatchFullFeature: 128 neurons selected
KFSmoothBatchFullFeature: 128 neurons selected

 using encoder with additional noises  State space: ['hand_px', 'hand_py', 'hand_pz', 'hand_vx', 'hand_vy', 'hand_vz', 'offset'] 

<bound method GenericCosEncWithNoise._gen_fixed_gaussian_noise of <riglib.bmi.sim_neurons.GenericCosEncWithNoise object at 0x7fae73f69370>>
changed encoder at cycle 18000
KFSmoothBatchFullFeature: 128 neurons selected
KFSmoothBatchFullFeature: 128 neurons selected
KFSmoothBatchFullFeature: 128 neurons selected
KFSmoothBatchFullFeature: 128 neurons selected
KFSmoothBatchFullFeature: 128 neurons selected
KFSmoothBatchFullFeature: 128 neurons selected
KFSmoothBatchFullFeature: 128 neurons selected
KFSmoothBatchFullFeature: 128 neurons selected
KFSmoothBatchFullFeature: 128 neurons selected
KFSmoothBatchFullFeature: 128 neurons selected
KFSmoothBatchFullFeature: 128 neurons selected
KFSmoothBatchFullFeature: 128 neurons selected
KFSmoothBatchFullFeature: 128 neurons selected
KFSmoothBatchFullFeature: 128 neurons selected
KFSmoothBatchFullFeature: 128 neurons selected
KFSmoothBatchFullFeature: 128 neurons selected
KFSmoothBatchFullFeature: 128 neurons selected
KFSmoothBatchFullFeature: 128 neurons selected
KFSmoothBatchFullFeature: 128 neurons selected
KFSmoothBatchFullFeature: 128 neurons selected
KFSmoothBatchFullFeature: 128 neurons selected
KFSmoothBatchFullFeature: 128 neurons selected
KFSmoothBatchFullFeature: 128 neurons selected
KFSmoothBatchFullFeature: 128 neurons selected
KFSmoothBatchFullFeature: 128 neurons selected
KFSmoothBatchFullFeature: 128 neurons selected
KFSmoothBatchFullFeature: 128 neurons selected
KFSmoothBatchFullFeature: 128 neurons selected
KFSmoothBatchFullFeature: 128 neurons selected
KFSmoothBatchFullFeature: 128 neurons selected
KFSmoothBatchFullFeature: 128 neurons selected
KFSmoothBatchFullFeature: 128 neurons selected
KFSmoothBatchFullFeature: 128 neurons selected
KFSmoothBatchFullFeature: 128 neurons selected
KFSmoothBatchFullFeature: 128 neurons selected
KFSmoothBatchFullFeature: 128 neurons selected
KFSmoothBatchFullFeature: 128 neurons selected
KFSmoothBatchFullFeature: 128 neurons selected
KFSmoothBatchFullFeature: 128 neurons selected
KFSmoothBatchFullFeature: 128 neurons selected
KFSmoothBatchFullFeature: 128 neurons selected
KFSmoothBatchFullFeature: 128 neurons selected
KFSmoothBatchFullFeature: 128 neurons selected
KFSmoothBatchFullFeature: 128 neurons selected
KFSmoothBatchFullFeature: 128 neurons selected
KFSmoothBatchFullFeature: 128 neurons selected
KFSmoothBatchFullFeature: 128 neurons selected
KFSmoothBatchFullFeature: 128 neurons selected
KFSmoothBatchFullFeature: 128 neurons selected
KFSmoothBatchFullFeature: 128 neurons selected
KFSmoothBatchFullFeature: 128 neurons selected
KFSmoothBatchFullFeature: 128 neurons selected
KFSmoothBatchFullFeature: 128 neurons selected
KFSmoothBatchFullFeature: 128 neurons selected
KFSmoothBatchFullFeature: 128 neurons selected
KFSmoothBatchFullFeature: 128 neurons selected
KFSmoothBatchFullFeature: 128 neurons selected
KFSmoothBatchFullFeature: 128 neurons selected
KFSmoothBatchFullFeature: 128 neurons selected
KFSmoothBatchFullFeature: 128 neurons selected
KFSmoothBatchFullFeature: 128 neurons selected
KFSmoothBatchFullFeature: 128 neurons selected
KFSmoothBatchFullFeature: 128 neurons selected
KFSmoothBatchFullFeature: 128 neurons selected
KFSmoothBatchFullFeature: 128 neurons selected
KFSmoothBatchFullFeature: 128 neurons selected
KFSmoothBatchFullFeature: 128 neurons selected
KFSmoothBatchFullFeature: 128 neurons selected
KFSmoothBatchFullFeature: 128 neurons selected
KFSmoothBatchFullFeature: 128 neurons selected
KFSmoothBatchFullFeature: 128 neurons selected
KFSmoothBatchFullFeature: 128 neurons selected
KFSmoothBatchFullFeature: 128 neurons selected
KFSmoothBatchFullFeature: 128 neurons selected
KFSmoothBatchFullFeature: 128 neurons selected
KFSmoothBatchFullFeature: 128 neurons selected
KFSmoothBatchFullFeature: 128 neurons selected
KFSmoothBatchFullFeature: 128 neurons selected
KFSmoothBatchFullFeature: 128 neurons selected
KFSmoothBatchFullFeature: 128 neurons selected
KFSmoothBatchFullFeature: 128 neurons selected
KFSmoothBatchFullFeature: 128 neurons selected
KFSmoothBatchFullFeature: 128 neurons selected
KFSmoothBatchFullFeature: 128 neurons selected
KFSmoothBatchFullFeature: 128 neurons selected
KFSmoothBatchFullFeature: 128 neurons selected
KFSmoothBatchFullFeature: 128 neurons selected
KFSmoothBatchFullFeature: 128 neurons selected
KFSmoothBatchFullFeature: 128 neurons selected
KFSmoothBatchFullFeature: 128 neurons selected
finish  at cycle_count: 72000
..........................HDFWriter: Saving datafile to /tmp/tmpa15qlt01.h5
HDFWriter: opening file
HDFWriter registered 'sync_events'
HDFWriter registered 'sync_clock'
HDFWriter registered 'trials'
HDFWriter registered 'task'
Closed hdf
ended datasink
0
exit
end of FSM.run, task state is None
wait for 10s for hdf file to save
saving feature selection file name to /tmp/tmpa15qlt01.h5
Writing new group: /feature_selection
Added feat_set
Added C_mat
Added Q_diag
Added K_mat
Done!
saving lasso feature selection file name to /tmp/tmpa15qlt01.h5
Writing new group: /lasso_feature_selection
Added lasso_hist
Done!
Finished running  lasso_1.0_1_noise_32_128_100_3_clda_rho_0.5_batchlen_100_lasso_alpha_10_lasso_threshold_1_shuffle_rows_smooth_batch_with_full_feature
***********************************************************
***********************************************************

cp /tmp/tmpa15qlt01.h5 /home/aolab/sijia/data/figure3_lasso/lasso_1.0_1_noise_32_128_100_3_clda_rho_0.5_batchlen_100_lasso_alpha_10_lasso_threshold_1_shuffle_rows_smooth_batch_with_full_feature.h5
cp /tmp/tmpa15qlt01.h5.p /home/aolab/sijia/data/figure3_lasso/lasso_1.0_1_noise_32_128_100_3_clda_rho_0.5_batchlen_100_lasso_alpha_10_lasso_threshold_1_shuffle_rows_smooth_batch_with_full_feature.p
we have experimental conditions ['lasso_1.0_2_noise_32_128_100_3_clda_rho_0.5_batchlen_100_lasso_alpha_10_lasso_threshold_1_same']
simulation_setup_functions: get_enc_setup has a tuning_level of 1 

simulation_runs: set base class 
simulation_runs: selected SimKFDecoderRandom 

simulation_runs: set up encoder change with same
kwargs will be updated in a later time
the feature adaptation project is tracking dict_keys(['transform_x_flag', 'transform_y_flag', 'n_starting_feats', 'n_states', 'train_high_SNR_time', 'lasso_alpha', 'lasso_threshold', 'adaptive_lasso_flag', 'number_of_features', 'change_sim_c_at_cycle', 'new_sim_c']) 
we have got 1 exps

features.simulation_features.SimIntentionLQRController: LQRController used 


 features.simulation_features.SimFeedbackLearner: start to create a sim leaner with a batchsize of 100
features.simulation_features.SimSmoothBatch: rho in this simulation is  0.5

Use feature selector as a class feature with a a parent class
finished executing Experiment.__init__
in feature selector mod
use user supplied features
feature init: [array([ True, False,  True,  True, False,  True, False, False, False,
       False, False,  True,  True,  True,  True, False, False, False,
       False, False, False, False, False, False,  True,  True, False,
       False,  True, False,  True, False, False, False, False, False,
        True, False, False, False, False,  True, False, False,  True,
       False, False, False,  True, False, False, False, False,  True,
       False, False,  True, False, False, False, False,  True, False,
       False,  True, False, False, False, False, False, False,  True,
       False, False, False, False, False,  True, False, False, False,
       False, False, False, False, False,  True,  True, False, False,
       False, False,  True, False, False, False, False, False, False,
       False, False,  True, False, False, False, False, False, False,
       False, False, False, False,  True, False, False,  True, False,
       False,  True,  True, False,  True, False, False, False,  True,
       False, False])]
feature selector: add initial decoder weights
feature_selection_feature: initialized lasso regression with an alpha of 10 and a max number of iteration of 10000
<class 'features.simulation_features.SimCosineTunedEncWithNoise'>: added CosineTunedEncWithNoise 
TimeCountDown: assume  fps to be 60
finished instantiated experiment 0




 using encoder with additional noises  State space: ['hand_px', 'hand_py', 'hand_pz', 'hand_vx', 'hand_vy', 'hand_vz', 'offset'] 

<bound method GenericCosEncWithNoise._gen_fixed_gaussian_noise of <riglib.bmi.sim_neurons.GenericCosEncWithNoise object at 0x7fae736a98e0>>
neural encoder init function  <SimpleTargetCaptureWithHold(Thread-9, initial)>
features.simulation_features: added tracking of K matrix
sinkmanager start <class 'hdfwriter.hdfwriter.HDFWriter'>
Traceback (most recent call last):
  File "/home/aolab/sijia/brain-python-interface/riglib/bmi/bmi.py", line 1342, in cleanup_hdf
    self.write_clda_data_to_hdf_table(
  File "/home/aolab/sijia/brain-python-interface/riglib/bmi/bmi.py", line 1367, in write_clda_data_to_hdf_table
    log_file = open(os.path.expandvars('$HOME/code/bmi3d/log/clda_hdf_log'), 'a')
FileNotFoundError: [Errno 2] No such file or directory: '/home/aolab/code/bmi3d/log/clda_hdf_log'
/home/aolab/miniconda3/envs/sijia-feature-analysis/lib/python3.8/site-packages/aopy/preproc/bmi3d.py:382: UserWarning: Warning: no sync clock connected! This will usually result in problems.
  warnings.warn("Warning: no sync clock connected! This will usually result in problems.")
/home/aolab/miniconda3/envs/sijia-feature-analysis/lib/python3.8/site-packages/aopy/preproc/bmi3d.py:449: UserWarning: No sync events present, using bmi3d events instead
  warnings.warn("No sync events present, using bmi3d events instead")
<bmimultitasks.SimpleEndpointAssister object at 0x7fae736ab6d0>
features.simulation_features: batch size is 100
Reset states for learner: 
[]
Done states for learner: 
[]

features.simulation_features.SimFeedbackLearner: flip the self.learn_flag to true
features.simulation_features.SimFeedbackLearner: succussfully created a feedback controller learner


SimSmoothBatch: created an updater with a batch time of 1 and a half_life of 1.0 

..........................finished initialize experiement  0
select_decoder_features: first time (128, 7) (128, 7)
active feature set is [ True False  True  True False  True False False False False False  True
  True  True  True False False False False False False False False False
  True  True False False  True False  True False False False False False
  True False False False False  True False False  True False False False
  True False False False False  True False False  True False False False
 False  True False False  True False False False False False False  True
 False False False False False  True False False False False False False
 False False  True  True False False False False  True False False False
 False False False False False  True False False False False False False
 False False False False  True False False  True False False  True  True
 False  True False False False  True False False]
after trans: (32, 7)
after trans: (32, 32)
decoder change flag to false
assist_level at final value after 0 successful trials
Warning: Cannot sync more than 1 event per cycle
Overwriting [b'EXP_START'] with TARGET_ON event
decoder does not change here at 600
decoder does not change here at 1200
decoder does not change here at 1800
decoder does not change here at 2400
decoder does not change here at 3000
decoder does not change here at 3600
decoder does not change here at 4200
decoder does not change here at 4800
decoder does not change here at 5400
decoder does not change here at 6000
decoder does not change here at 6600
decoder does not change here at 7200
decoder does not change here at 7800
decoder does not change here at 8400
observations have counts >> 1000 
observations have counts >> 1000 
decoder does not change here at 9000
decoder does not change here at 9600
observations have counts >> 1000 
decoder does not change here at 10200
decoder does not change here at 10800
decoder does not change here at 11400
decoder does not change here at 12000
decoder does not change here at 12600
decoder does not change here at 13200
decoder does not change here at 13800
decoder does not change here at 14400
observations have counts >> 1000 
observations have counts >> 1000 
decoder does not change here at 15000
decoder does not change here at 15600
observations have counts >> 1000 
observations have counts >> 1000 
observations have counts >> 1000 
decoder does not change here at 16200
observations have counts >> 1000 
decoder does not change here at 16800
observations have counts >> 1000 
decoder does not change here at 17400
decoder does not change here at 18000

 using encoder with additional noises  State space: ['hand_px', 'hand_py', 'hand_pz', 'hand_vx', 'hand_vy', 'hand_vz', 'offset'] 

<bound method GenericCosEncWithNoise._gen_fixed_gaussian_noise of <riglib.bmi.sim_neurons.GenericCosEncWithNoise object at 0x7fae76b21f70>>
changed encoder at cycle 18000
decoder does not change here at 18600
decoder does not change here at 19200
decoder does not change here at 19800
decoder does not change here at 20400
decoder does not change here at 21000
observations have counts >> 1000 
decoder does not change here at 21600
decoder does not change here at 22200
decoder does not change here at 22800
decoder does not change here at 23400
decoder does not change here at 24000
decoder does not change here at 24600
decoder does not change here at 25200
decoder does not change here at 25800
observations have counts >> 1000 
decoder does not change here at 26400
decoder does not change here at 27000
decoder does not change here at 27600
decoder does not change here at 28200
observations have counts >> 1000 
decoder does not change here at 28800
decoder does not change here at 29400
decoder does not change here at 30000
decoder does not change here at 30600
decoder does not change here at 31200
observations have counts >> 1000 
observations have counts >> 1000 
decoder does not change here at 31800
decoder does not change here at 32400
decoder does not change here at 33000
decoder does not change here at 33600
decoder does not change here at 34200
decoder does not change here at 34800
decoder does not change here at 35400
decoder does not change here at 36000
decoder does not change here at 36600
decoder does not change here at 37200
decoder does not change here at 37800
decoder does not change here at 38400
decoder does not change here at 39000
decoder does not change here at 39600
decoder does not change here at 40200
observations have counts >> 1000 
decoder does not change here at 40800
decoder does not change here at 41400
decoder does not change here at 42000
decoder does not change here at 42600
observations have counts >> 1000 
observations have counts >> 1000 
decoder does not change here at 43200
decoder does not change here at 43800
decoder does not change here at 44400
decoder does not change here at 45000
decoder does not change here at 45600
decoder does not change here at 46200
decoder does not change here at 46800
decoder does not change here at 47400
decoder does not change here at 48000
decoder does not change here at 48600
decoder does not change here at 49200
decoder does not change here at 49800
decoder does not change here at 50400
decoder does not change here at 51000
decoder does not change here at 51600
observations have counts >> 1000 
observations have counts >> 1000 
observations have counts >> 1000 
observations have counts >> 1000 
observations have counts >> 1000 
observations have counts >> 1000 
observations have counts >> 1000 
observations have counts >> 1000 
decoder does not change here at 52200
decoder does not change here at 52800
decoder does not change here at 53400
decoder does not change here at 54000
decoder does not change here at 54600
observations have counts >> 1000 
observations have counts >> 1000 
decoder does not change here at 55200
decoder does not change here at 55800
decoder does not change here at 56400
observations have counts >> 1000 
decoder does not change here at 57000
decoder does not change here at 57600
decoder does not change here at 58200
decoder does not change here at 58800
decoder does not change here at 59400
decoder does not change here at 60000
observations have counts >> 1000 
observations have counts >> 1000 
observations have counts >> 1000 
decoder does not change here at 60600
decoder does not change here at 61200
decoder does not change here at 61800
decoder does not change here at 62400
decoder does not change here at 63000
decoder does not change here at 63600
decoder does not change here at 64200
decoder does not change here at 64800
decoder does not change here at 65400
decoder does not change here at 66000
decoder does not change here at 66600
decoder does not change here at 67200
observations have counts >> 1000 
decoder does not change here at 67800
observations have counts >> 1000 
decoder does not change here at 68400
observations have counts >> 1000 
decoder does not change here at 69000
decoder does not change here at 69600
decoder does not change here at 70200
decoder does not change here at 70800
decoder does not change here at 71400
decoder does not change here at 72000
finish  at cycle_count: 72000
..........................HDFWriter: Saving datafile to /tmp/tmpniuhhouo.h5
HDFWriter: opening file
HDFWriter registered 'sync_events'
HDFWriter registered 'sync_clock'
HDFWriter registered 'trials'
HDFWriter registered 'task'
Closed hdf
ended datasink
0
exit
end of FSM.run, task state is None
wait for 10s for hdf file to save
saving feature selection file name to /tmp/tmpniuhhouo.h5
Writing new group: /feature_selection
Added feat_set
Added C_mat
Added Q_diag
Added K_mat
Done!
saving lasso feature selection file name to /tmp/tmpniuhhouo.h5
Writing new group: /lasso_feature_selection
Added lasso_hist
Done!
Finished running  lasso_1.0_2_noise_32_128_100_3_clda_rho_0.5_batchlen_100_lasso_alpha_10_lasso_threshold_1_same
***********************************************************
***********************************************************

cp /tmp/tmpniuhhouo.h5 /home/aolab/sijia/data/figure3_lasso/lasso_1.0_2_noise_32_128_100_3_clda_rho_0.5_batchlen_100_lasso_alpha_10_lasso_threshold_1_same.h5
cp /tmp/tmpniuhhouo.h5.p /home/aolab/sijia/data/figure3_lasso/lasso_1.0_2_noise_32_128_100_3_clda_rho_0.5_batchlen_100_lasso_alpha_10_lasso_threshold_1_same.p
we have experimental conditions ['lasso_1.0_2_noise_32_128_100_3_clda_rho_0.5_batchlen_100_lasso_alpha_10_lasso_threshold_1_same_smooth_batch_with_full_feature']
simulation_setup_functions: get_enc_setup has a tuning_level of 1 

simulation_runs: set base class 
simulation_runs: selected SimKFDecoderRandom 

simulation_runs: set up encoder change with same
kwargs will be updated in a later time
the feature adaptation project is tracking dict_keys(['transform_x_flag', 'transform_y_flag', 'n_starting_feats', 'n_states', 'train_high_SNR_time', 'lasso_alpha', 'lasso_threshold', 'adaptive_lasso_flag', 'number_of_features', 'change_sim_c_at_cycle', 'new_sim_c']) 
we have got 1 exps

features.simulation_features.SimIntentionLQRController: LQRController used 


 features.simulation_features.SimFeedbackLearner: start to create a sim leaner with a batchsize of 100
features.simulation_features.SimSmoothBatch: rho in this simulation is  0.5

Use feature selector as a class feature with a a parent class
finished executing Experiment.__init__
in feature selector mod
use user supplied features
feature init: [array([ True, False,  True,  True, False,  True, False, False, False,
       False, False,  True,  True,  True,  True, False, False, False,
       False, False, False, False, False, False,  True,  True, False,
       False,  True, False,  True, False, False, False, False, False,
        True, False, False, False, False,  True, False, False,  True,
       False, False, False,  True, False, False, False, False,  True,
       False, False,  True, False, False, False, False,  True, False,
       False,  True, False, False, False, False, False, False,  True,
       False, False, False, False, False,  True, False, False, False,
       False, False, False, False, False,  True,  True, False, False,
       False, False,  True, False, False, False, False, False, False,
       False, False,  True, False, False, False, False, False, False,
       False, False, False, False,  True, False, False,  True, False,
       False,  True,  True, False,  True, False, False, False,  True,
       False, False])]
feature selector: add initial decoder weights
feature_selection_feature: initialized lasso regression with an alpha of 10 and a max number of iteration of 10000
<class 'features.simulation_features.SimCosineTunedEncWithNoise'>: added CosineTunedEncWithNoise 
TimeCountDown: assume  fps to be 60
finished instantiated experiment 0




 using encoder with additional noises  State space: ['hand_px', 'hand_py', 'hand_pz', 'hand_vx', 'hand_vy', 'hand_vz', 'offset'] 

<bound method GenericCosEncWithNoise._gen_fixed_gaussian_noise of <riglib.bmi.sim_neurons.GenericCosEncWithNoise object at 0x7fae740acfd0>>
neural encoder init function  <SimpleTargetCaptureWithHold(Thread-10, initial)>
features.simulation_features: added tracking of K matrix
sinkmanager start <class 'hdfwriter.hdfwriter.HDFWriter'>
Traceback (most recent call last):
  File "/home/aolab/sijia/brain-python-interface/riglib/bmi/bmi.py", line 1342, in cleanup_hdf
    self.write_clda_data_to_hdf_table(
  File "/home/aolab/sijia/brain-python-interface/riglib/bmi/bmi.py", line 1367, in write_clda_data_to_hdf_table
    log_file = open(os.path.expandvars('$HOME/code/bmi3d/log/clda_hdf_log'), 'a')
FileNotFoundError: [Errno 2] No such file or directory: '/home/aolab/code/bmi3d/log/clda_hdf_log'
/home/aolab/miniconda3/envs/sijia-feature-analysis/lib/python3.8/site-packages/aopy/preproc/bmi3d.py:382: UserWarning: Warning: no sync clock connected! This will usually result in problems.
  warnings.warn("Warning: no sync clock connected! This will usually result in problems.")
/home/aolab/miniconda3/envs/sijia-feature-analysis/lib/python3.8/site-packages/aopy/preproc/bmi3d.py:449: UserWarning: No sync events present, using bmi3d events instead
  warnings.warn("No sync events present, using bmi3d events instead")
<bmimultitasks.SimpleEndpointAssister object at 0x7fae740c6d90>
features.simulation_features: batch size is 100
Reset states for learner: 
[]
Done states for learner: 
[]

features.simulation_features.SimFeedbackLearner: flip the self.learn_flag to true
features.simulation_features.SimFeedbackLearner: succussfully created a feedback controller learner


SimSmoothBatchFullFeature: created a FULL FEATURE updater with a batch time of 1 and a half_life of 1.0 

..........................finished initialize experiement  0
select_decoder_features: first time (128, 7) (128, 7)
active feature set is [ True False  True  True False  True False False False False False  True
  True  True  True False False False False False False False False False
  True  True False False  True False  True False False False False False
  True False False False False  True False False  True False False False
  True False False False False  True False False  True False False False
 False  True False False  True False False False False False False  True
 False False False False False  True False False False False False False
 False False  True  True False False False False  True False False False
 False False False False False  True False False False False False False
 False False False False  True False False  True False False  True  True
 False  True False False False  True False False]
after trans: (32, 7)
after trans: (32, 32)
decoder change flag to false
assist_level at final value after 0 successful trials
Warning: Cannot sync more than 1 event per cycle
Overwriting [b'EXP_START'] with TARGET_ON event
KFSmoothBatchFullFeature: 128 neurons selected
KFSmoothBatchFullFeature: 128 neurons selected
KFSmoothBatchFullFeature: 128 neurons selected
KFSmoothBatchFullFeature: 128 neurons selected
KFSmoothBatchFullFeature: 128 neurons selected
KFSmoothBatchFullFeature: 128 neurons selected
KFSmoothBatchFullFeature: 128 neurons selected
KFSmoothBatchFullFeature: 128 neurons selected
KFSmoothBatchFullFeature: 128 neurons selected
KFSmoothBatchFullFeature: 128 neurons selected
KFSmoothBatchFullFeature: 128 neurons selected
KFSmoothBatchFullFeature: 128 neurons selected
KFSmoothBatchFullFeature: 128 neurons selected
KFSmoothBatchFullFeature: 128 neurons selected
KFSmoothBatchFullFeature: 128 neurons selected
KFSmoothBatchFullFeature: 128 neurons selected
KFSmoothBatchFullFeature: 128 neurons selected
KFSmoothBatchFullFeature: 128 neurons selected
KFSmoothBatchFullFeature: 128 neurons selected
KFSmoothBatchFullFeature: 128 neurons selected
KFSmoothBatchFullFeature: 128 neurons selected
KFSmoothBatchFullFeature: 128 neurons selected
KFSmoothBatchFullFeature: 128 neurons selected
KFSmoothBatchFullFeature: 128 neurons selected
KFSmoothBatchFullFeature: 128 neurons selected
KFSmoothBatchFullFeature: 128 neurons selected
KFSmoothBatchFullFeature: 128 neurons selected
KFSmoothBatchFullFeature: 128 neurons selected
KFSmoothBatchFullFeature: 128 neurons selected
KFSmoothBatchFullFeature: 128 neurons selected

 using encoder with additional noises  State space: ['hand_px', 'hand_py', 'hand_pz', 'hand_vx', 'hand_vy', 'hand_vz', 'offset'] 

<bound method GenericCosEncWithNoise._gen_fixed_gaussian_noise of <riglib.bmi.sim_neurons.GenericCosEncWithNoise object at 0x7fae76b01190>>
changed encoder at cycle 18000
KFSmoothBatchFullFeature: 128 neurons selected
KFSmoothBatchFullFeature: 128 neurons selected
KFSmoothBatchFullFeature: 128 neurons selected
KFSmoothBatchFullFeature: 128 neurons selected
KFSmoothBatchFullFeature: 128 neurons selected
KFSmoothBatchFullFeature: 128 neurons selected
KFSmoothBatchFullFeature: 128 neurons selected
KFSmoothBatchFullFeature: 128 neurons selected
KFSmoothBatchFullFeature: 128 neurons selected
KFSmoothBatchFullFeature: 128 neurons selected
KFSmoothBatchFullFeature: 128 neurons selected
KFSmoothBatchFullFeature: 128 neurons selected
KFSmoothBatchFullFeature: 128 neurons selected
KFSmoothBatchFullFeature: 128 neurons selected
KFSmoothBatchFullFeature: 128 neurons selected
KFSmoothBatchFullFeature: 128 neurons selected
KFSmoothBatchFullFeature: 128 neurons selected
KFSmoothBatchFullFeature: 128 neurons selected
KFSmoothBatchFullFeature: 128 neurons selected
KFSmoothBatchFullFeature: 128 neurons selected
KFSmoothBatchFullFeature: 128 neurons selected
KFSmoothBatchFullFeature: 128 neurons selected
KFSmoothBatchFullFeature: 128 neurons selected
KFSmoothBatchFullFeature: 128 neurons selected
KFSmoothBatchFullFeature: 128 neurons selected
KFSmoothBatchFullFeature: 128 neurons selected
KFSmoothBatchFullFeature: 128 neurons selected
KFSmoothBatchFullFeature: 128 neurons selected
KFSmoothBatchFullFeature: 128 neurons selected
KFSmoothBatchFullFeature: 128 neurons selected
KFSmoothBatchFullFeature: 128 neurons selected
KFSmoothBatchFullFeature: 128 neurons selected
KFSmoothBatchFullFeature: 128 neurons selected
KFSmoothBatchFullFeature: 128 neurons selected
KFSmoothBatchFullFeature: 128 neurons selected
KFSmoothBatchFullFeature: 128 neurons selected
KFSmoothBatchFullFeature: 128 neurons selected
KFSmoothBatchFullFeature: 128 neurons selected
KFSmoothBatchFullFeature: 128 neurons selected
KFSmoothBatchFullFeature: 128 neurons selected
KFSmoothBatchFullFeature: 128 neurons selected
KFSmoothBatchFullFeature: 128 neurons selected
KFSmoothBatchFullFeature: 128 neurons selected
KFSmoothBatchFullFeature: 128 neurons selected
KFSmoothBatchFullFeature: 128 neurons selected
KFSmoothBatchFullFeature: 128 neurons selected
KFSmoothBatchFullFeature: 128 neurons selected
KFSmoothBatchFullFeature: 128 neurons selected
KFSmoothBatchFullFeature: 128 neurons selected
KFSmoothBatchFullFeature: 128 neurons selected
KFSmoothBatchFullFeature: 128 neurons selected
KFSmoothBatchFullFeature: 128 neurons selected
KFSmoothBatchFullFeature: 128 neurons selected
KFSmoothBatchFullFeature: 128 neurons selected
KFSmoothBatchFullFeature: 128 neurons selected
KFSmoothBatchFullFeature: 128 neurons selected
KFSmoothBatchFullFeature: 128 neurons selected
KFSmoothBatchFullFeature: 128 neurons selected
KFSmoothBatchFullFeature: 128 neurons selected
KFSmoothBatchFullFeature: 128 neurons selected
KFSmoothBatchFullFeature: 128 neurons selected
KFSmoothBatchFullFeature: 128 neurons selected
KFSmoothBatchFullFeature: 128 neurons selected
KFSmoothBatchFullFeature: 128 neurons selected
KFSmoothBatchFullFeature: 128 neurons selected
KFSmoothBatchFullFeature: 128 neurons selected
KFSmoothBatchFullFeature: 128 neurons selected
KFSmoothBatchFullFeature: 128 neurons selected
KFSmoothBatchFullFeature: 128 neurons selected
KFSmoothBatchFullFeature: 128 neurons selected
KFSmoothBatchFullFeature: 128 neurons selected
KFSmoothBatchFullFeature: 128 neurons selected
KFSmoothBatchFullFeature: 128 neurons selected
KFSmoothBatchFullFeature: 128 neurons selected
KFSmoothBatchFullFeature: 128 neurons selected
KFSmoothBatchFullFeature: 128 neurons selected
KFSmoothBatchFullFeature: 128 neurons selected
KFSmoothBatchFullFeature: 128 neurons selected
KFSmoothBatchFullFeature: 128 neurons selected
KFSmoothBatchFullFeature: 128 neurons selected
KFSmoothBatchFullFeature: 128 neurons selected
KFSmoothBatchFullFeature: 128 neurons selected
KFSmoothBatchFullFeature: 128 neurons selected
KFSmoothBatchFullFeature: 128 neurons selected
KFSmoothBatchFullFeature: 128 neurons selected
KFSmoothBatchFullFeature: 128 neurons selected
KFSmoothBatchFullFeature: 128 neurons selected
KFSmoothBatchFullFeature: 128 neurons selected
KFSmoothBatchFullFeature: 128 neurons selected
KFSmoothBatchFullFeature: 128 neurons selected
finish  at cycle_count: 72000
..........................HDFWriter: Saving datafile to /tmp/tmp6drkautp.h5
HDFWriter: opening file
HDFWriter registered 'sync_events'
HDFWriter registered 'sync_clock'
HDFWriter registered 'trials'
HDFWriter registered 'task'
Closed hdf
ended datasink
0
exit
end of FSM.run, task state is None
wait for 10s for hdf file to save
saving feature selection file name to /tmp/tmp6drkautp.h5
Writing new group: /feature_selection
Added feat_set
Added C_mat
Added Q_diag
Added K_mat
Done!
saving lasso feature selection file name to /tmp/tmp6drkautp.h5
Writing new group: /lasso_feature_selection
Added lasso_hist
Done!
Finished running  lasso_1.0_2_noise_32_128_100_3_clda_rho_0.5_batchlen_100_lasso_alpha_10_lasso_threshold_1_same_smooth_batch_with_full_feature
***********************************************************
***********************************************************

cp /tmp/tmp6drkautp.h5 /home/aolab/sijia/data/figure3_lasso/lasso_1.0_2_noise_32_128_100_3_clda_rho_0.5_batchlen_100_lasso_alpha_10_lasso_threshold_1_same_smooth_batch_with_full_feature.h5
cp /tmp/tmp6drkautp.h5.p /home/aolab/sijia/data/figure3_lasso/lasso_1.0_2_noise_32_128_100_3_clda_rho_0.5_batchlen_100_lasso_alpha_10_lasso_threshold_1_same_smooth_batch_with_full_feature.p
we have experimental conditions ['lasso_1.0_2_noise_32_128_100_3_clda_rho_0.5_batchlen_100_lasso_alpha_10_lasso_threshold_1_shuffle_rows']
simulation_setup_functions: get_enc_setup has a tuning_level of 1 

simulation_runs: set base class 
simulation_runs: selected SimKFDecoderRandom 

simulation_runs: set up encoder change with shuffle_rows
kwargs will be updated in a later time
the feature adaptation project is tracking dict_keys(['transform_x_flag', 'transform_y_flag', 'n_starting_feats', 'n_states', 'train_high_SNR_time', 'lasso_alpha', 'lasso_threshold', 'adaptive_lasso_flag', 'number_of_features', 'change_sim_c_at_cycle', 'new_sim_c']) 
we have got 1 exps

features.simulation_features.SimIntentionLQRController: LQRController used 


 features.simulation_features.SimFeedbackLearner: start to create a sim leaner with a batchsize of 100
features.simulation_features.SimSmoothBatch: rho in this simulation is  0.5

Use feature selector as a class feature with a a parent class
finished executing Experiment.__init__
in feature selector mod
use user supplied features
feature init: [array([ True, False,  True,  True, False,  True, False, False, False,
       False, False,  True,  True,  True,  True, False, False, False,
       False, False, False, False, False, False,  True,  True, False,
       False,  True, False,  True, False, False, False, False, False,
        True, False, False, False, False,  True, False, False,  True,
       False, False, False,  True, False, False, False, False,  True,
       False, False,  True, False, False, False, False,  True, False,
       False,  True, False, False, False, False, False, False,  True,
       False, False, False, False, False,  True, False, False, False,
       False, False, False, False, False,  True,  True, False, False,
       False, False,  True, False, False, False, False, False, False,
       False, False,  True, False, False, False, False, False, False,
       False, False, False, False,  True, False, False,  True, False,
       False,  True,  True, False,  True, False, False, False,  True,
       False, False])]
feature selector: add initial decoder weights
feature_selection_feature: initialized lasso regression with an alpha of 10 and a max number of iteration of 10000
<class 'features.simulation_features.SimCosineTunedEncWithNoise'>: added CosineTunedEncWithNoise 
TimeCountDown: assume  fps to be 60
finished instantiated experiment 0




 using encoder with additional noises  State space: ['hand_px', 'hand_py', 'hand_pz', 'hand_vx', 'hand_vy', 'hand_vz', 'offset'] 

<bound method GenericCosEncWithNoise._gen_fixed_gaussian_noise of <riglib.bmi.sim_neurons.GenericCosEncWithNoise object at 0x7fae76f3bc70>>
neural encoder init function  <SimpleTargetCaptureWithHold(Thread-11, initial)>
features.simulation_features: added tracking of K matrix
sinkmanager start <class 'hdfwriter.hdfwriter.HDFWriter'>
Traceback (most recent call last):
  File "/home/aolab/sijia/brain-python-interface/riglib/bmi/bmi.py", line 1342, in cleanup_hdf
    self.write_clda_data_to_hdf_table(
  File "/home/aolab/sijia/brain-python-interface/riglib/bmi/bmi.py", line 1367, in write_clda_data_to_hdf_table
    log_file = open(os.path.expandvars('$HOME/code/bmi3d/log/clda_hdf_log'), 'a')
FileNotFoundError: [Errno 2] No such file or directory: '/home/aolab/code/bmi3d/log/clda_hdf_log'
/home/aolab/miniconda3/envs/sijia-feature-analysis/lib/python3.8/site-packages/aopy/preproc/bmi3d.py:382: UserWarning: Warning: no sync clock connected! This will usually result in problems.
  warnings.warn("Warning: no sync clock connected! This will usually result in problems.")
/home/aolab/miniconda3/envs/sijia-feature-analysis/lib/python3.8/site-packages/aopy/preproc/bmi3d.py:449: UserWarning: No sync events present, using bmi3d events instead
  warnings.warn("No sync events present, using bmi3d events instead")
<bmimultitasks.SimpleEndpointAssister object at 0x7fae76b01100>
features.simulation_features: batch size is 100
Reset states for learner: 
[]
Done states for learner: 
[]

features.simulation_features.SimFeedbackLearner: flip the self.learn_flag to true
features.simulation_features.SimFeedbackLearner: succussfully created a feedback controller learner


SimSmoothBatch: created an updater with a batch time of 1 and a half_life of 1.0 

..........................finished initialize experiement  0
select_decoder_features: first time (128, 7) (128, 7)
active feature set is [ True False  True  True False  True False False False False False  True
  True  True  True False False False False False False False False False
  True  True False False  True False  True False False False False False
  True False False False False  True False False  True False False False
  True False False False False  True False False  True False False False
 False  True False False  True False False False False False False  True
 False False False False False  True False False False False False False
 False False  True  True False False False False  True False False False
 False False False False False  True False False False False False False
 False False False False  True False False  True False False  True  True
 False  True False False False  True False False]
after trans: (32, 7)
after trans: (32, 32)
decoder change flag to false
assist_level at final value after 0 successful trials
Warning: Cannot sync more than 1 event per cycle
Overwriting [b'EXP_START'] with TARGET_ON event
decoder does not change here at 600
decoder does not change here at 1200
decoder does not change here at 1800
decoder does not change here at 2400
decoder does not change here at 3000
decoder does not change here at 3600
observations have counts >> 1000 
observations have counts >> 1000 
decoder does not change here at 4200
observations have counts >> 1000 
decoder does not change here at 4800
decoder does not change here at 5400
decoder does not change here at 6000
observations have counts >> 1000 
decoder does not change here at 6600
decoder does not change here at 7200
decoder does not change here at 7800
decoder does not change here at 8400
decoder does not change here at 9000
decoder does not change here at 9600
decoder does not change here at 10200
decoder does not change here at 10800
decoder does not change here at 11400
decoder does not change here at 12000
decoder does not change here at 12600
observations have counts >> 1000 
observations have counts >> 1000 
decoder does not change here at 13200
decoder does not change here at 13800
decoder does not change here at 14400
observations have counts >> 1000 
decoder does not change here at 15000
decoder does not change here at 15600
decoder does not change here at 16200
decoder does not change here at 16800
decoder does not change here at 17400
decoder does not change here at 18000

 using encoder with additional noises  State space: ['hand_px', 'hand_py', 'hand_pz', 'hand_vx', 'hand_vy', 'hand_vz', 'offset'] 

<bound method GenericCosEncWithNoise._gen_fixed_gaussian_noise of <riglib.bmi.sim_neurons.GenericCosEncWithNoise object at 0x7fae740e79a0>>
changed encoder at cycle 18000
decoder does not change here at 18600
decoder does not change here at 19200
decoder does not change here at 19800
observations have counts >> 1000 
decoder does not change here at 20400
decoder does not change here at 21000
decoder does not change here at 21600
observations have counts >> 1000 
decoder does not change here at 22200
decoder does not change here at 22800
decoder does not change here at 23400
decoder does not change here at 24000
decoder does not change here at 24600
decoder does not change here at 25200
decoder does not change here at 25800
decoder does not change here at 26400
decoder does not change here at 27000
decoder does not change here at 27600
decoder does not change here at 28200
decoder does not change here at 28800
decoder does not change here at 29400
decoder does not change here at 30000
decoder does not change here at 30600
decoder does not change here at 31200
decoder does not change here at 31800
observations have counts >> 1000 
observations have counts >> 1000 
observations have counts >> 1000 
observations have counts >> 1000 
observations have counts >> 1000 
decoder does not change here at 32400
decoder does not change here at 33000
decoder does not change here at 33600
observations have counts >> 1000 
decoder does not change here at 34200
decoder does not change here at 34800
decoder does not change here at 35400
observations have counts >> 1000 
decoder does not change here at 36000
decoder does not change here at 36600
decoder does not change here at 37200
decoder does not change here at 37800
decoder does not change here at 38400
observations have counts >> 1000 
decoder does not change here at 39000
decoder does not change here at 39600
observations have counts >> 1000 
decoder does not change here at 40200
decoder does not change here at 40800
decoder does not change here at 41400
decoder does not change here at 42000
decoder does not change here at 42600
observations have counts >> 1000 
observations have counts >> 1000 
decoder does not change here at 43200
observations have counts >> 1000 
decoder does not change here at 43800
decoder does not change here at 44400
decoder does not change here at 45000
decoder does not change here at 45600
observations have counts >> 1000 
decoder does not change here at 46200
decoder does not change here at 46800
observations have counts >> 1000 
decoder does not change here at 47400
decoder does not change here at 48000
decoder does not change here at 48600
decoder does not change here at 49200
decoder does not change here at 49800
decoder does not change here at 50400
observations have counts >> 1000 
decoder does not change here at 51000
decoder does not change here at 51600
decoder does not change here at 52200
observations have counts >> 1000 
decoder does not change here at 52800
decoder does not change here at 53400
decoder does not change here at 54000
observations have counts >> 1000 
decoder does not change here at 54600
decoder does not change here at 55200
decoder does not change here at 55800
decoder does not change here at 56400
decoder does not change here at 57000
decoder does not change here at 57600
decoder does not change here at 58200
observations have counts >> 1000 
decoder does not change here at 58800
decoder does not change here at 59400
decoder does not change here at 60000
decoder does not change here at 60600
decoder does not change here at 61200
decoder does not change here at 61800
decoder does not change here at 62400
decoder does not change here at 63000
decoder does not change here at 63600
decoder does not change here at 64200
observations have counts >> 1000 
observations have counts >> 1000 
observations have counts >> 1000 
observations have counts >> 1000 
decoder does not change here at 64800
decoder does not change here at 65400
decoder does not change here at 66000
decoder does not change here at 66600
decoder does not change here at 67200
decoder does not change here at 67800
decoder does not change here at 68400
decoder does not change here at 69000
observations have counts >> 1000 
observations have counts >> 1000 
decoder does not change here at 69600
decoder does not change here at 70200
decoder does not change here at 70800
decoder does not change here at 71400
decoder does not change here at 72000
finish  at cycle_count: 72000
/home/aolab/miniconda3/envs/sijia-feature-analysis/lib/python3.8/site-packages/sklearn/linear_model/_coordinate_descent.py:529: ConvergenceWarning: Objective did not converge. You might want to increase the number of iterations. Duality gap: 984.4134285614532, tolerance: 55.88412491886941
  model = cd_fast.enet_coordinate_descent(
..........................HDFWriter: Saving datafile to /tmp/tmppivlk6hc.h5
HDFWriter: opening file
HDFWriter registered 'sync_events'
HDFWriter registered 'sync_clock'
HDFWriter registered 'trials'
HDFWriter registered 'task'
Closed hdf
ended datasink
0
exit
end of FSM.run, task state is None
wait for 10s for hdf file to save
saving feature selection file name to /tmp/tmppivlk6hc.h5
Writing new group: /feature_selection
Added feat_set
Added C_mat
Added Q_diag
Added K_mat
Done!
saving lasso feature selection file name to /tmp/tmppivlk6hc.h5
Writing new group: /lasso_feature_selection
Added lasso_hist
Done!
Finished running  lasso_1.0_2_noise_32_128_100_3_clda_rho_0.5_batchlen_100_lasso_alpha_10_lasso_threshold_1_shuffle_rows
***********************************************************
***********************************************************

cp /tmp/tmppivlk6hc.h5 /home/aolab/sijia/data/figure3_lasso/lasso_1.0_2_noise_32_128_100_3_clda_rho_0.5_batchlen_100_lasso_alpha_10_lasso_threshold_1_shuffle_rows.h5
cp /tmp/tmppivlk6hc.h5.p /home/aolab/sijia/data/figure3_lasso/lasso_1.0_2_noise_32_128_100_3_clda_rho_0.5_batchlen_100_lasso_alpha_10_lasso_threshold_1_shuffle_rows.p
we have experimental conditions ['lasso_1.0_2_noise_32_128_100_3_clda_rho_0.5_batchlen_100_lasso_alpha_10_lasso_threshold_1_shuffle_rows_smooth_batch_with_full_feature']
simulation_setup_functions: get_enc_setup has a tuning_level of 1 

simulation_runs: set base class 
simulation_runs: selected SimKFDecoderRandom 

simulation_runs: set up encoder change with shuffle_rows
kwargs will be updated in a later time
the feature adaptation project is tracking dict_keys(['transform_x_flag', 'transform_y_flag', 'n_starting_feats', 'n_states', 'train_high_SNR_time', 'lasso_alpha', 'lasso_threshold', 'adaptive_lasso_flag', 'number_of_features', 'change_sim_c_at_cycle', 'new_sim_c']) 
we have got 1 exps

features.simulation_features.SimIntentionLQRController: LQRController used 


 features.simulation_features.SimFeedbackLearner: start to create a sim leaner with a batchsize of 100
features.simulation_features.SimSmoothBatch: rho in this simulation is  0.5

Use feature selector as a class feature with a a parent class
finished executing Experiment.__init__
in feature selector mod
use user supplied features
feature init: [array([ True, False,  True,  True, False,  True, False, False, False,
       False, False,  True,  True,  True,  True, False, False, False,
       False, False, False, False, False, False,  True,  True, False,
       False,  True, False,  True, False, False, False, False, False,
        True, False, False, False, False,  True, False, False,  True,
       False, False, False,  True, False, False, False, False,  True,
       False, False,  True, False, False, False, False,  True, False,
       False,  True, False, False, False, False, False, False,  True,
       False, False, False, False, False,  True, False, False, False,
       False, False, False, False, False,  True,  True, False, False,
       False, False,  True, False, False, False, False, False, False,
       False, False,  True, False, False, False, False, False, False,
       False, False, False, False,  True, False, False,  True, False,
       False,  True,  True, False,  True, False, False, False,  True,
       False, False])]
feature selector: add initial decoder weights
feature_selection_feature: initialized lasso regression with an alpha of 10 and a max number of iteration of 10000
<class 'features.simulation_features.SimCosineTunedEncWithNoise'>: added CosineTunedEncWithNoise 
TimeCountDown: assume  fps to be 60
finished instantiated experiment 0




 using encoder with additional noises  State space: ['hand_px', 'hand_py', 'hand_pz', 'hand_vx', 'hand_vy', 'hand_vz', 'offset'] 

<bound method GenericCosEncWithNoise._gen_fixed_gaussian_noise of <riglib.bmi.sim_neurons.GenericCosEncWithNoise object at 0x7faf7fbd0f10>>
neural encoder init function  <SimpleTargetCaptureWithHold(Thread-12, initial)>
features.simulation_features: added tracking of K matrix
sinkmanager start <class 'hdfwriter.hdfwriter.HDFWriter'>
Traceback (most recent call last):
  File "/home/aolab/sijia/brain-python-interface/riglib/bmi/bmi.py", line 1342, in cleanup_hdf
    self.write_clda_data_to_hdf_table(
  File "/home/aolab/sijia/brain-python-interface/riglib/bmi/bmi.py", line 1367, in write_clda_data_to_hdf_table
    log_file = open(os.path.expandvars('$HOME/code/bmi3d/log/clda_hdf_log'), 'a')
FileNotFoundError: [Errno 2] No such file or directory: '/home/aolab/code/bmi3d/log/clda_hdf_log'
/home/aolab/miniconda3/envs/sijia-feature-analysis/lib/python3.8/site-packages/aopy/preproc/bmi3d.py:382: UserWarning: Warning: no sync clock connected! This will usually result in problems.
  warnings.warn("Warning: no sync clock connected! This will usually result in problems.")
/home/aolab/miniconda3/envs/sijia-feature-analysis/lib/python3.8/site-packages/aopy/preproc/bmi3d.py:449: UserWarning: No sync events present, using bmi3d events instead
  warnings.warn("No sync events present, using bmi3d events instead")
<bmimultitasks.SimpleEndpointAssister object at 0x7fae72eaa940>
features.simulation_features: batch size is 100
Reset states for learner: 
[]
Done states for learner: 
[]

features.simulation_features.SimFeedbackLearner: flip the self.learn_flag to true
features.simulation_features.SimFeedbackLearner: succussfully created a feedback controller learner


SimSmoothBatchFullFeature: created a FULL FEATURE updater with a batch time of 1 and a half_life of 1.0 

..........................finished initialize experiement  0
select_decoder_features: first time (128, 7) (128, 7)
active feature set is [ True False  True  True False  True False False False False False  True
  True  True  True False False False False False False False False False
  True  True False False  True False  True False False False False False
  True False False False False  True False False  True False False False
  True False False False False  True False False  True False False False
 False  True False False  True False False False False False False  True
 False False False False False  True False False False False False False
 False False  True  True False False False False  True False False False
 False False False False False  True False False False False False False
 False False False False  True False False  True False False  True  True
 False  True False False False  True False False]
after trans: (32, 7)
after trans: (32, 32)
decoder change flag to false
assist_level at final value after 0 successful trials
Warning: Cannot sync more than 1 event per cycle
Overwriting [b'EXP_START'] with TARGET_ON event
KFSmoothBatchFullFeature: 128 neurons selected
KFSmoothBatchFullFeature: 128 neurons selected
KFSmoothBatchFullFeature: 128 neurons selected
KFSmoothBatchFullFeature: 128 neurons selected
KFSmoothBatchFullFeature: 128 neurons selected
KFSmoothBatchFullFeature: 128 neurons selected
KFSmoothBatchFullFeature: 128 neurons selected
KFSmoothBatchFullFeature: 128 neurons selected
KFSmoothBatchFullFeature: 128 neurons selected
KFSmoothBatchFullFeature: 128 neurons selected
KFSmoothBatchFullFeature: 128 neurons selected
KFSmoothBatchFullFeature: 128 neurons selected
KFSmoothBatchFullFeature: 128 neurons selected
KFSmoothBatchFullFeature: 128 neurons selected
KFSmoothBatchFullFeature: 128 neurons selected
KFSmoothBatchFullFeature: 128 neurons selected
KFSmoothBatchFullFeature: 128 neurons selected
KFSmoothBatchFullFeature: 128 neurons selected
KFSmoothBatchFullFeature: 128 neurons selected
KFSmoothBatchFullFeature: 128 neurons selected
KFSmoothBatchFullFeature: 128 neurons selected
KFSmoothBatchFullFeature: 128 neurons selected
KFSmoothBatchFullFeature: 128 neurons selected
KFSmoothBatchFullFeature: 128 neurons selected
KFSmoothBatchFullFeature: 128 neurons selected
KFSmoothBatchFullFeature: 128 neurons selected
KFSmoothBatchFullFeature: 128 neurons selected
KFSmoothBatchFullFeature: 128 neurons selected
KFSmoothBatchFullFeature: 128 neurons selected
KFSmoothBatchFullFeature: 128 neurons selected

 using encoder with additional noises  State space: ['hand_px', 'hand_py', 'hand_pz', 'hand_vx', 'hand_vy', 'hand_vz', 'offset'] 

<bound method GenericCosEncWithNoise._gen_fixed_gaussian_noise of <riglib.bmi.sim_neurons.GenericCosEncWithNoise object at 0x7fae740cb430>>
changed encoder at cycle 18000
KFSmoothBatchFullFeature: 128 neurons selected
KFSmoothBatchFullFeature: 128 neurons selected
KFSmoothBatchFullFeature: 128 neurons selected
KFSmoothBatchFullFeature: 128 neurons selected
KFSmoothBatchFullFeature: 128 neurons selected
KFSmoothBatchFullFeature: 128 neurons selected
KFSmoothBatchFullFeature: 128 neurons selected
KFSmoothBatchFullFeature: 128 neurons selected
KFSmoothBatchFullFeature: 128 neurons selected
KFSmoothBatchFullFeature: 128 neurons selected
KFSmoothBatchFullFeature: 128 neurons selected
KFSmoothBatchFullFeature: 128 neurons selected
KFSmoothBatchFullFeature: 128 neurons selected
KFSmoothBatchFullFeature: 128 neurons selected
KFSmoothBatchFullFeature: 128 neurons selected
KFSmoothBatchFullFeature: 128 neurons selected
KFSmoothBatchFullFeature: 128 neurons selected
KFSmoothBatchFullFeature: 128 neurons selected
KFSmoothBatchFullFeature: 128 neurons selected
KFSmoothBatchFullFeature: 128 neurons selected
KFSmoothBatchFullFeature: 128 neurons selected
KFSmoothBatchFullFeature: 128 neurons selected
KFSmoothBatchFullFeature: 128 neurons selected
KFSmoothBatchFullFeature: 128 neurons selected
KFSmoothBatchFullFeature: 128 neurons selected
KFSmoothBatchFullFeature: 128 neurons selected
KFSmoothBatchFullFeature: 128 neurons selected
KFSmoothBatchFullFeature: 128 neurons selected
KFSmoothBatchFullFeature: 128 neurons selected
KFSmoothBatchFullFeature: 128 neurons selected
KFSmoothBatchFullFeature: 128 neurons selected
KFSmoothBatchFullFeature: 128 neurons selected
KFSmoothBatchFullFeature: 128 neurons selected
KFSmoothBatchFullFeature: 128 neurons selected
KFSmoothBatchFullFeature: 128 neurons selected
KFSmoothBatchFullFeature: 128 neurons selected
KFSmoothBatchFullFeature: 128 neurons selected
KFSmoothBatchFullFeature: 128 neurons selected
KFSmoothBatchFullFeature: 128 neurons selected
KFSmoothBatchFullFeature: 128 neurons selected
KFSmoothBatchFullFeature: 128 neurons selected
KFSmoothBatchFullFeature: 128 neurons selected
KFSmoothBatchFullFeature: 128 neurons selected
KFSmoothBatchFullFeature: 128 neurons selected
KFSmoothBatchFullFeature: 128 neurons selected
KFSmoothBatchFullFeature: 128 neurons selected
KFSmoothBatchFullFeature: 128 neurons selected
KFSmoothBatchFullFeature: 128 neurons selected
KFSmoothBatchFullFeature: 128 neurons selected
KFSmoothBatchFullFeature: 128 neurons selected
KFSmoothBatchFullFeature: 128 neurons selected
KFSmoothBatchFullFeature: 128 neurons selected
KFSmoothBatchFullFeature: 128 neurons selected
KFSmoothBatchFullFeature: 128 neurons selected
KFSmoothBatchFullFeature: 128 neurons selected
KFSmoothBatchFullFeature: 128 neurons selected
KFSmoothBatchFullFeature: 128 neurons selected
KFSmoothBatchFullFeature: 128 neurons selected
KFSmoothBatchFullFeature: 128 neurons selected
KFSmoothBatchFullFeature: 128 neurons selected
KFSmoothBatchFullFeature: 128 neurons selected
KFSmoothBatchFullFeature: 128 neurons selected
KFSmoothBatchFullFeature: 128 neurons selected
KFSmoothBatchFullFeature: 128 neurons selected
KFSmoothBatchFullFeature: 128 neurons selected
KFSmoothBatchFullFeature: 128 neurons selected
KFSmoothBatchFullFeature: 128 neurons selected
KFSmoothBatchFullFeature: 128 neurons selected
KFSmoothBatchFullFeature: 128 neurons selected
KFSmoothBatchFullFeature: 128 neurons selected
KFSmoothBatchFullFeature: 128 neurons selected
KFSmoothBatchFullFeature: 128 neurons selected
KFSmoothBatchFullFeature: 128 neurons selected
KFSmoothBatchFullFeature: 128 neurons selected
KFSmoothBatchFullFeature: 128 neurons selected
KFSmoothBatchFullFeature: 128 neurons selected
KFSmoothBatchFullFeature: 128 neurons selected
KFSmoothBatchFullFeature: 128 neurons selected
KFSmoothBatchFullFeature: 128 neurons selected
KFSmoothBatchFullFeature: 128 neurons selected
KFSmoothBatchFullFeature: 128 neurons selected
KFSmoothBatchFullFeature: 128 neurons selected
KFSmoothBatchFullFeature: 128 neurons selected
KFSmoothBatchFullFeature: 128 neurons selected
KFSmoothBatchFullFeature: 128 neurons selected
KFSmoothBatchFullFeature: 128 neurons selected
KFSmoothBatchFullFeature: 128 neurons selected
KFSmoothBatchFullFeature: 128 neurons selected
KFSmoothBatchFullFeature: 128 neurons selected
KFSmoothBatchFullFeature: 128 neurons selected
finish  at cycle_count: 72000
..........................HDFWriter: Saving datafile to /tmp/tmp3uwrnzdn.h5
HDFWriter: opening file
HDFWriter registered 'sync_events'
HDFWriter registered 'sync_clock'
HDFWriter registered 'trials'
HDFWriter registered 'task'
Closed hdf
ended datasink
0
exit
end of FSM.run, task state is None
wait for 10s for hdf file to save
saving feature selection file name to /tmp/tmp3uwrnzdn.h5
Writing new group: /feature_selection
Added feat_set
Added C_mat
Added Q_diag
Added K_mat
Done!
saving lasso feature selection file name to /tmp/tmp3uwrnzdn.h5
Writing new group: /lasso_feature_selection
Added lasso_hist
Done!
Finished running  lasso_1.0_2_noise_32_128_100_3_clda_rho_0.5_batchlen_100_lasso_alpha_10_lasso_threshold_1_shuffle_rows_smooth_batch_with_full_feature
***********************************************************
***********************************************************

cp /tmp/tmp3uwrnzdn.h5 /home/aolab/sijia/data/figure3_lasso/lasso_1.0_2_noise_32_128_100_3_clda_rho_0.5_batchlen_100_lasso_alpha_10_lasso_threshold_1_shuffle_rows_smooth_batch_with_full_feature.h5
cp /tmp/tmp3uwrnzdn.h5.p /home/aolab/sijia/data/figure3_lasso/lasso_1.0_2_noise_32_128_100_3_clda_rho_0.5_batchlen_100_lasso_alpha_10_lasso_threshold_1_shuffle_rows_smooth_batch_with_full_feature.p
we have experimental conditions ['lasso_1.0_3_noise_32_128_100_3_clda_rho_0.5_batchlen_100_lasso_alpha_10_lasso_threshold_1_same']
simulation_setup_functions: get_enc_setup has a tuning_level of 1 

simulation_runs: set base class 
simulation_runs: selected SimKFDecoderRandom 

simulation_runs: set up encoder change with same
kwargs will be updated in a later time
the feature adaptation project is tracking dict_keys(['transform_x_flag', 'transform_y_flag', 'n_starting_feats', 'n_states', 'train_high_SNR_time', 'lasso_alpha', 'lasso_threshold', 'adaptive_lasso_flag', 'number_of_features', 'change_sim_c_at_cycle', 'new_sim_c']) 
we have got 1 exps

features.simulation_features.SimIntentionLQRController: LQRController used 


 features.simulation_features.SimFeedbackLearner: start to create a sim leaner with a batchsize of 100
features.simulation_features.SimSmoothBatch: rho in this simulation is  0.5

Use feature selector as a class feature with a a parent class
finished executing Experiment.__init__
in feature selector mod
use user supplied features
feature init: [array([False, False, False, False,  True,  True,  True, False,  True,
       False, False, False,  True, False, False,  True, False,  True,
       False, False, False, False, False,  True, False,  True, False,
       False, False, False, False, False, False, False,  True,  True,
       False, False, False, False, False, False,  True, False, False,
       False, False, False, False, False, False, False, False, False,
       False, False, False,  True,  True,  True, False, False, False,
       False, False,  True, False, False,  True, False,  True, False,
       False,  True, False, False, False, False, False, False,  True,
       False,  True, False, False, False, False, False,  True, False,
       False,  True, False, False, False, False, False,  True, False,
        True, False, False, False,  True, False, False, False, False,
       False, False, False, False,  True,  True, False, False,  True,
        True, False,  True, False, False, False, False,  True, False,
       False, False])]
feature selector: add initial decoder weights
feature_selection_feature: initialized lasso regression with an alpha of 10 and a max number of iteration of 10000
<class 'features.simulation_features.SimCosineTunedEncWithNoise'>: added CosineTunedEncWithNoise 
TimeCountDown: assume  fps to be 60
finished instantiated experiment 0




 using encoder with additional noises  State space: ['hand_px', 'hand_py', 'hand_pz', 'hand_vx', 'hand_vy', 'hand_vz', 'offset'] 

<bound method GenericCosEncWithNoise._gen_fixed_gaussian_noise of <riglib.bmi.sim_neurons.GenericCosEncWithNoise object at 0x7faf7fbd7340>>
neural encoder init function  <SimpleTargetCaptureWithHold(Thread-13, initial)>
features.simulation_features: added tracking of K matrix
sinkmanager start <class 'hdfwriter.hdfwriter.HDFWriter'>
Traceback (most recent call last):
  File "/home/aolab/sijia/brain-python-interface/riglib/bmi/bmi.py", line 1342, in cleanup_hdf
    self.write_clda_data_to_hdf_table(
  File "/home/aolab/sijia/brain-python-interface/riglib/bmi/bmi.py", line 1367, in write_clda_data_to_hdf_table
    log_file = open(os.path.expandvars('$HOME/code/bmi3d/log/clda_hdf_log'), 'a')
FileNotFoundError: [Errno 2] No such file or directory: '/home/aolab/code/bmi3d/log/clda_hdf_log'
/home/aolab/miniconda3/envs/sijia-feature-analysis/lib/python3.8/site-packages/aopy/preproc/bmi3d.py:382: UserWarning: Warning: no sync clock connected! This will usually result in problems.
  warnings.warn("Warning: no sync clock connected! This will usually result in problems.")
/home/aolab/miniconda3/envs/sijia-feature-analysis/lib/python3.8/site-packages/aopy/preproc/bmi3d.py:449: UserWarning: No sync events present, using bmi3d events instead
  warnings.warn("No sync events present, using bmi3d events instead")
<bmimultitasks.SimpleEndpointAssister object at 0x7fae740d08b0>
features.simulation_features: batch size is 100
Reset states for learner: 
[]
Done states for learner: 
[]

features.simulation_features.SimFeedbackLearner: flip the self.learn_flag to true
features.simulation_features.SimFeedbackLearner: succussfully created a feedback controller learner


SimSmoothBatch: created an updater with a batch time of 1 and a half_life of 1.0 

..........................finished initialize experiement  0
select_decoder_features: first time (128, 7) (128, 7)
active feature set is [False False False False  True  True  True False  True False False False
  True False False  True False  True False False False False False  True
 False  True False False False False False False False False  True  True
 False False False False False False  True False False False False False
 False False False False False False False False False  True  True  True
 False False False False False  True False False  True False  True False
 False  True False False False False False False  True False  True False
 False False False False  True False False  True False False False False
 False  True False  True False False False  True False False False False
 False False False False  True  True False False  True  True False  True
 False False False False  True False False False]
after trans: (32, 7)
after trans: (32, 32)
decoder change flag to false
assist_level at final value after 0 successful trials
Warning: Cannot sync more than 1 event per cycle
Overwriting [b'EXP_START'] with TARGET_ON event
decoder does not change here at 600
decoder does not change here at 1200
decoder does not change here at 1800
decoder does not change here at 2400
decoder does not change here at 3000
decoder does not change here at 3600
decoder does not change here at 4200
observations have counts >> 1000 
decoder does not change here at 4800
decoder does not change here at 5400
decoder does not change here at 6000
decoder does not change here at 6600
decoder does not change here at 7200
decoder does not change here at 7800
decoder does not change here at 8400
decoder does not change here at 9000
decoder does not change here at 9600
decoder does not change here at 10200
decoder does not change here at 10800
decoder does not change here at 11400
decoder does not change here at 12000
decoder does not change here at 12600
decoder does not change here at 13200
decoder does not change here at 13800
observations have counts >> 1000 
decoder does not change here at 14400
decoder does not change here at 15000
decoder does not change here at 15600
decoder does not change here at 16200
decoder does not change here at 16800
decoder does not change here at 17400
decoder does not change here at 18000

 using encoder with additional noises  State space: ['hand_px', 'hand_py', 'hand_pz', 'hand_vx', 'hand_vy', 'hand_vz', 'offset'] 

<bound method GenericCosEncWithNoise._gen_fixed_gaussian_noise of <riglib.bmi.sim_neurons.GenericCosEncWithNoise object at 0x7fae740e7d30>>
changed encoder at cycle 18000
decoder does not change here at 18600
observations have counts >> 1000 
decoder does not change here at 19200
decoder does not change here at 19800
observations have counts >> 1000 
observations have counts >> 1000 
observations have counts >> 1000 
observations have counts >> 1000 
observations have counts >> 1000 
observations have counts >> 1000 
observations have counts >> 1000 
observations have counts >> 1000 
observations have counts >> 1000 
observations have counts >> 1000 
observations have counts >> 1000 
observations have counts >> 1000 
observations have counts >> 1000 
decoder does not change here at 20400
decoder does not change here at 21000
decoder does not change here at 21600
decoder does not change here at 22200
decoder does not change here at 22800
decoder does not change here at 23400
decoder does not change here at 24000
decoder does not change here at 24600
observations have counts >> 1000 
decoder does not change here at 25200
observations have counts >> 1000 
decoder does not change here at 25800
observations have counts >> 1000 
decoder does not change here at 26400
decoder does not change here at 27000
decoder does not change here at 27600
decoder does not change here at 28200
decoder does not change here at 28800
decoder does not change here at 29400
decoder does not change here at 30000
decoder does not change here at 30600
decoder does not change here at 31200
decoder does not change here at 31800
decoder does not change here at 32400
decoder does not change here at 33000
decoder does not change here at 33600
decoder does not change here at 34200
decoder does not change here at 34800
decoder does not change here at 35400
decoder does not change here at 36000
observations have counts >> 1000 
decoder does not change here at 36600
observations have counts >> 1000 
decoder does not change here at 37200
decoder does not change here at 37800
decoder does not change here at 38400
decoder does not change here at 39000
decoder does not change here at 39600
decoder does not change here at 40200
decoder does not change here at 40800
observations have counts >> 1000 
decoder does not change here at 41400
observations have counts >> 1000 
observations have counts >> 1000 
observations have counts >> 1000 
observations have counts >> 1000 
observations have counts >> 1000 
decoder does not change here at 42000
decoder does not change here at 42600
decoder does not change here at 43200
decoder does not change here at 43800
decoder does not change here at 44400
decoder does not change here at 45000
decoder does not change here at 45600
decoder does not change here at 46200
observations have counts >> 1000 
decoder does not change here at 46800
decoder does not change here at 47400
decoder does not change here at 48000
decoder does not change here at 48600
decoder does not change here at 49200
decoder does not change here at 49800
decoder does not change here at 50400
decoder does not change here at 51000
decoder does not change here at 51600
decoder does not change here at 52200
observations have counts >> 1000 
observations have counts >> 1000 
observations have counts >> 1000 
decoder does not change here at 52800
decoder does not change here at 53400
decoder does not change here at 54000
decoder does not change here at 54600
decoder does not change here at 55200
decoder does not change here at 55800
decoder does not change here at 56400
decoder does not change here at 57000
decoder does not change here at 57600
decoder does not change here at 58200
decoder does not change here at 58800
decoder does not change here at 59400
decoder does not change here at 60000
observations have counts >> 1000 
observations have counts >> 1000 
decoder does not change here at 60600
decoder does not change here at 61200
decoder does not change here at 61800
decoder does not change here at 62400
decoder does not change here at 63000
decoder does not change here at 63600
decoder does not change here at 64200
observations have counts >> 1000 
observations have counts >> 1000 
observations have counts >> 1000 
decoder does not change here at 64800
decoder does not change here at 65400
decoder does not change here at 66000
observations have counts >> 1000 
observations have counts >> 1000 
observations have counts >> 1000 
observations have counts >> 1000 
decoder does not change here at 66600
decoder does not change here at 67200
decoder does not change here at 67800
decoder does not change here at 68400
decoder does not change here at 69000
observations have counts >> 1000 
decoder does not change here at 69600
decoder does not change here at 70200
observations have counts >> 1000 
decoder does not change here at 70800
decoder does not change here at 71400
observations have counts >> 1000 
decoder does not change here at 72000
finish  at cycle_count: 72000
/home/aolab/miniconda3/envs/sijia-feature-analysis/lib/python3.8/site-packages/sklearn/linear_model/_coordinate_descent.py:529: ConvergenceWarning: Objective did not converge. You might want to increase the number of iterations. Duality gap: 3026.263093615785, tolerance: 19.27205915788641
  model = cd_fast.enet_coordinate_descent(
..........................HDFWriter: Saving datafile to /tmp/tmpbt08p19z.h5
HDFWriter: opening file
HDFWriter registered 'sync_events'
HDFWriter registered 'sync_clock'
HDFWriter registered 'trials'
HDFWriter registered 'task'
Closed hdf
ended datasink
0
exit
end of FSM.run, task state is None
wait for 10s for hdf file to save
saving feature selection file name to /tmp/tmpbt08p19z.h5
Writing new group: /feature_selection
Added feat_set
Added C_mat
Added Q_diag
Added K_mat
Done!
saving lasso feature selection file name to /tmp/tmpbt08p19z.h5
Writing new group: /lasso_feature_selection
Added lasso_hist
Done!
Finished running  lasso_1.0_3_noise_32_128_100_3_clda_rho_0.5_batchlen_100_lasso_alpha_10_lasso_threshold_1_same
***********************************************************
***********************************************************

cp /tmp/tmpbt08p19z.h5 /home/aolab/sijia/data/figure3_lasso/lasso_1.0_3_noise_32_128_100_3_clda_rho_0.5_batchlen_100_lasso_alpha_10_lasso_threshold_1_same.h5
cp /tmp/tmpbt08p19z.h5.p /home/aolab/sijia/data/figure3_lasso/lasso_1.0_3_noise_32_128_100_3_clda_rho_0.5_batchlen_100_lasso_alpha_10_lasso_threshold_1_same.p
we have experimental conditions ['lasso_1.0_3_noise_32_128_100_3_clda_rho_0.5_batchlen_100_lasso_alpha_10_lasso_threshold_1_same_smooth_batch_with_full_feature']
simulation_setup_functions: get_enc_setup has a tuning_level of 1 

simulation_runs: set base class 
simulation_runs: selected SimKFDecoderRandom 

simulation_runs: set up encoder change with same
kwargs will be updated in a later time
the feature adaptation project is tracking dict_keys(['transform_x_flag', 'transform_y_flag', 'n_starting_feats', 'n_states', 'train_high_SNR_time', 'lasso_alpha', 'lasso_threshold', 'adaptive_lasso_flag', 'number_of_features', 'change_sim_c_at_cycle', 'new_sim_c']) 
we have got 1 exps

features.simulation_features.SimIntentionLQRController: LQRController used 


 features.simulation_features.SimFeedbackLearner: start to create a sim leaner with a batchsize of 100
features.simulation_features.SimSmoothBatch: rho in this simulation is  0.5

Use feature selector as a class feature with a a parent class
finished executing Experiment.__init__
in feature selector mod
use user supplied features
feature init: [array([False, False, False, False,  True,  True,  True, False,  True,
       False, False, False,  True, False, False,  True, False,  True,
       False, False, False, False, False,  True, False,  True, False,
       False, False, False, False, False, False, False,  True,  True,
       False, False, False, False, False, False,  True, False, False,
       False, False, False, False, False, False, False, False, False,
       False, False, False,  True,  True,  True, False, False, False,
       False, False,  True, False, False,  True, False,  True, False,
       False,  True, False, False, False, False, False, False,  True,
       False,  True, False, False, False, False, False,  True, False,
       False,  True, False, False, False, False, False,  True, False,
        True, False, False, False,  True, False, False, False, False,
       False, False, False, False,  True,  True, False, False,  True,
        True, False,  True, False, False, False, False,  True, False,
       False, False])]
feature selector: add initial decoder weights
feature_selection_feature: initialized lasso regression with an alpha of 10 and a max number of iteration of 10000
<class 'features.simulation_features.SimCosineTunedEncWithNoise'>: added CosineTunedEncWithNoise 
TimeCountDown: assume  fps to be 60
finished instantiated experiment 0




 using encoder with additional noises  State space: ['hand_px', 'hand_py', 'hand_pz', 'hand_vx', 'hand_vy', 'hand_vz', 'offset'] 

<bound method GenericCosEncWithNoise._gen_fixed_gaussian_noise of <riglib.bmi.sim_neurons.GenericCosEncWithNoise object at 0x7fae740f7160>>
neural encoder init function  <SimpleTargetCaptureWithHold(Thread-14, initial)>
features.simulation_features: added tracking of K matrix
sinkmanager start <class 'hdfwriter.hdfwriter.HDFWriter'>
Traceback (most recent call last):
  File "/home/aolab/sijia/brain-python-interface/riglib/bmi/bmi.py", line 1342, in cleanup_hdf
    self.write_clda_data_to_hdf_table(
  File "/home/aolab/sijia/brain-python-interface/riglib/bmi/bmi.py", line 1367, in write_clda_data_to_hdf_table
    log_file = open(os.path.expandvars('$HOME/code/bmi3d/log/clda_hdf_log'), 'a')
FileNotFoundError: [Errno 2] No such file or directory: '/home/aolab/code/bmi3d/log/clda_hdf_log'
/home/aolab/miniconda3/envs/sijia-feature-analysis/lib/python3.8/site-packages/aopy/preproc/bmi3d.py:382: UserWarning: Warning: no sync clock connected! This will usually result in problems.
  warnings.warn("Warning: no sync clock connected! This will usually result in problems.")
/home/aolab/miniconda3/envs/sijia-feature-analysis/lib/python3.8/site-packages/aopy/preproc/bmi3d.py:449: UserWarning: No sync events present, using bmi3d events instead
  warnings.warn("No sync events present, using bmi3d events instead")
<bmimultitasks.SimpleEndpointAssister object at 0x7fae75284b20>
features.simulation_features: batch size is 100
Reset states for learner: 
[]
Done states for learner: 
[]

features.simulation_features.SimFeedbackLearner: flip the self.learn_flag to true
features.simulation_features.SimFeedbackLearner: succussfully created a feedback controller learner


SimSmoothBatchFullFeature: created a FULL FEATURE updater with a batch time of 1 and a half_life of 1.0 

..........................finished initialize experiement  0
select_decoder_features: first time (128, 7) (128, 7)
active feature set is [False False False False  True  True  True False  True False False False
  True False False  True False  True False False False False False  True
 False  True False False False False False False False False  True  True
 False False False False False False  True False False False False False
 False False False False False False False False False  True  True  True
 False False False False False  True False False  True False  True False
 False  True False False False False False False  True False  True False
 False False False False  True False False  True False False False False
 False  True False  True False False False  True False False False False
 False False False False  True  True False False  True  True False  True
 False False False False  True False False False]
after trans: (32, 7)
after trans: (32, 32)
decoder change flag to false
assist_level at final value after 0 successful trials
Warning: Cannot sync more than 1 event per cycle
Overwriting [b'EXP_START'] with TARGET_ON event
KFSmoothBatchFullFeature: 128 neurons selected
KFSmoothBatchFullFeature: 128 neurons selected
KFSmoothBatchFullFeature: 128 neurons selected
KFSmoothBatchFullFeature: 128 neurons selected
KFSmoothBatchFullFeature: 128 neurons selected
KFSmoothBatchFullFeature: 128 neurons selected
KFSmoothBatchFullFeature: 128 neurons selected
KFSmoothBatchFullFeature: 128 neurons selected
KFSmoothBatchFullFeature: 128 neurons selected
KFSmoothBatchFullFeature: 128 neurons selected
KFSmoothBatchFullFeature: 128 neurons selected
KFSmoothBatchFullFeature: 128 neurons selected
KFSmoothBatchFullFeature: 128 neurons selected
KFSmoothBatchFullFeature: 128 neurons selected
KFSmoothBatchFullFeature: 128 neurons selected
KFSmoothBatchFullFeature: 128 neurons selected
KFSmoothBatchFullFeature: 128 neurons selected
KFSmoothBatchFullFeature: 128 neurons selected
KFSmoothBatchFullFeature: 128 neurons selected
KFSmoothBatchFullFeature: 128 neurons selected
KFSmoothBatchFullFeature: 128 neurons selected
KFSmoothBatchFullFeature: 128 neurons selected
KFSmoothBatchFullFeature: 128 neurons selected
KFSmoothBatchFullFeature: 128 neurons selected
KFSmoothBatchFullFeature: 128 neurons selected
KFSmoothBatchFullFeature: 128 neurons selected
KFSmoothBatchFullFeature: 128 neurons selected
KFSmoothBatchFullFeature: 128 neurons selected
KFSmoothBatchFullFeature: 128 neurons selected
KFSmoothBatchFullFeature: 128 neurons selected

 using encoder with additional noises  State space: ['hand_px', 'hand_py', 'hand_pz', 'hand_vx', 'hand_vy', 'hand_vz', 'offset'] 

<bound method GenericCosEncWithNoise._gen_fixed_gaussian_noise of <riglib.bmi.sim_neurons.GenericCosEncWithNoise object at 0x7faf7fbc02e0>>
changed encoder at cycle 18000
KFSmoothBatchFullFeature: 128 neurons selected
KFSmoothBatchFullFeature: 128 neurons selected
KFSmoothBatchFullFeature: 128 neurons selected
KFSmoothBatchFullFeature: 128 neurons selected
KFSmoothBatchFullFeature: 128 neurons selected
KFSmoothBatchFullFeature: 128 neurons selected
KFSmoothBatchFullFeature: 128 neurons selected
KFSmoothBatchFullFeature: 128 neurons selected
KFSmoothBatchFullFeature: 128 neurons selected
KFSmoothBatchFullFeature: 128 neurons selected
KFSmoothBatchFullFeature: 128 neurons selected
KFSmoothBatchFullFeature: 128 neurons selected
KFSmoothBatchFullFeature: 128 neurons selected
KFSmoothBatchFullFeature: 128 neurons selected
KFSmoothBatchFullFeature: 128 neurons selected
KFSmoothBatchFullFeature: 128 neurons selected
KFSmoothBatchFullFeature: 128 neurons selected
KFSmoothBatchFullFeature: 128 neurons selected
KFSmoothBatchFullFeature: 128 neurons selected
KFSmoothBatchFullFeature: 128 neurons selected
KFSmoothBatchFullFeature: 128 neurons selected
KFSmoothBatchFullFeature: 128 neurons selected
KFSmoothBatchFullFeature: 128 neurons selected
KFSmoothBatchFullFeature: 128 neurons selected
KFSmoothBatchFullFeature: 128 neurons selected
KFSmoothBatchFullFeature: 128 neurons selected
KFSmoothBatchFullFeature: 128 neurons selected
KFSmoothBatchFullFeature: 128 neurons selected
KFSmoothBatchFullFeature: 128 neurons selected
KFSmoothBatchFullFeature: 128 neurons selected
KFSmoothBatchFullFeature: 128 neurons selected
KFSmoothBatchFullFeature: 128 neurons selected
KFSmoothBatchFullFeature: 128 neurons selected
KFSmoothBatchFullFeature: 128 neurons selected
KFSmoothBatchFullFeature: 128 neurons selected
KFSmoothBatchFullFeature: 128 neurons selected
KFSmoothBatchFullFeature: 128 neurons selected
KFSmoothBatchFullFeature: 128 neurons selected
KFSmoothBatchFullFeature: 128 neurons selected
KFSmoothBatchFullFeature: 128 neurons selected
KFSmoothBatchFullFeature: 128 neurons selected
KFSmoothBatchFullFeature: 128 neurons selected
KFSmoothBatchFullFeature: 128 neurons selected
KFSmoothBatchFullFeature: 128 neurons selected
KFSmoothBatchFullFeature: 128 neurons selected
KFSmoothBatchFullFeature: 128 neurons selected
KFSmoothBatchFullFeature: 128 neurons selected
KFSmoothBatchFullFeature: 128 neurons selected
KFSmoothBatchFullFeature: 128 neurons selected
KFSmoothBatchFullFeature: 128 neurons selected
KFSmoothBatchFullFeature: 128 neurons selected
KFSmoothBatchFullFeature: 128 neurons selected
KFSmoothBatchFullFeature: 128 neurons selected
KFSmoothBatchFullFeature: 128 neurons selected
KFSmoothBatchFullFeature: 128 neurons selected
KFSmoothBatchFullFeature: 128 neurons selected
KFSmoothBatchFullFeature: 128 neurons selected
KFSmoothBatchFullFeature: 128 neurons selected
KFSmoothBatchFullFeature: 128 neurons selected
KFSmoothBatchFullFeature: 128 neurons selected
KFSmoothBatchFullFeature: 128 neurons selected
KFSmoothBatchFullFeature: 128 neurons selected
KFSmoothBatchFullFeature: 128 neurons selected
KFSmoothBatchFullFeature: 128 neurons selected
KFSmoothBatchFullFeature: 128 neurons selected
KFSmoothBatchFullFeature: 128 neurons selected
KFSmoothBatchFullFeature: 128 neurons selected
KFSmoothBatchFullFeature: 128 neurons selected
KFSmoothBatchFullFeature: 128 neurons selected
KFSmoothBatchFullFeature: 128 neurons selected
KFSmoothBatchFullFeature: 128 neurons selected
KFSmoothBatchFullFeature: 128 neurons selected
KFSmoothBatchFullFeature: 128 neurons selected
KFSmoothBatchFullFeature: 128 neurons selected
KFSmoothBatchFullFeature: 128 neurons selected
KFSmoothBatchFullFeature: 128 neurons selected
KFSmoothBatchFullFeature: 128 neurons selected
KFSmoothBatchFullFeature: 128 neurons selected
KFSmoothBatchFullFeature: 128 neurons selected
KFSmoothBatchFullFeature: 128 neurons selected
KFSmoothBatchFullFeature: 128 neurons selected
KFSmoothBatchFullFeature: 128 neurons selected
KFSmoothBatchFullFeature: 128 neurons selected
KFSmoothBatchFullFeature: 128 neurons selected
KFSmoothBatchFullFeature: 128 neurons selected
KFSmoothBatchFullFeature: 128 neurons selected
KFSmoothBatchFullFeature: 128 neurons selected
KFSmoothBatchFullFeature: 128 neurons selected
KFSmoothBatchFullFeature: 128 neurons selected
KFSmoothBatchFullFeature: 128 neurons selected
finish  at cycle_count: 72000
..........................HDFWriter: Saving datafile to /tmp/tmpjheo89mf.h5
HDFWriter: opening file
HDFWriter registered 'sync_events'
HDFWriter registered 'sync_clock'
HDFWriter registered 'trials'
HDFWriter registered 'task'
Closed hdf
ended datasink
0
exit
end of FSM.run, task state is None
wait for 10s for hdf file to save
saving feature selection file name to /tmp/tmpjheo89mf.h5
Writing new group: /feature_selection
Added feat_set
Added C_mat
Added Q_diag
Added K_mat
Done!
saving lasso feature selection file name to /tmp/tmpjheo89mf.h5
Writing new group: /lasso_feature_selection
Added lasso_hist
Done!
Finished running  lasso_1.0_3_noise_32_128_100_3_clda_rho_0.5_batchlen_100_lasso_alpha_10_lasso_threshold_1_same_smooth_batch_with_full_feature
***********************************************************
***********************************************************

cp /tmp/tmpjheo89mf.h5 /home/aolab/sijia/data/figure3_lasso/lasso_1.0_3_noise_32_128_100_3_clda_rho_0.5_batchlen_100_lasso_alpha_10_lasso_threshold_1_same_smooth_batch_with_full_feature.h5
cp /tmp/tmpjheo89mf.h5.p /home/aolab/sijia/data/figure3_lasso/lasso_1.0_3_noise_32_128_100_3_clda_rho_0.5_batchlen_100_lasso_alpha_10_lasso_threshold_1_same_smooth_batch_with_full_feature.p
we have experimental conditions ['lasso_1.0_3_noise_32_128_100_3_clda_rho_0.5_batchlen_100_lasso_alpha_10_lasso_threshold_1_shuffle_rows']
simulation_setup_functions: get_enc_setup has a tuning_level of 1 

simulation_runs: set base class 
simulation_runs: selected SimKFDecoderRandom 

simulation_runs: set up encoder change with shuffle_rows
kwargs will be updated in a later time
the feature adaptation project is tracking dict_keys(['transform_x_flag', 'transform_y_flag', 'n_starting_feats', 'n_states', 'train_high_SNR_time', 'lasso_alpha', 'lasso_threshold', 'adaptive_lasso_flag', 'number_of_features', 'change_sim_c_at_cycle', 'new_sim_c']) 
we have got 1 exps

features.simulation_features.SimIntentionLQRController: LQRController used 


 features.simulation_features.SimFeedbackLearner: start to create a sim leaner with a batchsize of 100
features.simulation_features.SimSmoothBatch: rho in this simulation is  0.5

Use feature selector as a class feature with a a parent class
finished executing Experiment.__init__
in feature selector mod
use user supplied features
feature init: [array([False, False, False, False,  True,  True,  True, False,  True,
       False, False, False,  True, False, False,  True, False,  True,
       False, False, False, False, False,  True, False,  True, False,
       False, False, False, False, False, False, False,  True,  True,
       False, False, False, False, False, False,  True, False, False,
       False, False, False, False, False, False, False, False, False,
       False, False, False,  True,  True,  True, False, False, False,
       False, False,  True, False, False,  True, False,  True, False,
       False,  True, False, False, False, False, False, False,  True,
       False,  True, False, False, False, False, False,  True, False,
       False,  True, False, False, False, False, False,  True, False,
        True, False, False, False,  True, False, False, False, False,
       False, False, False, False,  True,  True, False, False,  True,
        True, False,  True, False, False, False, False,  True, False,
       False, False])]
feature selector: add initial decoder weights
feature_selection_feature: initialized lasso regression with an alpha of 10 and a max number of iteration of 10000
<class 'features.simulation_features.SimCosineTunedEncWithNoise'>: added CosineTunedEncWithNoise 
TimeCountDown: assume  fps to be 60
finished instantiated experiment 0




 using encoder with additional noises  State space: ['hand_px', 'hand_py', 'hand_pz', 'hand_vx', 'hand_vy', 'hand_vz', 'offset'] 

<bound method GenericCosEncWithNoise._gen_fixed_gaussian_noise of <riglib.bmi.sim_neurons.GenericCosEncWithNoise object at 0x7fae736a9a60>>
neural encoder init function  <SimpleTargetCaptureWithHold(Thread-15, initial)>
features.simulation_features: added tracking of K matrix
sinkmanager start <class 'hdfwriter.hdfwriter.HDFWriter'>
Traceback (most recent call last):
  File "/home/aolab/sijia/brain-python-interface/riglib/bmi/bmi.py", line 1342, in cleanup_hdf
    self.write_clda_data_to_hdf_table(
  File "/home/aolab/sijia/brain-python-interface/riglib/bmi/bmi.py", line 1367, in write_clda_data_to_hdf_table
    log_file = open(os.path.expandvars('$HOME/code/bmi3d/log/clda_hdf_log'), 'a')
FileNotFoundError: [Errno 2] No such file or directory: '/home/aolab/code/bmi3d/log/clda_hdf_log'
/home/aolab/miniconda3/envs/sijia-feature-analysis/lib/python3.8/site-packages/aopy/preproc/bmi3d.py:382: UserWarning: Warning: no sync clock connected! This will usually result in problems.
  warnings.warn("Warning: no sync clock connected! This will usually result in problems.")
/home/aolab/miniconda3/envs/sijia-feature-analysis/lib/python3.8/site-packages/aopy/preproc/bmi3d.py:449: UserWarning: No sync events present, using bmi3d events instead
  warnings.warn("No sync events present, using bmi3d events instead")
<bmimultitasks.SimpleEndpointAssister object at 0x7fae740dffa0>
features.simulation_features: batch size is 100
Reset states for learner: 
[]
Done states for learner: 
[]

features.simulation_features.SimFeedbackLearner: flip the self.learn_flag to true
features.simulation_features.SimFeedbackLearner: succussfully created a feedback controller learner


SimSmoothBatch: created an updater with a batch time of 1 and a half_life of 1.0 

..........................finished initialize experiement  0
select_decoder_features: first time (128, 7) (128, 7)
active feature set is [False False False False  True  True  True False  True False False False
  True False False  True False  True False False False False False  True
 False  True False False False False False False False False  True  True
 False False False False False False  True False False False False False
 False False False False False False False False False  True  True  True
 False False False False False  True False False  True False  True False
 False  True False False False False False False  True False  True False
 False False False False  True False False  True False False False False
 False  True False  True False False False  True False False False False
 False False False False  True  True False False  True  True False  True
 False False False False  True False False False]
after trans: (32, 7)
after trans: (32, 32)
decoder change flag to false
assist_level at final value after 0 successful trials
Warning: Cannot sync more than 1 event per cycle
Overwriting [b'EXP_START'] with TARGET_ON event
decoder does not change here at 600
decoder does not change here at 1200
decoder does not change here at 1800
decoder does not change here at 2400
decoder does not change here at 3000
decoder does not change here at 3600
decoder does not change here at 4200
decoder does not change here at 4800
decoder does not change here at 5400
decoder does not change here at 6000
decoder does not change here at 6600
decoder does not change here at 7200
decoder does not change here at 7800
decoder does not change here at 8400
decoder does not change here at 9000
decoder does not change here at 9600
decoder does not change here at 10200
decoder does not change here at 10800
decoder does not change here at 11400
decoder does not change here at 12000
decoder does not change here at 12600
decoder does not change here at 13200
decoder does not change here at 13800
decoder does not change here at 14400
decoder does not change here at 15000
decoder does not change here at 15600
decoder does not change here at 16200
decoder does not change here at 16800
decoder does not change here at 17400
decoder does not change here at 18000

 using encoder with additional noises  State space: ['hand_px', 'hand_py', 'hand_pz', 'hand_vx', 'hand_vy', 'hand_vz', 'offset'] 

<bound method GenericCosEncWithNoise._gen_fixed_gaussian_noise of <riglib.bmi.sim_neurons.GenericCosEncWithNoise object at 0x7fae740f3700>>
changed encoder at cycle 18000
decoder does not change here at 18600
decoder does not change here at 19200
decoder does not change here at 19800
decoder does not change here at 20400
decoder does not change here at 21000
decoder does not change here at 21600
decoder does not change here at 22200
decoder does not change here at 22800
decoder does not change here at 23400
decoder does not change here at 24000
decoder does not change here at 24600
decoder does not change here at 25200
decoder does not change here at 25800
decoder does not change here at 26400
decoder does not change here at 27000
decoder does not change here at 27600
decoder does not change here at 28200
observations have counts >> 1000 
observations have counts >> 1000 
observations have counts >> 1000 
observations have counts >> 1000 
decoder does not change here at 28800
decoder does not change here at 29400
decoder does not change here at 30000
decoder does not change here at 30600
decoder does not change here at 31200
decoder does not change here at 31800
decoder does not change here at 32400
decoder does not change here at 33000
decoder does not change here at 33600
decoder does not change here at 34200
decoder does not change here at 34800
decoder does not change here at 35400
observations have counts >> 1000 
observations have counts >> 1000 
observations have counts >> 1000 
decoder does not change here at 36000
decoder does not change here at 36600
decoder does not change here at 37200
decoder does not change here at 37800
decoder does not change here at 38400
decoder does not change here at 39000
observations have counts >> 1000 
decoder does not change here at 39600
decoder does not change here at 40200
decoder does not change here at 40800
decoder does not change here at 41400
decoder does not change here at 42000
decoder does not change here at 42600
decoder does not change here at 43200
decoder does not change here at 43800
decoder does not change here at 44400
decoder does not change here at 45000
decoder does not change here at 45600
observations have counts >> 1000 
observations have counts >> 1000 
decoder does not change here at 46200
observations have counts >> 1000 
observations have counts >> 1000 
decoder does not change here at 46800
decoder does not change here at 47400
observations have counts >> 1000 
decoder does not change here at 48000
decoder does not change here at 48600
decoder does not change here at 49200
decoder does not change here at 49800
decoder does not change here at 50400
observations have counts >> 1000 
decoder does not change here at 51000
observations have counts >> 1000 
decoder does not change here at 51600
decoder does not change here at 52200
decoder does not change here at 52800
decoder does not change here at 53400
decoder does not change here at 54000
decoder does not change here at 54600
decoder does not change here at 55200
decoder does not change here at 55800
decoder does not change here at 56400
decoder does not change here at 57000
decoder does not change here at 57600
decoder does not change here at 58200
decoder does not change here at 58800
decoder does not change here at 59400
decoder does not change here at 60000
observations have counts >> 1000 
observations have counts >> 1000 
decoder does not change here at 60600
decoder does not change here at 61200
decoder does not change here at 61800
decoder does not change here at 62400
decoder does not change here at 63000
decoder does not change here at 63600
observations have counts >> 1000 
observations have counts >> 1000 
observations have counts >> 1000 
decoder does not change here at 64200
decoder does not change here at 64800
decoder does not change here at 65400
decoder does not change here at 66000
decoder does not change here at 66600
decoder does not change here at 67200
decoder does not change here at 67800
decoder does not change here at 68400
observations have counts >> 1000 
observations have counts >> 1000 
decoder does not change here at 69000
decoder does not change here at 69600
decoder does not change here at 70200
decoder does not change here at 70800
decoder does not change here at 71400
decoder does not change here at 72000
finish  at cycle_count: 72000
..........................HDFWriter: Saving datafile to /tmp/tmpd6jahrm9.h5
HDFWriter: opening file
HDFWriter registered 'sync_events'
HDFWriter registered 'sync_clock'
HDFWriter registered 'trials'
HDFWriter registered 'task'
Closed hdf
ended datasink
0
exit
end of FSM.run, task state is None
wait for 10s for hdf file to save
saving feature selection file name to /tmp/tmpd6jahrm9.h5
Writing new group: /feature_selection
Added feat_set
Added C_mat
Added Q_diag
Added K_mat
Done!
saving lasso feature selection file name to /tmp/tmpd6jahrm9.h5
Writing new group: /lasso_feature_selection
Added lasso_hist
Done!
Finished running  lasso_1.0_3_noise_32_128_100_3_clda_rho_0.5_batchlen_100_lasso_alpha_10_lasso_threshold_1_shuffle_rows
***********************************************************
***********************************************************

cp /tmp/tmpd6jahrm9.h5 /home/aolab/sijia/data/figure3_lasso/lasso_1.0_3_noise_32_128_100_3_clda_rho_0.5_batchlen_100_lasso_alpha_10_lasso_threshold_1_shuffle_rows.h5
cp /tmp/tmpd6jahrm9.h5.p /home/aolab/sijia/data/figure3_lasso/lasso_1.0_3_noise_32_128_100_3_clda_rho_0.5_batchlen_100_lasso_alpha_10_lasso_threshold_1_shuffle_rows.p
we have experimental conditions ['lasso_1.0_3_noise_32_128_100_3_clda_rho_0.5_batchlen_100_lasso_alpha_10_lasso_threshold_1_shuffle_rows_smooth_batch_with_full_feature']
simulation_setup_functions: get_enc_setup has a tuning_level of 1 

simulation_runs: set base class 
simulation_runs: selected SimKFDecoderRandom 

simulation_runs: set up encoder change with shuffle_rows
kwargs will be updated in a later time
the feature adaptation project is tracking dict_keys(['transform_x_flag', 'transform_y_flag', 'n_starting_feats', 'n_states', 'train_high_SNR_time', 'lasso_alpha', 'lasso_threshold', 'adaptive_lasso_flag', 'number_of_features', 'change_sim_c_at_cycle', 'new_sim_c']) 
we have got 1 exps

features.simulation_features.SimIntentionLQRController: LQRController used 


 features.simulation_features.SimFeedbackLearner: start to create a sim leaner with a batchsize of 100
features.simulation_features.SimSmoothBatch: rho in this simulation is  0.5

Use feature selector as a class feature with a a parent class
finished executing Experiment.__init__
in feature selector mod
use user supplied features
feature init: [array([False, False, False, False,  True,  True,  True, False,  True,
       False, False, False,  True, False, False,  True, False,  True,
       False, False, False, False, False,  True, False,  True, False,
       False, False, False, False, False, False, False,  True,  True,
       False, False, False, False, False, False,  True, False, False,
       False, False, False, False, False, False, False, False, False,
       False, False, False,  True,  True,  True, False, False, False,
       False, False,  True, False, False,  True, False,  True, False,
       False,  True, False, False, False, False, False, False,  True,
       False,  True, False, False, False, False, False,  True, False,
       False,  True, False, False, False, False, False,  True, False,
        True, False, False, False,  True, False, False, False, False,
       False, False, False, False,  True,  True, False, False,  True,
        True, False,  True, False, False, False, False,  True, False,
       False, False])]
feature selector: add initial decoder weights
feature_selection_feature: initialized lasso regression with an alpha of 10 and a max number of iteration of 10000
<class 'features.simulation_features.SimCosineTunedEncWithNoise'>: added CosineTunedEncWithNoise 
TimeCountDown: assume  fps to be 60
finished instantiated experiment 0




 using encoder with additional noises  State space: ['hand_px', 'hand_py', 'hand_pz', 'hand_vx', 'hand_vy', 'hand_vz', 'offset'] 

<bound method GenericCosEncWithNoise._gen_fixed_gaussian_noise of <riglib.bmi.sim_neurons.GenericCosEncWithNoise object at 0x7fae740f38e0>>
neural encoder init function  <SimpleTargetCaptureWithHold(Thread-16, initial)>
features.simulation_features: added tracking of K matrix
sinkmanager start <class 'hdfwriter.hdfwriter.HDFWriter'>
Traceback (most recent call last):
  File "/home/aolab/sijia/brain-python-interface/riglib/bmi/bmi.py", line 1342, in cleanup_hdf
    self.write_clda_data_to_hdf_table(
  File "/home/aolab/sijia/brain-python-interface/riglib/bmi/bmi.py", line 1367, in write_clda_data_to_hdf_table
    log_file = open(os.path.expandvars('$HOME/code/bmi3d/log/clda_hdf_log'), 'a')
FileNotFoundError: [Errno 2] No such file or directory: '/home/aolab/code/bmi3d/log/clda_hdf_log'
/home/aolab/miniconda3/envs/sijia-feature-analysis/lib/python3.8/site-packages/aopy/preproc/bmi3d.py:382: UserWarning: Warning: no sync clock connected! This will usually result in problems.
  warnings.warn("Warning: no sync clock connected! This will usually result in problems.")
/home/aolab/miniconda3/envs/sijia-feature-analysis/lib/python3.8/site-packages/aopy/preproc/bmi3d.py:449: UserWarning: No sync events present, using bmi3d events instead
  warnings.warn("No sync events present, using bmi3d events instead")
<bmimultitasks.SimpleEndpointAssister object at 0x7fae740d08e0>
features.simulation_features: batch size is 100
Reset states for learner: 
[]
Done states for learner: 
[]

features.simulation_features.SimFeedbackLearner: flip the self.learn_flag to true
features.simulation_features.SimFeedbackLearner: succussfully created a feedback controller learner


SimSmoothBatchFullFeature: created a FULL FEATURE updater with a batch time of 1 and a half_life of 1.0 

..........................finished initialize experiement  0
select_decoder_features: first time (128, 7) (128, 7)
active feature set is [False False False False  True  True  True False  True False False False
  True False False  True False  True False False False False False  True
 False  True False False False False False False False False  True  True
 False False False False False False  True False False False False False
 False False False False False False False False False  True  True  True
 False False False False False  True False False  True False  True False
 False  True False False False False False False  True False  True False
 False False False False  True False False  True False False False False
 False  True False  True False False False  True False False False False
 False False False False  True  True False False  True  True False  True
 False False False False  True False False False]
after trans: (32, 7)
after trans: (32, 32)
decoder change flag to false
assist_level at final value after 0 successful trials
Warning: Cannot sync more than 1 event per cycle
Overwriting [b'EXP_START'] with TARGET_ON event
KFSmoothBatchFullFeature: 128 neurons selected
KFSmoothBatchFullFeature: 128 neurons selected
KFSmoothBatchFullFeature: 128 neurons selected
KFSmoothBatchFullFeature: 128 neurons selected
KFSmoothBatchFullFeature: 128 neurons selected
KFSmoothBatchFullFeature: 128 neurons selected
KFSmoothBatchFullFeature: 128 neurons selected
KFSmoothBatchFullFeature: 128 neurons selected
KFSmoothBatchFullFeature: 128 neurons selected
KFSmoothBatchFullFeature: 128 neurons selected
KFSmoothBatchFullFeature: 128 neurons selected
KFSmoothBatchFullFeature: 128 neurons selected
KFSmoothBatchFullFeature: 128 neurons selected
KFSmoothBatchFullFeature: 128 neurons selected
KFSmoothBatchFullFeature: 128 neurons selected
KFSmoothBatchFullFeature: 128 neurons selected
KFSmoothBatchFullFeature: 128 neurons selected
KFSmoothBatchFullFeature: 128 neurons selected
KFSmoothBatchFullFeature: 128 neurons selected
KFSmoothBatchFullFeature: 128 neurons selected
KFSmoothBatchFullFeature: 128 neurons selected
KFSmoothBatchFullFeature: 128 neurons selected
KFSmoothBatchFullFeature: 128 neurons selected
KFSmoothBatchFullFeature: 128 neurons selected
KFSmoothBatchFullFeature: 128 neurons selected
KFSmoothBatchFullFeature: 128 neurons selected
KFSmoothBatchFullFeature: 128 neurons selected
KFSmoothBatchFullFeature: 128 neurons selected
KFSmoothBatchFullFeature: 128 neurons selected
KFSmoothBatchFullFeature: 128 neurons selected

 using encoder with additional noises  State space: ['hand_px', 'hand_py', 'hand_pz', 'hand_vx', 'hand_vy', 'hand_vz', 'offset'] 

<bound method GenericCosEncWithNoise._gen_fixed_gaussian_noise of <riglib.bmi.sim_neurons.GenericCosEncWithNoise object at 0x7fae75ff02e0>>
changed encoder at cycle 18000
KFSmoothBatchFullFeature: 128 neurons selected
KFSmoothBatchFullFeature: 128 neurons selected
KFSmoothBatchFullFeature: 128 neurons selected
KFSmoothBatchFullFeature: 128 neurons selected
KFSmoothBatchFullFeature: 128 neurons selected
KFSmoothBatchFullFeature: 128 neurons selected
KFSmoothBatchFullFeature: 128 neurons selected
KFSmoothBatchFullFeature: 128 neurons selected
KFSmoothBatchFullFeature: 128 neurons selected
KFSmoothBatchFullFeature: 128 neurons selected
KFSmoothBatchFullFeature: 128 neurons selected
KFSmoothBatchFullFeature: 128 neurons selected
KFSmoothBatchFullFeature: 128 neurons selected
KFSmoothBatchFullFeature: 128 neurons selected
KFSmoothBatchFullFeature: 128 neurons selected
KFSmoothBatchFullFeature: 128 neurons selected
KFSmoothBatchFullFeature: 128 neurons selected
KFSmoothBatchFullFeature: 128 neurons selected
KFSmoothBatchFullFeature: 128 neurons selected
KFSmoothBatchFullFeature: 128 neurons selected
KFSmoothBatchFullFeature: 128 neurons selected
KFSmoothBatchFullFeature: 128 neurons selected
KFSmoothBatchFullFeature: 128 neurons selected
KFSmoothBatchFullFeature: 128 neurons selected
KFSmoothBatchFullFeature: 128 neurons selected
KFSmoothBatchFullFeature: 128 neurons selected
KFSmoothBatchFullFeature: 128 neurons selected
KFSmoothBatchFullFeature: 128 neurons selected
KFSmoothBatchFullFeature: 128 neurons selected
KFSmoothBatchFullFeature: 128 neurons selected
KFSmoothBatchFullFeature: 128 neurons selected
KFSmoothBatchFullFeature: 128 neurons selected
KFSmoothBatchFullFeature: 128 neurons selected
KFSmoothBatchFullFeature: 128 neurons selected
KFSmoothBatchFullFeature: 128 neurons selected
KFSmoothBatchFullFeature: 128 neurons selected
KFSmoothBatchFullFeature: 128 neurons selected
KFSmoothBatchFullFeature: 128 neurons selected
KFSmoothBatchFullFeature: 128 neurons selected
KFSmoothBatchFullFeature: 128 neurons selected
KFSmoothBatchFullFeature: 128 neurons selected
KFSmoothBatchFullFeature: 128 neurons selected
KFSmoothBatchFullFeature: 128 neurons selected
KFSmoothBatchFullFeature: 128 neurons selected
KFSmoothBatchFullFeature: 128 neurons selected
KFSmoothBatchFullFeature: 128 neurons selected
KFSmoothBatchFullFeature: 128 neurons selected
KFSmoothBatchFullFeature: 128 neurons selected
KFSmoothBatchFullFeature: 128 neurons selected
KFSmoothBatchFullFeature: 128 neurons selected
KFSmoothBatchFullFeature: 128 neurons selected
KFSmoothBatchFullFeature: 128 neurons selected
KFSmoothBatchFullFeature: 128 neurons selected
KFSmoothBatchFullFeature: 128 neurons selected
KFSmoothBatchFullFeature: 128 neurons selected
KFSmoothBatchFullFeature: 128 neurons selected
KFSmoothBatchFullFeature: 128 neurons selected
KFSmoothBatchFullFeature: 128 neurons selected
KFSmoothBatchFullFeature: 128 neurons selected
KFSmoothBatchFullFeature: 128 neurons selected
KFSmoothBatchFullFeature: 128 neurons selected
KFSmoothBatchFullFeature: 128 neurons selected
KFSmoothBatchFullFeature: 128 neurons selected
KFSmoothBatchFullFeature: 128 neurons selected
KFSmoothBatchFullFeature: 128 neurons selected
KFSmoothBatchFullFeature: 128 neurons selected
KFSmoothBatchFullFeature: 128 neurons selected
KFSmoothBatchFullFeature: 128 neurons selected
KFSmoothBatchFullFeature: 128 neurons selected
KFSmoothBatchFullFeature: 128 neurons selected
KFSmoothBatchFullFeature: 128 neurons selected
KFSmoothBatchFullFeature: 128 neurons selected
KFSmoothBatchFullFeature: 128 neurons selected
KFSmoothBatchFullFeature: 128 neurons selected
KFSmoothBatchFullFeature: 128 neurons selected
KFSmoothBatchFullFeature: 128 neurons selected
KFSmoothBatchFullFeature: 128 neurons selected
KFSmoothBatchFullFeature: 128 neurons selected
KFSmoothBatchFullFeature: 128 neurons selected
KFSmoothBatchFullFeature: 128 neurons selected
KFSmoothBatchFullFeature: 128 neurons selected
KFSmoothBatchFullFeature: 128 neurons selected
KFSmoothBatchFullFeature: 128 neurons selected
KFSmoothBatchFullFeature: 128 neurons selected
KFSmoothBatchFullFeature: 128 neurons selected
KFSmoothBatchFullFeature: 128 neurons selected
KFSmoothBatchFullFeature: 128 neurons selected
KFSmoothBatchFullFeature: 128 neurons selected
KFSmoothBatchFullFeature: 128 neurons selected
KFSmoothBatchFullFeature: 128 neurons selected
finish  at cycle_count: 72000
..........................HDFWriter: Saving datafile to /tmp/tmp0m_4vc0i.h5
HDFWriter: opening file
HDFWriter registered 'sync_events'
HDFWriter registered 'sync_clock'
HDFWriter registered 'trials'
HDFWriter registered 'task'
Closed hdf
ended datasink
0
exit
end of FSM.run, task state is None
wait for 10s for hdf file to save
saving feature selection file name to /tmp/tmp0m_4vc0i.h5
Writing new group: /feature_selection
Added feat_set
Added C_mat
Added Q_diag
Added K_mat
Done!
saving lasso feature selection file name to /tmp/tmp0m_4vc0i.h5
Writing new group: /lasso_feature_selection
Added lasso_hist
Done!
Finished running  lasso_1.0_3_noise_32_128_100_3_clda_rho_0.5_batchlen_100_lasso_alpha_10_lasso_threshold_1_shuffle_rows_smooth_batch_with_full_feature
***********************************************************
***********************************************************

cp /tmp/tmp0m_4vc0i.h5 /home/aolab/sijia/data/figure3_lasso/lasso_1.0_3_noise_32_128_100_3_clda_rho_0.5_batchlen_100_lasso_alpha_10_lasso_threshold_1_shuffle_rows_smooth_batch_with_full_feature.h5
cp /tmp/tmp0m_4vc0i.h5.p /home/aolab/sijia/data/figure3_lasso/lasso_1.0_3_noise_32_128_100_3_clda_rho_0.5_batchlen_100_lasso_alpha_10_lasso_threshold_1_shuffle_rows_smooth_batch_with_full_feature.p
we have experimental conditions ['lasso_1.0_4_noise_32_128_100_3_clda_rho_0.5_batchlen_100_lasso_alpha_10_lasso_threshold_1_same']
simulation_setup_functions: get_enc_setup has a tuning_level of 1 

simulation_runs: set base class 
simulation_runs: selected SimKFDecoderRandom 

simulation_runs: set up encoder change with same
kwargs will be updated in a later time
the feature adaptation project is tracking dict_keys(['transform_x_flag', 'transform_y_flag', 'n_starting_feats', 'n_states', 'train_high_SNR_time', 'lasso_alpha', 'lasso_threshold', 'adaptive_lasso_flag', 'number_of_features', 'change_sim_c_at_cycle', 'new_sim_c']) 
we have got 1 exps

features.simulation_features.SimIntentionLQRController: LQRController used 


 features.simulation_features.SimFeedbackLearner: start to create a sim leaner with a batchsize of 100
features.simulation_features.SimSmoothBatch: rho in this simulation is  0.5

Use feature selector as a class feature with a a parent class
finished executing Experiment.__init__
in feature selector mod
use user supplied features
feature init: [array([False, False,  True, False, False,  True, False,  True, False,
       False,  True, False,  True,  True, False,  True,  True, False,
        True,  True,  True, False, False, False,  True,  True,  True,
       False, False,  True, False, False, False, False,  True, False,
       False, False, False, False, False, False, False, False, False,
       False, False,  True, False, False, False, False, False, False,
       False, False, False, False, False, False, False,  True, False,
       False, False, False, False, False,  True, False, False, False,
       False, False,  True, False, False, False,  True, False, False,
       False,  True, False,  True, False, False, False, False, False,
        True, False,  True, False, False,  True, False, False,  True,
       False,  True, False, False, False, False,  True, False,  True,
       False, False, False, False, False, False, False, False,  True,
       False, False, False, False, False, False,  True, False, False,
       False, False])]
feature selector: add initial decoder weights
feature_selection_feature: initialized lasso regression with an alpha of 10 and a max number of iteration of 10000
<class 'features.simulation_features.SimCosineTunedEncWithNoise'>: added CosineTunedEncWithNoise 
TimeCountDown: assume  fps to be 60
finished instantiated experiment 0




 using encoder with additional noises  State space: ['hand_px', 'hand_py', 'hand_pz', 'hand_vx', 'hand_vy', 'hand_vz', 'offset'] 

<bound method GenericCosEncWithNoise._gen_fixed_gaussian_noise of <riglib.bmi.sim_neurons.GenericCosEncWithNoise object at 0x7fae76b21490>>
neural encoder init function  <SimpleTargetCaptureWithHold(Thread-17, initial)>
features.simulation_features: added tracking of K matrix
sinkmanager start <class 'hdfwriter.hdfwriter.HDFWriter'>
Traceback (most recent call last):
  File "/home/aolab/sijia/brain-python-interface/riglib/bmi/bmi.py", line 1342, in cleanup_hdf
    self.write_clda_data_to_hdf_table(
  File "/home/aolab/sijia/brain-python-interface/riglib/bmi/bmi.py", line 1367, in write_clda_data_to_hdf_table
    log_file = open(os.path.expandvars('$HOME/code/bmi3d/log/clda_hdf_log'), 'a')
FileNotFoundError: [Errno 2] No such file or directory: '/home/aolab/code/bmi3d/log/clda_hdf_log'
/home/aolab/miniconda3/envs/sijia-feature-analysis/lib/python3.8/site-packages/aopy/preproc/bmi3d.py:382: UserWarning: Warning: no sync clock connected! This will usually result in problems.
  warnings.warn("Warning: no sync clock connected! This will usually result in problems.")
/home/aolab/miniconda3/envs/sijia-feature-analysis/lib/python3.8/site-packages/aopy/preproc/bmi3d.py:449: UserWarning: No sync events present, using bmi3d events instead
  warnings.warn("No sync events present, using bmi3d events instead")
<bmimultitasks.SimpleEndpointAssister object at 0x7faf7fbc0100>
features.simulation_features: batch size is 100
Reset states for learner: 
[]
Done states for learner: 
[]

features.simulation_features.SimFeedbackLearner: flip the self.learn_flag to true
features.simulation_features.SimFeedbackLearner: succussfully created a feedback controller learner


SimSmoothBatch: created an updater with a batch time of 1 and a half_life of 1.0 

..........................finished initialize experiement  0
select_decoder_features: first time (128, 7) (128, 7)
active feature set is [False False  True False False  True False  True False False  True False
  True  True False  True  True False  True  True  True False False False
  True  True  True False False  True False False False False  True False
 False False False False False False False False False False False  True
 False False False False False False False False False False False False
 False  True False False False False False False  True False False False
 False False  True False False False  True False False False  True False
  True False False False False False  True False  True False False  True
 False False  True False  True False False False False  True False  True
 False False False False False False False False  True False False False
 False False False  True False False False False]
after trans: (32, 7)
after trans: (32, 32)
decoder change flag to false
assist_level at final value after 0 successful trials
Warning: Cannot sync more than 1 event per cycle
Overwriting [b'EXP_START'] with TARGET_ON event
decoder does not change here at 600
decoder does not change here at 1200
decoder does not change here at 1800
decoder does not change here at 2400
decoder does not change here at 3000
decoder does not change here at 3600
observations have counts >> 1000 
decoder does not change here at 4200
decoder does not change here at 4800
decoder does not change here at 5400
decoder does not change here at 6000
decoder does not change here at 6600
decoder does not change here at 7200
observations have counts >> 1000 
decoder does not change here at 7800
decoder does not change here at 8400
decoder does not change here at 9000
decoder does not change here at 9600
decoder does not change here at 10200
decoder does not change here at 10800
decoder does not change here at 11400
decoder does not change here at 12000
decoder does not change here at 12600
decoder does not change here at 13200
decoder does not change here at 13800
decoder does not change here at 14400
decoder does not change here at 15000
decoder does not change here at 15600
observations have counts >> 1000 
decoder does not change here at 16200
decoder does not change here at 16800
decoder does not change here at 17400
decoder does not change here at 18000

 using encoder with additional noises  State space: ['hand_px', 'hand_py', 'hand_pz', 'hand_vx', 'hand_vy', 'hand_vz', 'offset'] 

<bound method GenericCosEncWithNoise._gen_fixed_gaussian_noise of <riglib.bmi.sim_neurons.GenericCosEncWithNoise object at 0x7fae740e3820>>
changed encoder at cycle 18000
observations have counts >> 1000 
decoder does not change here at 18600
decoder does not change here at 19200
observations have counts >> 1000 
observations have counts >> 1000 
decoder does not change here at 19800
decoder does not change here at 20400
decoder does not change here at 21000
decoder does not change here at 21600
decoder does not change here at 22200
decoder does not change here at 22800
decoder does not change here at 23400
observations have counts >> 1000 
observations have counts >> 1000 
decoder does not change here at 24000
decoder does not change here at 24600
decoder does not change here at 25200
decoder does not change here at 25800
decoder does not change here at 26400
decoder does not change here at 27000
observations have counts >> 1000 
decoder does not change here at 27600
decoder does not change here at 28200
decoder does not change here at 28800
decoder does not change here at 29400
decoder does not change here at 30000
decoder does not change here at 30600
decoder does not change here at 31200
decoder does not change here at 31800
observations have counts >> 1000 
decoder does not change here at 32400
decoder does not change here at 33000
decoder does not change here at 33600
decoder does not change here at 34200
decoder does not change here at 34800
decoder does not change here at 35400
decoder does not change here at 36000
decoder does not change here at 36600
observations have counts >> 1000 
observations have counts >> 1000 
observations have counts >> 1000 
observations have counts >> 1000 
decoder does not change here at 37200
decoder does not change here at 37800
decoder does not change here at 38400
decoder does not change here at 39000
decoder does not change here at 39600
decoder does not change here at 40200
decoder does not change here at 40800
decoder does not change here at 41400
decoder does not change here at 42000
decoder does not change here at 42600
decoder does not change here at 43200
decoder does not change here at 43800
decoder does not change here at 44400
decoder does not change here at 45000
decoder does not change here at 45600
decoder does not change here at 46200
decoder does not change here at 46800
decoder does not change here at 47400
decoder does not change here at 48000
decoder does not change here at 48600
decoder does not change here at 49200
decoder does not change here at 49800
decoder does not change here at 50400
decoder does not change here at 51000
decoder does not change here at 51600
decoder does not change here at 52200
decoder does not change here at 52800
decoder does not change here at 53400
decoder does not change here at 54000
observations have counts >> 1000 
observations have counts >> 1000 
decoder does not change here at 54600
observations have counts >> 1000 
decoder does not change here at 55200
decoder does not change here at 55800
decoder does not change here at 56400
decoder does not change here at 57000
decoder does not change here at 57600
decoder does not change here at 58200
decoder does not change here at 58800
decoder does not change here at 59400
decoder does not change here at 60000
observations have counts >> 1000 
decoder does not change here at 60600
decoder does not change here at 61200
decoder does not change here at 61800
decoder does not change here at 62400
decoder does not change here at 63000
decoder does not change here at 63600
observations have counts >> 1000 
observations have counts >> 1000 
decoder does not change here at 64200
decoder does not change here at 64800
decoder does not change here at 65400
decoder does not change here at 66000
decoder does not change here at 66600
decoder does not change here at 67200
observations have counts >> 1000 
observations have counts >> 1000 
decoder does not change here at 67800
decoder does not change here at 68400
decoder does not change here at 69000
observations have counts >> 1000 
decoder does not change here at 69600
observations have counts >> 1000 
observations have counts >> 1000 
observations have counts >> 1000 
observations have counts >> 1000 
decoder does not change here at 70200
decoder does not change here at 70800
observations have counts >> 1000 
decoder does not change here at 71400
decoder does not change here at 72000
finish  at cycle_count: 72000
..........................HDFWriter: Saving datafile to /tmp/tmpj3snm16g.h5
HDFWriter: opening file
HDFWriter registered 'sync_events'
HDFWriter registered 'sync_clock'
HDFWriter registered 'trials'
HDFWriter registered 'task'
Closed hdf
ended datasink
0
exit
end of FSM.run, task state is None
wait for 10s for hdf file to save
saving feature selection file name to /tmp/tmpj3snm16g.h5
Writing new group: /feature_selection
Added feat_set
Added C_mat
Added Q_diag
Added K_mat
Done!
saving lasso feature selection file name to /tmp/tmpj3snm16g.h5
Writing new group: /lasso_feature_selection
Added lasso_hist
Done!
Finished running  lasso_1.0_4_noise_32_128_100_3_clda_rho_0.5_batchlen_100_lasso_alpha_10_lasso_threshold_1_same
***********************************************************
***********************************************************

cp /tmp/tmpj3snm16g.h5 /home/aolab/sijia/data/figure3_lasso/lasso_1.0_4_noise_32_128_100_3_clda_rho_0.5_batchlen_100_lasso_alpha_10_lasso_threshold_1_same.h5
cp /tmp/tmpj3snm16g.h5.p /home/aolab/sijia/data/figure3_lasso/lasso_1.0_4_noise_32_128_100_3_clda_rho_0.5_batchlen_100_lasso_alpha_10_lasso_threshold_1_same.p
we have experimental conditions ['lasso_1.0_4_noise_32_128_100_3_clda_rho_0.5_batchlen_100_lasso_alpha_10_lasso_threshold_1_same_smooth_batch_with_full_feature']
simulation_setup_functions: get_enc_setup has a tuning_level of 1 

simulation_runs: set base class 
simulation_runs: selected SimKFDecoderRandom 

simulation_runs: set up encoder change with same
kwargs will be updated in a later time
the feature adaptation project is tracking dict_keys(['transform_x_flag', 'transform_y_flag', 'n_starting_feats', 'n_states', 'train_high_SNR_time', 'lasso_alpha', 'lasso_threshold', 'adaptive_lasso_flag', 'number_of_features', 'change_sim_c_at_cycle', 'new_sim_c']) 
we have got 1 exps

features.simulation_features.SimIntentionLQRController: LQRController used 


 features.simulation_features.SimFeedbackLearner: start to create a sim leaner with a batchsize of 100
features.simulation_features.SimSmoothBatch: rho in this simulation is  0.5

Use feature selector as a class feature with a a parent class
finished executing Experiment.__init__
in feature selector mod
use user supplied features
feature init: [array([False, False,  True, False, False,  True, False,  True, False,
       False,  True, False,  True,  True, False,  True,  True, False,
        True,  True,  True, False, False, False,  True,  True,  True,
       False, False,  True, False, False, False, False,  True, False,
       False, False, False, False, False, False, False, False, False,
       False, False,  True, False, False, False, False, False, False,
       False, False, False, False, False, False, False,  True, False,
       False, False, False, False, False,  True, False, False, False,
       False, False,  True, False, False, False,  True, False, False,
       False,  True, False,  True, False, False, False, False, False,
        True, False,  True, False, False,  True, False, False,  True,
       False,  True, False, False, False, False,  True, False,  True,
       False, False, False, False, False, False, False, False,  True,
       False, False, False, False, False, False,  True, False, False,
       False, False])]
feature selector: add initial decoder weights
feature_selection_feature: initialized lasso regression with an alpha of 10 and a max number of iteration of 10000
<class 'features.simulation_features.SimCosineTunedEncWithNoise'>: added CosineTunedEncWithNoise 
TimeCountDown: assume  fps to be 60
finished instantiated experiment 0




 using encoder with additional noises  State space: ['hand_px', 'hand_py', 'hand_pz', 'hand_vx', 'hand_vy', 'hand_vz', 'offset'] 

<bound method GenericCosEncWithNoise._gen_fixed_gaussian_noise of <riglib.bmi.sim_neurons.GenericCosEncWithNoise object at 0x7faf71821b20>>
neural encoder init function  <SimpleTargetCaptureWithHold(Thread-18, initial)>
features.simulation_features: added tracking of K matrix
sinkmanager start <class 'hdfwriter.hdfwriter.HDFWriter'>
Traceback (most recent call last):
  File "/home/aolab/sijia/brain-python-interface/riglib/bmi/bmi.py", line 1342, in cleanup_hdf
    self.write_clda_data_to_hdf_table(
  File "/home/aolab/sijia/brain-python-interface/riglib/bmi/bmi.py", line 1367, in write_clda_data_to_hdf_table
    log_file = open(os.path.expandvars('$HOME/code/bmi3d/log/clda_hdf_log'), 'a')
FileNotFoundError: [Errno 2] No such file or directory: '/home/aolab/code/bmi3d/log/clda_hdf_log'
/home/aolab/miniconda3/envs/sijia-feature-analysis/lib/python3.8/site-packages/aopy/preproc/bmi3d.py:382: UserWarning: Warning: no sync clock connected! This will usually result in problems.
  warnings.warn("Warning: no sync clock connected! This will usually result in problems.")
/home/aolab/miniconda3/envs/sijia-feature-analysis/lib/python3.8/site-packages/aopy/preproc/bmi3d.py:449: UserWarning: No sync events present, using bmi3d events instead
  warnings.warn("No sync events present, using bmi3d events instead")
<bmimultitasks.SimpleEndpointAssister object at 0x7fae740da820>
features.simulation_features: batch size is 100
Reset states for learner: 
[]
Done states for learner: 
[]

features.simulation_features.SimFeedbackLearner: flip the self.learn_flag to true
features.simulation_features.SimFeedbackLearner: succussfully created a feedback controller learner


SimSmoothBatchFullFeature: created a FULL FEATURE updater with a batch time of 1 and a half_life of 1.0 

..........................finished initialize experiement  0
select_decoder_features: first time (128, 7) (128, 7)
active feature set is [False False  True False False  True False  True False False  True False
  True  True False  True  True False  True  True  True False False False
  True  True  True False False  True False False False False  True False
 False False False False False False False False False False False  True
 False False False False False False False False False False False False
 False  True False False False False False False  True False False False
 False False  True False False False  True False False False  True False
  True False False False False False  True False  True False False  True
 False False  True False  True False False False False  True False  True
 False False False False False False False False  True False False False
 False False False  True False False False False]
after trans: (32, 7)
after trans: (32, 32)
decoder change flag to false
assist_level at final value after 0 successful trials
Warning: Cannot sync more than 1 event per cycle
Overwriting [b'EXP_START'] with TARGET_ON event
KFSmoothBatchFullFeature: 128 neurons selected
KFSmoothBatchFullFeature: 128 neurons selected
KFSmoothBatchFullFeature: 128 neurons selected
KFSmoothBatchFullFeature: 128 neurons selected
KFSmoothBatchFullFeature: 128 neurons selected
KFSmoothBatchFullFeature: 128 neurons selected
KFSmoothBatchFullFeature: 128 neurons selected
KFSmoothBatchFullFeature: 128 neurons selected
KFSmoothBatchFullFeature: 128 neurons selected
KFSmoothBatchFullFeature: 128 neurons selected
KFSmoothBatchFullFeature: 128 neurons selected
KFSmoothBatchFullFeature: 128 neurons selected
KFSmoothBatchFullFeature: 128 neurons selected
KFSmoothBatchFullFeature: 128 neurons selected
KFSmoothBatchFullFeature: 128 neurons selected
KFSmoothBatchFullFeature: 128 neurons selected
KFSmoothBatchFullFeature: 128 neurons selected
KFSmoothBatchFullFeature: 128 neurons selected
KFSmoothBatchFullFeature: 128 neurons selected
KFSmoothBatchFullFeature: 128 neurons selected
KFSmoothBatchFullFeature: 128 neurons selected
KFSmoothBatchFullFeature: 128 neurons selected
KFSmoothBatchFullFeature: 128 neurons selected
KFSmoothBatchFullFeature: 128 neurons selected
KFSmoothBatchFullFeature: 128 neurons selected
KFSmoothBatchFullFeature: 128 neurons selected
KFSmoothBatchFullFeature: 128 neurons selected
KFSmoothBatchFullFeature: 128 neurons selected
KFSmoothBatchFullFeature: 128 neurons selected
KFSmoothBatchFullFeature: 128 neurons selected

 using encoder with additional noises  State space: ['hand_px', 'hand_py', 'hand_pz', 'hand_vx', 'hand_vy', 'hand_vz', 'offset'] 

<bound method GenericCosEncWithNoise._gen_fixed_gaussian_noise of <riglib.bmi.sim_neurons.GenericCosEncWithNoise object at 0x7faf7fbc0970>>
changed encoder at cycle 18000
KFSmoothBatchFullFeature: 128 neurons selected
KFSmoothBatchFullFeature: 128 neurons selected
KFSmoothBatchFullFeature: 128 neurons selected
KFSmoothBatchFullFeature: 128 neurons selected
KFSmoothBatchFullFeature: 128 neurons selected
KFSmoothBatchFullFeature: 128 neurons selected
KFSmoothBatchFullFeature: 128 neurons selected
KFSmoothBatchFullFeature: 128 neurons selected
KFSmoothBatchFullFeature: 128 neurons selected
KFSmoothBatchFullFeature: 128 neurons selected
KFSmoothBatchFullFeature: 128 neurons selected
KFSmoothBatchFullFeature: 128 neurons selected
KFSmoothBatchFullFeature: 128 neurons selected
KFSmoothBatchFullFeature: 128 neurons selected
KFSmoothBatchFullFeature: 128 neurons selected
KFSmoothBatchFullFeature: 128 neurons selected
KFSmoothBatchFullFeature: 128 neurons selected
KFSmoothBatchFullFeature: 128 neurons selected
KFSmoothBatchFullFeature: 128 neurons selected
KFSmoothBatchFullFeature: 128 neurons selected
KFSmoothBatchFullFeature: 128 neurons selected
KFSmoothBatchFullFeature: 128 neurons selected
KFSmoothBatchFullFeature: 128 neurons selected
KFSmoothBatchFullFeature: 128 neurons selected
KFSmoothBatchFullFeature: 128 neurons selected
KFSmoothBatchFullFeature: 128 neurons selected
KFSmoothBatchFullFeature: 128 neurons selected
KFSmoothBatchFullFeature: 128 neurons selected
KFSmoothBatchFullFeature: 128 neurons selected
KFSmoothBatchFullFeature: 128 neurons selected
KFSmoothBatchFullFeature: 128 neurons selected
KFSmoothBatchFullFeature: 128 neurons selected
KFSmoothBatchFullFeature: 128 neurons selected
KFSmoothBatchFullFeature: 128 neurons selected
KFSmoothBatchFullFeature: 128 neurons selected
KFSmoothBatchFullFeature: 128 neurons selected
KFSmoothBatchFullFeature: 128 neurons selected
KFSmoothBatchFullFeature: 128 neurons selected
KFSmoothBatchFullFeature: 128 neurons selected
KFSmoothBatchFullFeature: 128 neurons selected
KFSmoothBatchFullFeature: 128 neurons selected
KFSmoothBatchFullFeature: 128 neurons selected
KFSmoothBatchFullFeature: 128 neurons selected
KFSmoothBatchFullFeature: 128 neurons selected
KFSmoothBatchFullFeature: 128 neurons selected
KFSmoothBatchFullFeature: 128 neurons selected
KFSmoothBatchFullFeature: 128 neurons selected
KFSmoothBatchFullFeature: 128 neurons selected
KFSmoothBatchFullFeature: 128 neurons selected
KFSmoothBatchFullFeature: 128 neurons selected
KFSmoothBatchFullFeature: 128 neurons selected
KFSmoothBatchFullFeature: 128 neurons selected
KFSmoothBatchFullFeature: 128 neurons selected
KFSmoothBatchFullFeature: 128 neurons selected
KFSmoothBatchFullFeature: 128 neurons selected
KFSmoothBatchFullFeature: 128 neurons selected
KFSmoothBatchFullFeature: 128 neurons selected
KFSmoothBatchFullFeature: 128 neurons selected
KFSmoothBatchFullFeature: 128 neurons selected
KFSmoothBatchFullFeature: 128 neurons selected
KFSmoothBatchFullFeature: 128 neurons selected
KFSmoothBatchFullFeature: 128 neurons selected
KFSmoothBatchFullFeature: 128 neurons selected
KFSmoothBatchFullFeature: 128 neurons selected
KFSmoothBatchFullFeature: 128 neurons selected
KFSmoothBatchFullFeature: 128 neurons selected
KFSmoothBatchFullFeature: 128 neurons selected
KFSmoothBatchFullFeature: 128 neurons selected
KFSmoothBatchFullFeature: 128 neurons selected
KFSmoothBatchFullFeature: 128 neurons selected
KFSmoothBatchFullFeature: 128 neurons selected
KFSmoothBatchFullFeature: 128 neurons selected
KFSmoothBatchFullFeature: 128 neurons selected
KFSmoothBatchFullFeature: 128 neurons selected
KFSmoothBatchFullFeature: 128 neurons selected
KFSmoothBatchFullFeature: 128 neurons selected
KFSmoothBatchFullFeature: 128 neurons selected
KFSmoothBatchFullFeature: 128 neurons selected
KFSmoothBatchFullFeature: 128 neurons selected
KFSmoothBatchFullFeature: 128 neurons selected
KFSmoothBatchFullFeature: 128 neurons selected
KFSmoothBatchFullFeature: 128 neurons selected
KFSmoothBatchFullFeature: 128 neurons selected
KFSmoothBatchFullFeature: 128 neurons selected
KFSmoothBatchFullFeature: 128 neurons selected
KFSmoothBatchFullFeature: 128 neurons selected
KFSmoothBatchFullFeature: 128 neurons selected
KFSmoothBatchFullFeature: 128 neurons selected
KFSmoothBatchFullFeature: 128 neurons selected
KFSmoothBatchFullFeature: 128 neurons selected
finish  at cycle_count: 72000
..........................HDFWriter: Saving datafile to /tmp/tmp84tbt3kc.h5
HDFWriter: opening file
HDFWriter registered 'sync_events'
HDFWriter registered 'sync_clock'
HDFWriter registered 'trials'
HDFWriter registered 'task'
Closed hdf
ended datasink
0
exit
end of FSM.run, task state is None
wait for 10s for hdf file to save
saving feature selection file name to /tmp/tmp84tbt3kc.h5
Writing new group: /feature_selection
Added feat_set
Added C_mat
Added Q_diag
Added K_mat
Done!
saving lasso feature selection file name to /tmp/tmp84tbt3kc.h5
Writing new group: /lasso_feature_selection
Added lasso_hist
Done!
Finished running  lasso_1.0_4_noise_32_128_100_3_clda_rho_0.5_batchlen_100_lasso_alpha_10_lasso_threshold_1_same_smooth_batch_with_full_feature
***********************************************************
***********************************************************

cp /tmp/tmp84tbt3kc.h5 /home/aolab/sijia/data/figure3_lasso/lasso_1.0_4_noise_32_128_100_3_clda_rho_0.5_batchlen_100_lasso_alpha_10_lasso_threshold_1_same_smooth_batch_with_full_feature.h5
cp /tmp/tmp84tbt3kc.h5.p /home/aolab/sijia/data/figure3_lasso/lasso_1.0_4_noise_32_128_100_3_clda_rho_0.5_batchlen_100_lasso_alpha_10_lasso_threshold_1_same_smooth_batch_with_full_feature.p
we have experimental conditions ['lasso_1.0_4_noise_32_128_100_3_clda_rho_0.5_batchlen_100_lasso_alpha_10_lasso_threshold_1_shuffle_rows']
simulation_setup_functions: get_enc_setup has a tuning_level of 1 

simulation_runs: set base class 
simulation_runs: selected SimKFDecoderRandom 

simulation_runs: set up encoder change with shuffle_rows
kwargs will be updated in a later time
the feature adaptation project is tracking dict_keys(['transform_x_flag', 'transform_y_flag', 'n_starting_feats', 'n_states', 'train_high_SNR_time', 'lasso_alpha', 'lasso_threshold', 'adaptive_lasso_flag', 'number_of_features', 'change_sim_c_at_cycle', 'new_sim_c']) 
we have got 1 exps

features.simulation_features.SimIntentionLQRController: LQRController used 


 features.simulation_features.SimFeedbackLearner: start to create a sim leaner with a batchsize of 100
features.simulation_features.SimSmoothBatch: rho in this simulation is  0.5

Use feature selector as a class feature with a a parent class
finished executing Experiment.__init__
in feature selector mod
use user supplied features
feature init: [array([False, False,  True, False, False,  True, False,  True, False,
       False,  True, False,  True,  True, False,  True,  True, False,
        True,  True,  True, False, False, False,  True,  True,  True,
       False, False,  True, False, False, False, False,  True, False,
       False, False, False, False, False, False, False, False, False,
       False, False,  True, False, False, False, False, False, False,
       False, False, False, False, False, False, False,  True, False,
       False, False, False, False, False,  True, False, False, False,
       False, False,  True, False, False, False,  True, False, False,
       False,  True, False,  True, False, False, False, False, False,
        True, False,  True, False, False,  True, False, False,  True,
       False,  True, False, False, False, False,  True, False,  True,
       False, False, False, False, False, False, False, False,  True,
       False, False, False, False, False, False,  True, False, False,
       False, False])]
feature selector: add initial decoder weights
feature_selection_feature: initialized lasso regression with an alpha of 10 and a max number of iteration of 10000
<class 'features.simulation_features.SimCosineTunedEncWithNoise'>: added CosineTunedEncWithNoise 
TimeCountDown: assume  fps to be 60
finished instantiated experiment 0




 using encoder with additional noises  State space: ['hand_px', 'hand_py', 'hand_pz', 'hand_vx', 'hand_vy', 'hand_vz', 'offset'] 

<bound method GenericCosEncWithNoise._gen_fixed_gaussian_noise of <riglib.bmi.sim_neurons.GenericCosEncWithNoise object at 0x7faf71821b50>>
neural encoder init function  <SimpleTargetCaptureWithHold(Thread-19, initial)>
features.simulation_features: added tracking of K matrix
sinkmanager start <class 'hdfwriter.hdfwriter.HDFWriter'>
Traceback (most recent call last):
  File "/home/aolab/sijia/brain-python-interface/riglib/bmi/bmi.py", line 1342, in cleanup_hdf
    self.write_clda_data_to_hdf_table(
  File "/home/aolab/sijia/brain-python-interface/riglib/bmi/bmi.py", line 1367, in write_clda_data_to_hdf_table
    log_file = open(os.path.expandvars('$HOME/code/bmi3d/log/clda_hdf_log'), 'a')
FileNotFoundError: [Errno 2] No such file or directory: '/home/aolab/code/bmi3d/log/clda_hdf_log'
/home/aolab/miniconda3/envs/sijia-feature-analysis/lib/python3.8/site-packages/aopy/preproc/bmi3d.py:382: UserWarning: Warning: no sync clock connected! This will usually result in problems.
  warnings.warn("Warning: no sync clock connected! This will usually result in problems.")
/home/aolab/miniconda3/envs/sijia-feature-analysis/lib/python3.8/site-packages/aopy/preproc/bmi3d.py:449: UserWarning: No sync events present, using bmi3d events instead
  warnings.warn("No sync events present, using bmi3d events instead")
<bmimultitasks.SimpleEndpointAssister object at 0x7fae740da3a0>
features.simulation_features: batch size is 100
Reset states for learner: 
[]
Done states for learner: 
[]

features.simulation_features.SimFeedbackLearner: flip the self.learn_flag to true
features.simulation_features.SimFeedbackLearner: succussfully created a feedback controller learner


SimSmoothBatch: created an updater with a batch time of 1 and a half_life of 1.0 

..........................finished initialize experiement  0
select_decoder_features: first time (128, 7) (128, 7)
active feature set is [False False  True False False  True False  True False False  True False
  True  True False  True  True False  True  True  True False False False
  True  True  True False False  True False False False False  True False
 False False False False False False False False False False False  True
 False False False False False False False False False False False False
 False  True False False False False False False  True False False False
 False False  True False False False  True False False False  True False
  True False False False False False  True False  True False False  True
 False False  True False  True False False False False  True False  True
 False False False False False False False False  True False False False
 False False False  True False False False False]
after trans: (32, 7)
after trans: (32, 32)
decoder change flag to false
assist_level at final value after 0 successful trials
Warning: Cannot sync more than 1 event per cycle
Overwriting [b'EXP_START'] with TARGET_ON event
decoder does not change here at 600
decoder does not change here at 1200
decoder does not change here at 1800
decoder does not change here at 2400
decoder does not change here at 3000
decoder does not change here at 3600
decoder does not change here at 4200
decoder does not change here at 4800
decoder does not change here at 5400
decoder does not change here at 6000
decoder does not change here at 6600
decoder does not change here at 7200
decoder does not change here at 7800
decoder does not change here at 8400
decoder does not change here at 9000
decoder does not change here at 9600
decoder does not change here at 10200
decoder does not change here at 10800
decoder does not change here at 11400
decoder does not change here at 12000
decoder does not change here at 12600
decoder does not change here at 13200
decoder does not change here at 13800
observations have counts >> 1000 
observations have counts >> 1000 
decoder does not change here at 14400
decoder does not change here at 15000
decoder does not change here at 15600
decoder does not change here at 16200
decoder does not change here at 16800
decoder does not change here at 17400
decoder does not change here at 18000

 using encoder with additional noises  State space: ['hand_px', 'hand_py', 'hand_pz', 'hand_vx', 'hand_vy', 'hand_vz', 'offset'] 

<bound method GenericCosEncWithNoise._gen_fixed_gaussian_noise of <riglib.bmi.sim_neurons.GenericCosEncWithNoise object at 0x7faf7f81e4c0>>
changed encoder at cycle 18000
decoder does not change here at 18600
decoder does not change here at 19200
decoder does not change here at 19800
decoder does not change here at 20400
decoder does not change here at 21000
decoder does not change here at 21600
decoder does not change here at 22200
decoder does not change here at 22800
decoder does not change here at 23400
decoder does not change here at 24000
decoder does not change here at 24600
observations have counts >> 1000 
decoder does not change here at 25200
decoder does not change here at 25800
decoder does not change here at 26400
decoder does not change here at 27000
decoder does not change here at 27600
decoder does not change here at 28200
decoder does not change here at 28800
decoder does not change here at 29400
decoder does not change here at 30000
decoder does not change here at 30600
decoder does not change here at 31200
decoder does not change here at 31800
decoder does not change here at 32400
observations have counts >> 1000 
observations have counts >> 1000 
decoder does not change here at 33000
decoder does not change here at 33600
decoder does not change here at 34200
decoder does not change here at 34800
decoder does not change here at 35400
decoder does not change here at 36000
observations have counts >> 1000 
decoder does not change here at 36600
decoder does not change here at 37200
decoder does not change here at 37800
decoder does not change here at 38400
decoder does not change here at 39000
decoder does not change here at 39600
decoder does not change here at 40200
decoder does not change here at 40800
decoder does not change here at 41400
decoder does not change here at 42000
decoder does not change here at 42600
decoder does not change here at 43200
observations have counts >> 1000 
observations have counts >> 1000 
observations have counts >> 1000 
observations have counts >> 1000 
observations have counts >> 1000 
decoder does not change here at 43800
decoder does not change here at 44400
decoder does not change here at 45000
observations have counts >> 1000 
observations have counts >> 1000 
decoder does not change here at 45600
decoder does not change here at 46200
decoder does not change here at 46800
decoder does not change here at 47400
decoder does not change here at 48000
decoder does not change here at 48600
decoder does not change here at 49200
decoder does not change here at 49800
decoder does not change here at 50400
decoder does not change here at 51000
observations have counts >> 1000 
decoder does not change here at 51600
decoder does not change here at 52200
observations have counts >> 1000 
decoder does not change here at 52800
decoder does not change here at 53400
decoder does not change here at 54000
decoder does not change here at 54600
decoder does not change here at 55200
decoder does not change here at 55800
decoder does not change here at 56400
decoder does not change here at 57000
decoder does not change here at 57600
decoder does not change here at 58200
decoder does not change here at 58800
observations have counts >> 1000 
observations have counts >> 1000 
observations have counts >> 1000 
observations have counts >> 1000 
observations have counts >> 1000 
observations have counts >> 1000 
observations have counts >> 1000 
decoder does not change here at 59400
decoder does not change here at 60000
decoder does not change here at 60600
decoder does not change here at 61200
decoder does not change here at 61800
observations have counts >> 1000 
decoder does not change here at 62400
decoder does not change here at 63000
decoder does not change here at 63600
decoder does not change here at 64200
decoder does not change here at 64800
decoder does not change here at 65400
decoder does not change here at 66000
observations have counts >> 1000 
observations have counts >> 1000 
decoder does not change here at 66600
observations have counts >> 1000 
observations have counts >> 1000 
decoder does not change here at 67200
observations have counts >> 1000 
decoder does not change here at 67800
decoder does not change here at 68400
observations have counts >> 1000 
decoder does not change here at 69000
decoder does not change here at 69600
decoder does not change here at 70200
decoder does not change here at 70800
decoder does not change here at 71400
decoder does not change here at 72000
finish  at cycle_count: 72000
/home/aolab/miniconda3/envs/sijia-feature-analysis/lib/python3.8/site-packages/sklearn/linear_model/_coordinate_descent.py:529: ConvergenceWarning: Objective did not converge. You might want to increase the number of iterations. Duality gap: 22.689641232969052, tolerance: 14.20162569397546
  model = cd_fast.enet_coordinate_descent(
..........................HDFWriter: Saving datafile to /tmp/tmpgup6tjsl.h5
HDFWriter: opening file
HDFWriter registered 'sync_events'
HDFWriter registered 'sync_clock'
HDFWriter registered 'trials'
HDFWriter registered 'task'
Closed hdf
ended datasink
0
exit
end of FSM.run, task state is None
wait for 10s for hdf file to save
saving feature selection file name to /tmp/tmpgup6tjsl.h5
Writing new group: /feature_selection
Added feat_set
Added C_mat
Added Q_diag
Added K_mat
Done!
saving lasso feature selection file name to /tmp/tmpgup6tjsl.h5
Writing new group: /lasso_feature_selection
Added lasso_hist
Done!
Finished running  lasso_1.0_4_noise_32_128_100_3_clda_rho_0.5_batchlen_100_lasso_alpha_10_lasso_threshold_1_shuffle_rows
***********************************************************
***********************************************************

cp /tmp/tmpgup6tjsl.h5 /home/aolab/sijia/data/figure3_lasso/lasso_1.0_4_noise_32_128_100_3_clda_rho_0.5_batchlen_100_lasso_alpha_10_lasso_threshold_1_shuffle_rows.h5
cp /tmp/tmpgup6tjsl.h5.p /home/aolab/sijia/data/figure3_lasso/lasso_1.0_4_noise_32_128_100_3_clda_rho_0.5_batchlen_100_lasso_alpha_10_lasso_threshold_1_shuffle_rows.p
we have experimental conditions ['lasso_1.0_4_noise_32_128_100_3_clda_rho_0.5_batchlen_100_lasso_alpha_10_lasso_threshold_1_shuffle_rows_smooth_batch_with_full_feature']
simulation_setup_functions: get_enc_setup has a tuning_level of 1 

simulation_runs: set base class 
simulation_runs: selected SimKFDecoderRandom 

simulation_runs: set up encoder change with shuffle_rows
kwargs will be updated in a later time
the feature adaptation project is tracking dict_keys(['transform_x_flag', 'transform_y_flag', 'n_starting_feats', 'n_states', 'train_high_SNR_time', 'lasso_alpha', 'lasso_threshold', 'adaptive_lasso_flag', 'number_of_features', 'change_sim_c_at_cycle', 'new_sim_c']) 
we have got 1 exps

features.simulation_features.SimIntentionLQRController: LQRController used 


 features.simulation_features.SimFeedbackLearner: start to create a sim leaner with a batchsize of 100
features.simulation_features.SimSmoothBatch: rho in this simulation is  0.5

Use feature selector as a class feature with a a parent class
finished executing Experiment.__init__
in feature selector mod
use user supplied features
feature init: [array([False, False,  True, False, False,  True, False,  True, False,
       False,  True, False,  True,  True, False,  True,  True, False,
        True,  True,  True, False, False, False,  True,  True,  True,
       False, False,  True, False, False, False, False,  True, False,
       False, False, False, False, False, False, False, False, False,
       False, False,  True, False, False, False, False, False, False,
       False, False, False, False, False, False, False,  True, False,
       False, False, False, False, False,  True, False, False, False,
       False, False,  True, False, False, False,  True, False, False,
       False,  True, False,  True, False, False, False, False, False,
        True, False,  True, False, False,  True, False, False,  True,
       False,  True, False, False, False, False,  True, False,  True,
       False, False, False, False, False, False, False, False,  True,
       False, False, False, False, False, False,  True, False, False,
       False, False])]
feature selector: add initial decoder weights
feature_selection_feature: initialized lasso regression with an alpha of 10 and a max number of iteration of 10000
<class 'features.simulation_features.SimCosineTunedEncWithNoise'>: added CosineTunedEncWithNoise 
TimeCountDown: assume  fps to be 60
finished instantiated experiment 0




 using encoder with additional noises  State space: ['hand_px', 'hand_py', 'hand_pz', 'hand_vx', 'hand_vy', 'hand_vz', 'offset'] 

<bound method GenericCosEncWithNoise._gen_fixed_gaussian_noise of <riglib.bmi.sim_neurons.GenericCosEncWithNoise object at 0x7faf7fbcabb0>>
neural encoder init function  <SimpleTargetCaptureWithHold(Thread-20, initial)>
features.simulation_features: added tracking of K matrix
sinkmanager start <class 'hdfwriter.hdfwriter.HDFWriter'>
Traceback (most recent call last):
  File "/home/aolab/sijia/brain-python-interface/riglib/bmi/bmi.py", line 1342, in cleanup_hdf
    self.write_clda_data_to_hdf_table(
  File "/home/aolab/sijia/brain-python-interface/riglib/bmi/bmi.py", line 1367, in write_clda_data_to_hdf_table
    log_file = open(os.path.expandvars('$HOME/code/bmi3d/log/clda_hdf_log'), 'a')
FileNotFoundError: [Errno 2] No such file or directory: '/home/aolab/code/bmi3d/log/clda_hdf_log'
/home/aolab/miniconda3/envs/sijia-feature-analysis/lib/python3.8/site-packages/aopy/preproc/bmi3d.py:382: UserWarning: Warning: no sync clock connected! This will usually result in problems.
  warnings.warn("Warning: no sync clock connected! This will usually result in problems.")
/home/aolab/miniconda3/envs/sijia-feature-analysis/lib/python3.8/site-packages/aopy/preproc/bmi3d.py:449: UserWarning: No sync events present, using bmi3d events instead
  warnings.warn("No sync events present, using bmi3d events instead")
<bmimultitasks.SimpleEndpointAssister object at 0x7fae737b5cd0>
features.simulation_features: batch size is 100
Reset states for learner: 
[]
Done states for learner: 
[]

features.simulation_features.SimFeedbackLearner: flip the self.learn_flag to true
features.simulation_features.SimFeedbackLearner: succussfully created a feedback controller learner


SimSmoothBatchFullFeature: created a FULL FEATURE updater with a batch time of 1 and a half_life of 1.0 

..........................finished initialize experiement  0
select_decoder_features: first time (128, 7) (128, 7)
active feature set is [False False  True False False  True False  True False False  True False
  True  True False  True  True False  True  True  True False False False
  True  True  True False False  True False False False False  True False
 False False False False False False False False False False False  True
 False False False False False False False False False False False False
 False  True False False False False False False  True False False False
 False False  True False False False  True False False False  True False
  True False False False False False  True False  True False False  True
 False False  True False  True False False False False  True False  True
 False False False False False False False False  True False False False
 False False False  True False False False False]
after trans: (32, 7)
after trans: (32, 32)
decoder change flag to false
assist_level at final value after 0 successful trials
Warning: Cannot sync more than 1 event per cycle
Overwriting [b'EXP_START'] with TARGET_ON event
KFSmoothBatchFullFeature: 128 neurons selected
KFSmoothBatchFullFeature: 128 neurons selected
KFSmoothBatchFullFeature: 128 neurons selected
KFSmoothBatchFullFeature: 128 neurons selected
KFSmoothBatchFullFeature: 128 neurons selected
KFSmoothBatchFullFeature: 128 neurons selected
KFSmoothBatchFullFeature: 128 neurons selected
KFSmoothBatchFullFeature: 128 neurons selected
KFSmoothBatchFullFeature: 128 neurons selected
KFSmoothBatchFullFeature: 128 neurons selected
KFSmoothBatchFullFeature: 128 neurons selected
KFSmoothBatchFullFeature: 128 neurons selected
KFSmoothBatchFullFeature: 128 neurons selected
KFSmoothBatchFullFeature: 128 neurons selected
KFSmoothBatchFullFeature: 128 neurons selected
KFSmoothBatchFullFeature: 128 neurons selected
KFSmoothBatchFullFeature: 128 neurons selected
KFSmoothBatchFullFeature: 128 neurons selected
KFSmoothBatchFullFeature: 128 neurons selected
KFSmoothBatchFullFeature: 128 neurons selected
KFSmoothBatchFullFeature: 128 neurons selected
KFSmoothBatchFullFeature: 128 neurons selected
KFSmoothBatchFullFeature: 128 neurons selected
KFSmoothBatchFullFeature: 128 neurons selected
KFSmoothBatchFullFeature: 128 neurons selected
KFSmoothBatchFullFeature: 128 neurons selected
KFSmoothBatchFullFeature: 128 neurons selected
KFSmoothBatchFullFeature: 128 neurons selected
KFSmoothBatchFullFeature: 128 neurons selected
KFSmoothBatchFullFeature: 128 neurons selected

 using encoder with additional noises  State space: ['hand_px', 'hand_py', 'hand_pz', 'hand_vx', 'hand_vy', 'hand_vz', 'offset'] 

<bound method GenericCosEncWithNoise._gen_fixed_gaussian_noise of <riglib.bmi.sim_neurons.GenericCosEncWithNoise object at 0x7faf7fbd7730>>
changed encoder at cycle 18000
KFSmoothBatchFullFeature: 128 neurons selected
KFSmoothBatchFullFeature: 128 neurons selected
KFSmoothBatchFullFeature: 128 neurons selected
KFSmoothBatchFullFeature: 128 neurons selected
KFSmoothBatchFullFeature: 128 neurons selected
KFSmoothBatchFullFeature: 128 neurons selected
KFSmoothBatchFullFeature: 128 neurons selected
KFSmoothBatchFullFeature: 128 neurons selected
KFSmoothBatchFullFeature: 128 neurons selected
KFSmoothBatchFullFeature: 128 neurons selected
KFSmoothBatchFullFeature: 128 neurons selected
KFSmoothBatchFullFeature: 128 neurons selected
KFSmoothBatchFullFeature: 128 neurons selected
KFSmoothBatchFullFeature: 128 neurons selected
KFSmoothBatchFullFeature: 128 neurons selected
KFSmoothBatchFullFeature: 128 neurons selected
KFSmoothBatchFullFeature: 128 neurons selected
KFSmoothBatchFullFeature: 128 neurons selected
KFSmoothBatchFullFeature: 128 neurons selected
KFSmoothBatchFullFeature: 128 neurons selected
KFSmoothBatchFullFeature: 128 neurons selected
KFSmoothBatchFullFeature: 128 neurons selected
KFSmoothBatchFullFeature: 128 neurons selected
KFSmoothBatchFullFeature: 128 neurons selected
KFSmoothBatchFullFeature: 128 neurons selected
KFSmoothBatchFullFeature: 128 neurons selected
KFSmoothBatchFullFeature: 128 neurons selected
KFSmoothBatchFullFeature: 128 neurons selected
KFSmoothBatchFullFeature: 128 neurons selected
KFSmoothBatchFullFeature: 128 neurons selected
KFSmoothBatchFullFeature: 128 neurons selected
KFSmoothBatchFullFeature: 128 neurons selected
KFSmoothBatchFullFeature: 128 neurons selected
KFSmoothBatchFullFeature: 128 neurons selected
KFSmoothBatchFullFeature: 128 neurons selected
KFSmoothBatchFullFeature: 128 neurons selected
KFSmoothBatchFullFeature: 128 neurons selected
KFSmoothBatchFullFeature: 128 neurons selected
KFSmoothBatchFullFeature: 128 neurons selected
KFSmoothBatchFullFeature: 128 neurons selected
KFSmoothBatchFullFeature: 128 neurons selected
KFSmoothBatchFullFeature: 128 neurons selected
KFSmoothBatchFullFeature: 128 neurons selected
KFSmoothBatchFullFeature: 128 neurons selected
KFSmoothBatchFullFeature: 128 neurons selected
KFSmoothBatchFullFeature: 128 neurons selected
KFSmoothBatchFullFeature: 128 neurons selected
KFSmoothBatchFullFeature: 128 neurons selected
KFSmoothBatchFullFeature: 128 neurons selected
KFSmoothBatchFullFeature: 128 neurons selected
KFSmoothBatchFullFeature: 128 neurons selected
KFSmoothBatchFullFeature: 128 neurons selected
KFSmoothBatchFullFeature: 128 neurons selected
KFSmoothBatchFullFeature: 128 neurons selected
KFSmoothBatchFullFeature: 128 neurons selected
KFSmoothBatchFullFeature: 128 neurons selected
KFSmoothBatchFullFeature: 128 neurons selected
KFSmoothBatchFullFeature: 128 neurons selected
KFSmoothBatchFullFeature: 128 neurons selected
KFSmoothBatchFullFeature: 128 neurons selected
KFSmoothBatchFullFeature: 128 neurons selected
KFSmoothBatchFullFeature: 128 neurons selected
KFSmoothBatchFullFeature: 128 neurons selected
KFSmoothBatchFullFeature: 128 neurons selected
KFSmoothBatchFullFeature: 128 neurons selected
KFSmoothBatchFullFeature: 128 neurons selected
KFSmoothBatchFullFeature: 128 neurons selected
KFSmoothBatchFullFeature: 128 neurons selected
KFSmoothBatchFullFeature: 128 neurons selected
KFSmoothBatchFullFeature: 128 neurons selected
KFSmoothBatchFullFeature: 128 neurons selected
KFSmoothBatchFullFeature: 128 neurons selected
KFSmoothBatchFullFeature: 128 neurons selected
KFSmoothBatchFullFeature: 128 neurons selected
KFSmoothBatchFullFeature: 128 neurons selected
KFSmoothBatchFullFeature: 128 neurons selected
KFSmoothBatchFullFeature: 128 neurons selected
KFSmoothBatchFullFeature: 128 neurons selected
KFSmoothBatchFullFeature: 128 neurons selected
KFSmoothBatchFullFeature: 128 neurons selected
KFSmoothBatchFullFeature: 128 neurons selected
KFSmoothBatchFullFeature: 128 neurons selected
KFSmoothBatchFullFeature: 128 neurons selected
KFSmoothBatchFullFeature: 128 neurons selected
KFSmoothBatchFullFeature: 128 neurons selected
KFSmoothBatchFullFeature: 128 neurons selected
KFSmoothBatchFullFeature: 128 neurons selected
KFSmoothBatchFullFeature: 128 neurons selected
KFSmoothBatchFullFeature: 128 neurons selected
KFSmoothBatchFullFeature: 128 neurons selected
finish  at cycle_count: 72000
..........................HDFWriter: Saving datafile to /tmp/tmp_epr3bbq.h5
HDFWriter: opening file
HDFWriter registered 'sync_events'
HDFWriter registered 'sync_clock'
HDFWriter registered 'trials'
HDFWriter registered 'task'
Closed hdf
ended datasink
0
exit
end of FSM.run, task state is None
wait for 10s for hdf file to save
saving feature selection file name to /tmp/tmp_epr3bbq.h5
Writing new group: /feature_selection
Added feat_set
Added C_mat
Added Q_diag
Added K_mat
Done!
saving lasso feature selection file name to /tmp/tmp_epr3bbq.h5
Writing new group: /lasso_feature_selection
Added lasso_hist
Done!
Finished running  lasso_1.0_4_noise_32_128_100_3_clda_rho_0.5_batchlen_100_lasso_alpha_10_lasso_threshold_1_shuffle_rows_smooth_batch_with_full_feature
***********************************************************
***********************************************************

cp /tmp/tmp_epr3bbq.h5 /home/aolab/sijia/data/figure3_lasso/lasso_1.0_4_noise_32_128_100_3_clda_rho_0.5_batchlen_100_lasso_alpha_10_lasso_threshold_1_shuffle_rows_smooth_batch_with_full_feature.h5
cp /tmp/tmp_epr3bbq.h5.p /home/aolab/sijia/data/figure3_lasso/lasso_1.0_4_noise_32_128_100_3_clda_rho_0.5_batchlen_100_lasso_alpha_10_lasso_threshold_1_shuffle_rows_smooth_batch_with_full_feature.p
we have experimental conditions ['lasso_1.0_5_noise_32_128_100_3_clda_rho_0.5_batchlen_100_lasso_alpha_10_lasso_threshold_1_same']
simulation_setup_functions: get_enc_setup has a tuning_level of 1 

simulation_runs: set base class 
simulation_runs: selected SimKFDecoderRandom 

simulation_runs: set up encoder change with same
kwargs will be updated in a later time
the feature adaptation project is tracking dict_keys(['transform_x_flag', 'transform_y_flag', 'n_starting_feats', 'n_states', 'train_high_SNR_time', 'lasso_alpha', 'lasso_threshold', 'adaptive_lasso_flag', 'number_of_features', 'change_sim_c_at_cycle', 'new_sim_c']) 
we have got 1 exps

features.simulation_features.SimIntentionLQRController: LQRController used 


 features.simulation_features.SimFeedbackLearner: start to create a sim leaner with a batchsize of 100
features.simulation_features.SimSmoothBatch: rho in this simulation is  0.5

Use feature selector as a class feature with a a parent class
finished executing Experiment.__init__
in feature selector mod
use user supplied features
feature init: [array([False, False, False, False, False, False,  True, False, False,
       False,  True, False, False, False, False, False, False,  True,
       False, False,  True, False, False,  True, False, False, False,
       False,  True, False, False, False, False, False, False,  True,
       False, False, False,  True, False, False,  True, False, False,
       False,  True, False,  True,  True,  True, False, False, False,
        True, False, False,  True, False, False, False, False, False,
        True,  True, False,  True, False, False,  True,  True,  True,
        True, False, False, False, False, False, False,  True, False,
       False, False,  True, False, False, False, False, False,  True,
       False, False,  True, False,  True, False, False, False,  True,
       False, False, False, False, False,  True, False, False, False,
        True,  True,  True, False, False, False, False, False, False,
       False, False, False, False, False, False, False, False, False,
       False, False])]
feature selector: add initial decoder weights
feature_selection_feature: initialized lasso regression with an alpha of 10 and a max number of iteration of 10000
<class 'features.simulation_features.SimCosineTunedEncWithNoise'>: added CosineTunedEncWithNoise 
TimeCountDown: assume  fps to be 60
finished instantiated experiment 0




 using encoder with additional noises  State space: ['hand_px', 'hand_py', 'hand_pz', 'hand_vx', 'hand_vy', 'hand_vz', 'offset'] 

<bound method GenericCosEncWithNoise._gen_fixed_gaussian_noise of <riglib.bmi.sim_neurons.GenericCosEncWithNoise object at 0x7faf7f81ee80>>
neural encoder init function  <SimpleTargetCaptureWithHold(Thread-21, initial)>
features.simulation_features: added tracking of K matrix
sinkmanager start <class 'hdfwriter.hdfwriter.HDFWriter'>
Traceback (most recent call last):
  File "/home/aolab/sijia/brain-python-interface/riglib/bmi/bmi.py", line 1342, in cleanup_hdf
    self.write_clda_data_to_hdf_table(
  File "/home/aolab/sijia/brain-python-interface/riglib/bmi/bmi.py", line 1367, in write_clda_data_to_hdf_table
    log_file = open(os.path.expandvars('$HOME/code/bmi3d/log/clda_hdf_log'), 'a')
FileNotFoundError: [Errno 2] No such file or directory: '/home/aolab/code/bmi3d/log/clda_hdf_log'
/home/aolab/miniconda3/envs/sijia-feature-analysis/lib/python3.8/site-packages/aopy/preproc/bmi3d.py:382: UserWarning: Warning: no sync clock connected! This will usually result in problems.
  warnings.warn("Warning: no sync clock connected! This will usually result in problems.")
/home/aolab/miniconda3/envs/sijia-feature-analysis/lib/python3.8/site-packages/aopy/preproc/bmi3d.py:449: UserWarning: No sync events present, using bmi3d events instead
  warnings.warn("No sync events present, using bmi3d events instead")
<bmimultitasks.SimpleEndpointAssister object at 0x7fae76b017c0>
features.simulation_features: batch size is 100
Reset states for learner: 
[]
Done states for learner: 
[]

features.simulation_features.SimFeedbackLearner: flip the self.learn_flag to true
features.simulation_features.SimFeedbackLearner: succussfully created a feedback controller learner


SimSmoothBatch: created an updater with a batch time of 1 and a half_life of 1.0 

..........................finished initialize experiement  0
select_decoder_features: first time (128, 7) (128, 7)
active feature set is [False False False False False False  True False False False  True False
 False False False False False  True False False  True False False  True
 False False False False  True False False False False False False  True
 False False False  True False False  True False False False  True False
  True  True  True False False False  True False False  True False False
 False False False  True  True False  True False False  True  True  True
  True False False False False False False  True False False False  True
 False False False False False  True False False  True False  True False
 False False  True False False False False False  True False False False
  True  True  True False False False False False False False False False
 False False False False False False False False]
after trans: (32, 7)
after trans: (32, 32)
decoder change flag to false
assist_level at final value after 0 successful trials
Warning: Cannot sync more than 1 event per cycle
Overwriting [b'EXP_START'] with TARGET_ON event
decoder does not change here at 600
decoder does not change here at 1200
decoder does not change here at 1800
decoder does not change here at 2400
decoder does not change here at 3000
decoder does not change here at 3600
decoder does not change here at 4200
decoder does not change here at 4800
decoder does not change here at 5400
decoder does not change here at 6000
decoder does not change here at 6600
decoder does not change here at 7200
decoder does not change here at 7800
decoder does not change here at 8400
decoder does not change here at 9000
decoder does not change here at 9600
decoder does not change here at 10200
observations have counts >> 1000 
decoder does not change here at 10800
decoder does not change here at 11400
decoder does not change here at 12000
decoder does not change here at 12600
decoder does not change here at 13200
decoder does not change here at 13800
decoder does not change here at 14400
decoder does not change here at 15000
decoder does not change here at 15600
decoder does not change here at 16200
decoder does not change here at 16800
decoder does not change here at 17400
decoder does not change here at 18000

 using encoder with additional noises  State space: ['hand_px', 'hand_py', 'hand_pz', 'hand_vx', 'hand_vy', 'hand_vz', 'offset'] 

<bound method GenericCosEncWithNoise._gen_fixed_gaussian_noise of <riglib.bmi.sim_neurons.GenericCosEncWithNoise object at 0x7fae72eaadc0>>
changed encoder at cycle 18000
decoder does not change here at 18600
decoder does not change here at 19200
decoder does not change here at 19800
decoder does not change here at 20400
decoder does not change here at 21000
decoder does not change here at 21600
decoder does not change here at 22200
decoder does not change here at 22800
decoder does not change here at 23400
decoder does not change here at 24000
decoder does not change here at 24600
decoder does not change here at 25200
decoder does not change here at 25800
decoder does not change here at 26400
observations have counts >> 1000 
observations have counts >> 1000 
decoder does not change here at 27000
observations have counts >> 1000 
observations have counts >> 1000 
decoder does not change here at 27600
decoder does not change here at 28200
decoder does not change here at 28800
observations have counts >> 1000 
observations have counts >> 1000 
decoder does not change here at 29400
decoder does not change here at 30000
decoder does not change here at 30600
decoder does not change here at 31200
decoder does not change here at 31800
decoder does not change here at 32400
decoder does not change here at 33000
decoder does not change here at 33600
observations have counts >> 1000 
decoder does not change here at 34200
decoder does not change here at 34800
decoder does not change here at 35400
decoder does not change here at 36000
observations have counts >> 1000 
observations have counts >> 1000 
observations have counts >> 1000 
decoder does not change here at 36600
decoder does not change here at 37200
decoder does not change here at 37800
decoder does not change here at 38400
decoder does not change here at 39000
decoder does not change here at 39600
observations have counts >> 1000 
decoder does not change here at 40200
decoder does not change here at 40800
decoder does not change here at 41400
decoder does not change here at 42000
decoder does not change here at 42600
observations have counts >> 1000 
observations have counts >> 1000 
decoder does not change here at 43200
decoder does not change here at 43800
decoder does not change here at 44400
decoder does not change here at 45000
observations have counts >> 1000 
observations have counts >> 1000 
decoder does not change here at 45600
decoder does not change here at 46200
decoder does not change here at 46800
decoder does not change here at 47400
decoder does not change here at 48000
observations have counts >> 1000 
decoder does not change here at 48600
observations have counts >> 1000 
decoder does not change here at 49200
decoder does not change here at 49800
decoder does not change here at 50400
decoder does not change here at 51000
observations have counts >> 1000 
decoder does not change here at 51600
decoder does not change here at 52200
decoder does not change here at 52800
decoder does not change here at 53400
decoder does not change here at 54000
decoder does not change here at 54600
decoder does not change here at 55200
decoder does not change here at 55800
decoder does not change here at 56400
decoder does not change here at 57000
decoder does not change here at 57600
decoder does not change here at 58200
decoder does not change here at 58800
decoder does not change here at 59400
decoder does not change here at 60000
decoder does not change here at 60600
decoder does not change here at 61200
decoder does not change here at 61800
decoder does not change here at 62400
observations have counts >> 1000 
decoder does not change here at 63000
decoder does not change here at 63600
observations have counts >> 1000 
decoder does not change here at 64200
decoder does not change here at 64800
decoder does not change here at 65400
decoder does not change here at 66000
decoder does not change here at 66600
observations have counts >> 1000 
observations have counts >> 1000 
decoder does not change here at 67200
decoder does not change here at 67800
decoder does not change here at 68400
decoder does not change here at 69000
observations have counts >> 1000 
decoder does not change here at 69600
decoder does not change here at 70200
decoder does not change here at 70800
decoder does not change here at 71400
decoder does not change here at 72000
finish  at cycle_count: 72000
..........................HDFWriter: Saving datafile to /tmp/tmpi2s6ioo8.h5
HDFWriter: opening file
HDFWriter registered 'sync_events'
HDFWriter registered 'sync_clock'
HDFWriter registered 'trials'
HDFWriter registered 'task'
Closed hdf
ended datasink
0
exit
end of FSM.run, task state is None
wait for 10s for hdf file to save
saving feature selection file name to /tmp/tmpi2s6ioo8.h5
Writing new group: /feature_selection
Added feat_set
Added C_mat
Added Q_diag
Added K_mat
Done!
saving lasso feature selection file name to /tmp/tmpi2s6ioo8.h5
Writing new group: /lasso_feature_selection
Added lasso_hist
Done!
Finished running  lasso_1.0_5_noise_32_128_100_3_clda_rho_0.5_batchlen_100_lasso_alpha_10_lasso_threshold_1_same
***********************************************************
***********************************************************

cp /tmp/tmpi2s6ioo8.h5 /home/aolab/sijia/data/figure3_lasso/lasso_1.0_5_noise_32_128_100_3_clda_rho_0.5_batchlen_100_lasso_alpha_10_lasso_threshold_1_same.h5
cp /tmp/tmpi2s6ioo8.h5.p /home/aolab/sijia/data/figure3_lasso/lasso_1.0_5_noise_32_128_100_3_clda_rho_0.5_batchlen_100_lasso_alpha_10_lasso_threshold_1_same.p
we have experimental conditions ['lasso_1.0_5_noise_32_128_100_3_clda_rho_0.5_batchlen_100_lasso_alpha_10_lasso_threshold_1_same_smooth_batch_with_full_feature']
simulation_setup_functions: get_enc_setup has a tuning_level of 1 

simulation_runs: set base class 
simulation_runs: selected SimKFDecoderRandom 

simulation_runs: set up encoder change with same
kwargs will be updated in a later time
the feature adaptation project is tracking dict_keys(['transform_x_flag', 'transform_y_flag', 'n_starting_feats', 'n_states', 'train_high_SNR_time', 'lasso_alpha', 'lasso_threshold', 'adaptive_lasso_flag', 'number_of_features', 'change_sim_c_at_cycle', 'new_sim_c']) 
we have got 1 exps

features.simulation_features.SimIntentionLQRController: LQRController used 


 features.simulation_features.SimFeedbackLearner: start to create a sim leaner with a batchsize of 100
features.simulation_features.SimSmoothBatch: rho in this simulation is  0.5

Use feature selector as a class feature with a a parent class
finished executing Experiment.__init__
in feature selector mod
use user supplied features
feature init: [array([False, False, False, False, False, False,  True, False, False,
       False,  True, False, False, False, False, False, False,  True,
       False, False,  True, False, False,  True, False, False, False,
       False,  True, False, False, False, False, False, False,  True,
       False, False, False,  True, False, False,  True, False, False,
       False,  True, False,  True,  True,  True, False, False, False,
        True, False, False,  True, False, False, False, False, False,
        True,  True, False,  True, False, False,  True,  True,  True,
        True, False, False, False, False, False, False,  True, False,
       False, False,  True, False, False, False, False, False,  True,
       False, False,  True, False,  True, False, False, False,  True,
       False, False, False, False, False,  True, False, False, False,
        True,  True,  True, False, False, False, False, False, False,
       False, False, False, False, False, False, False, False, False,
       False, False])]
feature selector: add initial decoder weights
feature_selection_feature: initialized lasso regression with an alpha of 10 and a max number of iteration of 10000
<class 'features.simulation_features.SimCosineTunedEncWithNoise'>: added CosineTunedEncWithNoise 
TimeCountDown: assume  fps to be 60
finished instantiated experiment 0




 using encoder with additional noises  State space: ['hand_px', 'hand_py', 'hand_pz', 'hand_vx', 'hand_vy', 'hand_vz', 'offset'] 

<bound method GenericCosEncWithNoise._gen_fixed_gaussian_noise of <riglib.bmi.sim_neurons.GenericCosEncWithNoise object at 0x7fae740d7760>>
neural encoder init function  <SimpleTargetCaptureWithHold(Thread-22, initial)>
features.simulation_features: added tracking of K matrix
sinkmanager start <class 'hdfwriter.hdfwriter.HDFWriter'>
Traceback (most recent call last):
  File "/home/aolab/sijia/brain-python-interface/riglib/bmi/bmi.py", line 1342, in cleanup_hdf
    self.write_clda_data_to_hdf_table(
  File "/home/aolab/sijia/brain-python-interface/riglib/bmi/bmi.py", line 1367, in write_clda_data_to_hdf_table
    log_file = open(os.path.expandvars('$HOME/code/bmi3d/log/clda_hdf_log'), 'a')
FileNotFoundError: [Errno 2] No such file or directory: '/home/aolab/code/bmi3d/log/clda_hdf_log'
/home/aolab/miniconda3/envs/sijia-feature-analysis/lib/python3.8/site-packages/aopy/preproc/bmi3d.py:382: UserWarning: Warning: no sync clock connected! This will usually result in problems.
  warnings.warn("Warning: no sync clock connected! This will usually result in problems.")
/home/aolab/miniconda3/envs/sijia-feature-analysis/lib/python3.8/site-packages/aopy/preproc/bmi3d.py:449: UserWarning: No sync events present, using bmi3d events instead
  warnings.warn("No sync events present, using bmi3d events instead")
<bmimultitasks.SimpleEndpointAssister object at 0x7fae75284460>
features.simulation_features: batch size is 100
Reset states for learner: 
[]
Done states for learner: 
[]

features.simulation_features.SimFeedbackLearner: flip the self.learn_flag to true
features.simulation_features.SimFeedbackLearner: succussfully created a feedback controller learner


SimSmoothBatchFullFeature: created a FULL FEATURE updater with a batch time of 1 and a half_life of 1.0 

..........................finished initialize experiement  0
select_decoder_features: first time (128, 7) (128, 7)
active feature set is [False False False False False False  True False False False  True False
 False False False False False  True False False  True False False  True
 False False False False  True False False False False False False  True
 False False False  True False False  True False False False  True False
  True  True  True False False False  True False False  True False False
 False False False  True  True False  True False False  True  True  True
  True False False False False False False  True False False False  True
 False False False False False  True False False  True False  True False
 False False  True False False False False False  True False False False
  True  True  True False False False False False False False False False
 False False False False False False False False]
after trans: (32, 7)
after trans: (32, 32)
decoder change flag to false
assist_level at final value after 0 successful trials
Warning: Cannot sync more than 1 event per cycle
Overwriting [b'EXP_START'] with TARGET_ON event
KFSmoothBatchFullFeature: 128 neurons selected
KFSmoothBatchFullFeature: 128 neurons selected
KFSmoothBatchFullFeature: 128 neurons selected
KFSmoothBatchFullFeature: 128 neurons selected
KFSmoothBatchFullFeature: 128 neurons selected
KFSmoothBatchFullFeature: 128 neurons selected
KFSmoothBatchFullFeature: 128 neurons selected
KFSmoothBatchFullFeature: 128 neurons selected
KFSmoothBatchFullFeature: 128 neurons selected
KFSmoothBatchFullFeature: 128 neurons selected
KFSmoothBatchFullFeature: 128 neurons selected
KFSmoothBatchFullFeature: 128 neurons selected
KFSmoothBatchFullFeature: 128 neurons selected
KFSmoothBatchFullFeature: 128 neurons selected
KFSmoothBatchFullFeature: 128 neurons selected
KFSmoothBatchFullFeature: 128 neurons selected
KFSmoothBatchFullFeature: 128 neurons selected
KFSmoothBatchFullFeature: 128 neurons selected
KFSmoothBatchFullFeature: 128 neurons selected
KFSmoothBatchFullFeature: 128 neurons selected
KFSmoothBatchFullFeature: 128 neurons selected
KFSmoothBatchFullFeature: 128 neurons selected
KFSmoothBatchFullFeature: 128 neurons selected
KFSmoothBatchFullFeature: 128 neurons selected
KFSmoothBatchFullFeature: 128 neurons selected
KFSmoothBatchFullFeature: 128 neurons selected
KFSmoothBatchFullFeature: 128 neurons selected
KFSmoothBatchFullFeature: 128 neurons selected
KFSmoothBatchFullFeature: 128 neurons selected
KFSmoothBatchFullFeature: 128 neurons selected

 using encoder with additional noises  State space: ['hand_px', 'hand_py', 'hand_pz', 'hand_vx', 'hand_vy', 'hand_vz', 'offset'] 

<bound method GenericCosEncWithNoise._gen_fixed_gaussian_noise of <riglib.bmi.sim_neurons.GenericCosEncWithNoise object at 0x7faf7fbcaca0>>
changed encoder at cycle 18000
KFSmoothBatchFullFeature: 128 neurons selected
KFSmoothBatchFullFeature: 128 neurons selected
KFSmoothBatchFullFeature: 128 neurons selected
KFSmoothBatchFullFeature: 128 neurons selected
KFSmoothBatchFullFeature: 128 neurons selected
KFSmoothBatchFullFeature: 128 neurons selected
KFSmoothBatchFullFeature: 128 neurons selected
KFSmoothBatchFullFeature: 128 neurons selected
KFSmoothBatchFullFeature: 128 neurons selected
KFSmoothBatchFullFeature: 128 neurons selected
KFSmoothBatchFullFeature: 128 neurons selected
KFSmoothBatchFullFeature: 128 neurons selected
KFSmoothBatchFullFeature: 128 neurons selected
KFSmoothBatchFullFeature: 128 neurons selected
KFSmoothBatchFullFeature: 128 neurons selected
KFSmoothBatchFullFeature: 128 neurons selected
KFSmoothBatchFullFeature: 128 neurons selected
KFSmoothBatchFullFeature: 128 neurons selected
KFSmoothBatchFullFeature: 128 neurons selected
KFSmoothBatchFullFeature: 128 neurons selected
KFSmoothBatchFullFeature: 128 neurons selected
KFSmoothBatchFullFeature: 128 neurons selected
KFSmoothBatchFullFeature: 128 neurons selected
KFSmoothBatchFullFeature: 128 neurons selected
KFSmoothBatchFullFeature: 128 neurons selected
KFSmoothBatchFullFeature: 128 neurons selected
KFSmoothBatchFullFeature: 128 neurons selected
KFSmoothBatchFullFeature: 128 neurons selected
KFSmoothBatchFullFeature: 128 neurons selected
KFSmoothBatchFullFeature: 128 neurons selected
KFSmoothBatchFullFeature: 128 neurons selected
KFSmoothBatchFullFeature: 128 neurons selected
KFSmoothBatchFullFeature: 128 neurons selected
KFSmoothBatchFullFeature: 128 neurons selected
KFSmoothBatchFullFeature: 128 neurons selected
KFSmoothBatchFullFeature: 128 neurons selected
KFSmoothBatchFullFeature: 128 neurons selected
KFSmoothBatchFullFeature: 128 neurons selected
KFSmoothBatchFullFeature: 128 neurons selected
KFSmoothBatchFullFeature: 128 neurons selected
KFSmoothBatchFullFeature: 128 neurons selected
KFSmoothBatchFullFeature: 128 neurons selected
KFSmoothBatchFullFeature: 128 neurons selected
KFSmoothBatchFullFeature: 128 neurons selected
KFSmoothBatchFullFeature: 128 neurons selected
KFSmoothBatchFullFeature: 128 neurons selected
KFSmoothBatchFullFeature: 128 neurons selected
KFSmoothBatchFullFeature: 128 neurons selected
KFSmoothBatchFullFeature: 128 neurons selected
KFSmoothBatchFullFeature: 128 neurons selected
KFSmoothBatchFullFeature: 128 neurons selected
KFSmoothBatchFullFeature: 128 neurons selected
KFSmoothBatchFullFeature: 128 neurons selected
KFSmoothBatchFullFeature: 128 neurons selected
KFSmoothBatchFullFeature: 128 neurons selected
KFSmoothBatchFullFeature: 128 neurons selected
KFSmoothBatchFullFeature: 128 neurons selected
KFSmoothBatchFullFeature: 128 neurons selected
KFSmoothBatchFullFeature: 128 neurons selected
KFSmoothBatchFullFeature: 128 neurons selected
KFSmoothBatchFullFeature: 128 neurons selected
KFSmoothBatchFullFeature: 128 neurons selected
KFSmoothBatchFullFeature: 128 neurons selected
KFSmoothBatchFullFeature: 128 neurons selected
KFSmoothBatchFullFeature: 128 neurons selected
KFSmoothBatchFullFeature: 128 neurons selected
KFSmoothBatchFullFeature: 128 neurons selected
KFSmoothBatchFullFeature: 128 neurons selected
KFSmoothBatchFullFeature: 128 neurons selected
KFSmoothBatchFullFeature: 128 neurons selected
KFSmoothBatchFullFeature: 128 neurons selected
KFSmoothBatchFullFeature: 128 neurons selected
KFSmoothBatchFullFeature: 128 neurons selected
KFSmoothBatchFullFeature: 128 neurons selected
KFSmoothBatchFullFeature: 128 neurons selected
KFSmoothBatchFullFeature: 128 neurons selected
KFSmoothBatchFullFeature: 128 neurons selected
KFSmoothBatchFullFeature: 128 neurons selected
KFSmoothBatchFullFeature: 128 neurons selected
KFSmoothBatchFullFeature: 128 neurons selected
KFSmoothBatchFullFeature: 128 neurons selected
KFSmoothBatchFullFeature: 128 neurons selected
KFSmoothBatchFullFeature: 128 neurons selected
KFSmoothBatchFullFeature: 128 neurons selected
KFSmoothBatchFullFeature: 128 neurons selected
KFSmoothBatchFullFeature: 128 neurons selected
KFSmoothBatchFullFeature: 128 neurons selected
KFSmoothBatchFullFeature: 128 neurons selected
KFSmoothBatchFullFeature: 128 neurons selected
KFSmoothBatchFullFeature: 128 neurons selected
finish  at cycle_count: 72000
..........................HDFWriter: Saving datafile to /tmp/tmpgye2rp9a.h5
HDFWriter: opening file
HDFWriter registered 'sync_events'
HDFWriter registered 'sync_clock'
HDFWriter registered 'trials'
HDFWriter registered 'task'
Closed hdf
ended datasink
0
exit
end of FSM.run, task state is None
wait for 10s for hdf file to save
saving feature selection file name to /tmp/tmpgye2rp9a.h5
Writing new group: /feature_selection
Added feat_set
Added C_mat
Added Q_diag
Added K_mat
Done!
saving lasso feature selection file name to /tmp/tmpgye2rp9a.h5
Writing new group: /lasso_feature_selection
Added lasso_hist
Done!
Finished running  lasso_1.0_5_noise_32_128_100_3_clda_rho_0.5_batchlen_100_lasso_alpha_10_lasso_threshold_1_same_smooth_batch_with_full_feature
***********************************************************
***********************************************************

cp /tmp/tmpgye2rp9a.h5 /home/aolab/sijia/data/figure3_lasso/lasso_1.0_5_noise_32_128_100_3_clda_rho_0.5_batchlen_100_lasso_alpha_10_lasso_threshold_1_same_smooth_batch_with_full_feature.h5
cp /tmp/tmpgye2rp9a.h5.p /home/aolab/sijia/data/figure3_lasso/lasso_1.0_5_noise_32_128_100_3_clda_rho_0.5_batchlen_100_lasso_alpha_10_lasso_threshold_1_same_smooth_batch_with_full_feature.p
we have experimental conditions ['lasso_1.0_5_noise_32_128_100_3_clda_rho_0.5_batchlen_100_lasso_alpha_10_lasso_threshold_1_shuffle_rows']
simulation_setup_functions: get_enc_setup has a tuning_level of 1 

simulation_runs: set base class 
simulation_runs: selected SimKFDecoderRandom 

simulation_runs: set up encoder change with shuffle_rows
kwargs will be updated in a later time
the feature adaptation project is tracking dict_keys(['transform_x_flag', 'transform_y_flag', 'n_starting_feats', 'n_states', 'train_high_SNR_time', 'lasso_alpha', 'lasso_threshold', 'adaptive_lasso_flag', 'number_of_features', 'change_sim_c_at_cycle', 'new_sim_c']) 
we have got 1 exps

features.simulation_features.SimIntentionLQRController: LQRController used 


 features.simulation_features.SimFeedbackLearner: start to create a sim leaner with a batchsize of 100
features.simulation_features.SimSmoothBatch: rho in this simulation is  0.5

Use feature selector as a class feature with a a parent class
finished executing Experiment.__init__
in feature selector mod
use user supplied features
feature init: [array([False, False, False, False, False, False,  True, False, False,
       False,  True, False, False, False, False, False, False,  True,
       False, False,  True, False, False,  True, False, False, False,
       False,  True, False, False, False, False, False, False,  True,
       False, False, False,  True, False, False,  True, False, False,
       False,  True, False,  True,  True,  True, False, False, False,
        True, False, False,  True, False, False, False, False, False,
        True,  True, False,  True, False, False,  True,  True,  True,
        True, False, False, False, False, False, False,  True, False,
       False, False,  True, False, False, False, False, False,  True,
       False, False,  True, False,  True, False, False, False,  True,
       False, False, False, False, False,  True, False, False, False,
        True,  True,  True, False, False, False, False, False, False,
       False, False, False, False, False, False, False, False, False,
       False, False])]
feature selector: add initial decoder weights
feature_selection_feature: initialized lasso regression with an alpha of 10 and a max number of iteration of 10000
<class 'features.simulation_features.SimCosineTunedEncWithNoise'>: added CosineTunedEncWithNoise 
TimeCountDown: assume  fps to be 60
finished instantiated experiment 0




 using encoder with additional noises  State space: ['hand_px', 'hand_py', 'hand_pz', 'hand_vx', 'hand_vy', 'hand_vz', 'offset'] 

<bound method GenericCosEncWithNoise._gen_fixed_gaussian_noise of <riglib.bmi.sim_neurons.GenericCosEncWithNoise object at 0x7fae740f1e80>>
neural encoder init function  <SimpleTargetCaptureWithHold(Thread-23, initial)>
features.simulation_features: added tracking of K matrix
sinkmanager start <class 'hdfwriter.hdfwriter.HDFWriter'>
Traceback (most recent call last):
  File "/home/aolab/sijia/brain-python-interface/riglib/bmi/bmi.py", line 1342, in cleanup_hdf
    self.write_clda_data_to_hdf_table(
  File "/home/aolab/sijia/brain-python-interface/riglib/bmi/bmi.py", line 1367, in write_clda_data_to_hdf_table
    log_file = open(os.path.expandvars('$HOME/code/bmi3d/log/clda_hdf_log'), 'a')
FileNotFoundError: [Errno 2] No such file or directory: '/home/aolab/code/bmi3d/log/clda_hdf_log'
/home/aolab/miniconda3/envs/sijia-feature-analysis/lib/python3.8/site-packages/aopy/preproc/bmi3d.py:382: UserWarning: Warning: no sync clock connected! This will usually result in problems.
  warnings.warn("Warning: no sync clock connected! This will usually result in problems.")
/home/aolab/miniconda3/envs/sijia-feature-analysis/lib/python3.8/site-packages/aopy/preproc/bmi3d.py:449: UserWarning: No sync events present, using bmi3d events instead
  warnings.warn("No sync events present, using bmi3d events instead")
<bmimultitasks.SimpleEndpointAssister object at 0x7fae74a83400>
features.simulation_features: batch size is 100
Reset states for learner: 
[]
Done states for learner: 
[]

features.simulation_features.SimFeedbackLearner: flip the self.learn_flag to true
features.simulation_features.SimFeedbackLearner: succussfully created a feedback controller learner


SimSmoothBatch: created an updater with a batch time of 1 and a half_life of 1.0 

..........................finished initialize experiement  0
select_decoder_features: first time (128, 7) (128, 7)
active feature set is [False False False False False False  True False False False  True False
 False False False False False  True False False  True False False  True
 False False False False  True False False False False False False  True
 False False False  True False False  True False False False  True False
  True  True  True False False False  True False False  True False False
 False False False  True  True False  True False False  True  True  True
  True False False False False False False  True False False False  True
 False False False False False  True False False  True False  True False
 False False  True False False False False False  True False False False
  True  True  True False False False False False False False False False
 False False False False False False False False]
after trans: (32, 7)
after trans: (32, 32)
decoder change flag to false
assist_level at final value after 0 successful trials
Warning: Cannot sync more than 1 event per cycle
Overwriting [b'EXP_START'] with TARGET_ON event
decoder does not change here at 600
decoder does not change here at 1200
decoder does not change here at 1800
decoder does not change here at 2400
decoder does not change here at 3000
observations have counts >> 1000 
decoder does not change here at 3600
decoder does not change here at 4200
decoder does not change here at 4800
decoder does not change here at 5400
decoder does not change here at 6000
decoder does not change here at 6600
decoder does not change here at 7200
decoder does not change here at 7800
decoder does not change here at 8400
decoder does not change here at 9000
decoder does not change here at 9600
decoder does not change here at 10200
decoder does not change here at 10800
observations have counts >> 1000 
decoder does not change here at 11400
observations have counts >> 1000 
decoder does not change here at 12000
observations have counts >> 1000 
decoder does not change here at 12600
decoder does not change here at 13200
decoder does not change here at 13800
decoder does not change here at 14400
decoder does not change here at 15000
observations have counts >> 1000 
decoder does not change here at 15600
decoder does not change here at 16200
observations have counts >> 1000 
decoder does not change here at 16800
decoder does not change here at 17400
decoder does not change here at 18000

 using encoder with additional noises  State space: ['hand_px', 'hand_py', 'hand_pz', 'hand_vx', 'hand_vy', 'hand_vz', 'offset'] 

<bound method GenericCosEncWithNoise._gen_fixed_gaussian_noise of <riglib.bmi.sim_neurons.GenericCosEncWithNoise object at 0x7fae740d0d90>>
changed encoder at cycle 18000
decoder does not change here at 18600
decoder does not change here at 19200
decoder does not change here at 19800
observations have counts >> 1000 
decoder does not change here at 20400
decoder does not change here at 21000
decoder does not change here at 21600
decoder does not change here at 22200
observations have counts >> 1000 
observations have counts >> 1000 
decoder does not change here at 22800
decoder does not change here at 23400
decoder does not change here at 24000
decoder does not change here at 24600
decoder does not change here at 25200
decoder does not change here at 25800
decoder does not change here at 26400
decoder does not change here at 27000
decoder does not change here at 27600
decoder does not change here at 28200
decoder does not change here at 28800
decoder does not change here at 29400
decoder does not change here at 30000
decoder does not change here at 30600
decoder does not change here at 31200
decoder does not change here at 31800
decoder does not change here at 32400
decoder does not change here at 33000
decoder does not change here at 33600
decoder does not change here at 34200
decoder does not change here at 34800
decoder does not change here at 35400
observations have counts >> 1000 
decoder does not change here at 36000
decoder does not change here at 36600
decoder does not change here at 37200
decoder does not change here at 37800
decoder does not change here at 38400
decoder does not change here at 39000
decoder does not change here at 39600
decoder does not change here at 40200
decoder does not change here at 40800
decoder does not change here at 41400
decoder does not change here at 42000
decoder does not change here at 42600
observations have counts >> 1000 
decoder does not change here at 43200
observations have counts >> 1000 
observations have counts >> 1000 
decoder does not change here at 43800
observations have counts >> 1000 
decoder does not change here at 44400
decoder does not change here at 45000
decoder does not change here at 45600
decoder does not change here at 46200
decoder does not change here at 46800
decoder does not change here at 47400
decoder does not change here at 48000
decoder does not change here at 48600
decoder does not change here at 49200
decoder does not change here at 49800
decoder does not change here at 50400
observations have counts >> 1000 
observations have counts >> 1000 
observations have counts >> 1000 
observations have counts >> 1000 
decoder does not change here at 51000
decoder does not change here at 51600
decoder does not change here at 52200
decoder does not change here at 52800
decoder does not change here at 53400
decoder does not change here at 54000
decoder does not change here at 54600
decoder does not change here at 55200
decoder does not change here at 55800
observations have counts >> 1000 
decoder does not change here at 56400
decoder does not change here at 57000
observations have counts >> 1000 
observations have counts >> 1000 
decoder does not change here at 57600
decoder does not change here at 58200
decoder does not change here at 58800
decoder does not change here at 59400
decoder does not change here at 60000
decoder does not change here at 60600
decoder does not change here at 61200
decoder does not change here at 61800
observations have counts >> 1000 
decoder does not change here at 62400
decoder does not change here at 63000
observations have counts >> 1000 
decoder does not change here at 63600
decoder does not change here at 64200
decoder does not change here at 64800
observations have counts >> 1000 
observations have counts >> 1000 
decoder does not change here at 65400
observations have counts >> 1000 
decoder does not change here at 66000
decoder does not change here at 66600
decoder does not change here at 67200
decoder does not change here at 67800
decoder does not change here at 68400
decoder does not change here at 69000
decoder does not change here at 69600
decoder does not change here at 70200
decoder does not change here at 70800
decoder does not change here at 71400
observations have counts >> 1000 
decoder does not change here at 72000
finish  at cycle_count: 72000
..........................HDFWriter: Saving datafile to /tmp/tmpa23pahet.h5
HDFWriter: opening file
HDFWriter registered 'sync_events'
HDFWriter registered 'sync_clock'
HDFWriter registered 'trials'
HDFWriter registered 'task'
Closed hdf
ended datasink
0
exit
end of FSM.run, task state is None
wait for 10s for hdf file to save
saving feature selection file name to /tmp/tmpa23pahet.h5
Writing new group: /feature_selection
Added feat_set
Added C_mat
Added Q_diag
Added K_mat
Done!
saving lasso feature selection file name to /tmp/tmpa23pahet.h5
Writing new group: /lasso_feature_selection
Added lasso_hist
Done!
Finished running  lasso_1.0_5_noise_32_128_100_3_clda_rho_0.5_batchlen_100_lasso_alpha_10_lasso_threshold_1_shuffle_rows
***********************************************************
***********************************************************

cp /tmp/tmpa23pahet.h5 /home/aolab/sijia/data/figure3_lasso/lasso_1.0_5_noise_32_128_100_3_clda_rho_0.5_batchlen_100_lasso_alpha_10_lasso_threshold_1_shuffle_rows.h5
cp /tmp/tmpa23pahet.h5.p /home/aolab/sijia/data/figure3_lasso/lasso_1.0_5_noise_32_128_100_3_clda_rho_0.5_batchlen_100_lasso_alpha_10_lasso_threshold_1_shuffle_rows.p
we have experimental conditions ['lasso_1.0_5_noise_32_128_100_3_clda_rho_0.5_batchlen_100_lasso_alpha_10_lasso_threshold_1_shuffle_rows_smooth_batch_with_full_feature']
simulation_setup_functions: get_enc_setup has a tuning_level of 1 

simulation_runs: set base class 
simulation_runs: selected SimKFDecoderRandom 

simulation_runs: set up encoder change with shuffle_rows
kwargs will be updated in a later time
the feature adaptation project is tracking dict_keys(['transform_x_flag', 'transform_y_flag', 'n_starting_feats', 'n_states', 'train_high_SNR_time', 'lasso_alpha', 'lasso_threshold', 'adaptive_lasso_flag', 'number_of_features', 'change_sim_c_at_cycle', 'new_sim_c']) 
we have got 1 exps

features.simulation_features.SimIntentionLQRController: LQRController used 


 features.simulation_features.SimFeedbackLearner: start to create a sim leaner with a batchsize of 100
features.simulation_features.SimSmoothBatch: rho in this simulation is  0.5

Use feature selector as a class feature with a a parent class
finished executing Experiment.__init__
in feature selector mod
use user supplied features
feature init: [array([False, False, False, False, False, False,  True, False, False,
       False,  True, False, False, False, False, False, False,  True,
       False, False,  True, False, False,  True, False, False, False,
       False,  True, False, False, False, False, False, False,  True,
       False, False, False,  True, False, False,  True, False, False,
       False,  True, False,  True,  True,  True, False, False, False,
        True, False, False,  True, False, False, False, False, False,
        True,  True, False,  True, False, False,  True,  True,  True,
        True, False, False, False, False, False, False,  True, False,
       False, False,  True, False, False, False, False, False,  True,
       False, False,  True, False,  True, False, False, False,  True,
       False, False, False, False, False,  True, False, False, False,
        True,  True,  True, False, False, False, False, False, False,
       False, False, False, False, False, False, False, False, False,
       False, False])]
feature selector: add initial decoder weights
feature_selection_feature: initialized lasso regression with an alpha of 10 and a max number of iteration of 10000
<class 'features.simulation_features.SimCosineTunedEncWithNoise'>: added CosineTunedEncWithNoise 
TimeCountDown: assume  fps to be 60
finished instantiated experiment 0




 using encoder with additional noises  State space: ['hand_px', 'hand_py', 'hand_pz', 'hand_vx', 'hand_vy', 'hand_vz', 'offset'] 

<bound method GenericCosEncWithNoise._gen_fixed_gaussian_noise of <riglib.bmi.sim_neurons.GenericCosEncWithNoise object at 0x7fae76f3b9a0>>
neural encoder init function  <SimpleTargetCaptureWithHold(Thread-24, initial)>
features.simulation_features: added tracking of K matrix
sinkmanager start <class 'hdfwriter.hdfwriter.HDFWriter'>
Traceback (most recent call last):
  File "/home/aolab/sijia/brain-python-interface/riglib/bmi/bmi.py", line 1342, in cleanup_hdf
    self.write_clda_data_to_hdf_table(
  File "/home/aolab/sijia/brain-python-interface/riglib/bmi/bmi.py", line 1367, in write_clda_data_to_hdf_table
    log_file = open(os.path.expandvars('$HOME/code/bmi3d/log/clda_hdf_log'), 'a')
FileNotFoundError: [Errno 2] No such file or directory: '/home/aolab/code/bmi3d/log/clda_hdf_log'
/home/aolab/miniconda3/envs/sijia-feature-analysis/lib/python3.8/site-packages/aopy/preproc/bmi3d.py:382: UserWarning: Warning: no sync clock connected! This will usually result in problems.
  warnings.warn("Warning: no sync clock connected! This will usually result in problems.")
/home/aolab/miniconda3/envs/sijia-feature-analysis/lib/python3.8/site-packages/aopy/preproc/bmi3d.py:449: UserWarning: No sync events present, using bmi3d events instead
  warnings.warn("No sync events present, using bmi3d events instead")
<bmimultitasks.SimpleEndpointAssister object at 0x7fae75ff08e0>
features.simulation_features: batch size is 100
Reset states for learner: 
[]
Done states for learner: 
[]

features.simulation_features.SimFeedbackLearner: flip the self.learn_flag to true
features.simulation_features.SimFeedbackLearner: succussfully created a feedback controller learner


SimSmoothBatchFullFeature: created a FULL FEATURE updater with a batch time of 1 and a half_life of 1.0 

..........................finished initialize experiement  0
select_decoder_features: first time (128, 7) (128, 7)
active feature set is [False False False False False False  True False False False  True False
 False False False False False  True False False  True False False  True
 False False False False  True False False False False False False  True
 False False False  True False False  True False False False  True False
  True  True  True False False False  True False False  True False False
 False False False  True  True False  True False False  True  True  True
  True False False False False False False  True False False False  True
 False False False False False  True False False  True False  True False
 False False  True False False False False False  True False False False
  True  True  True False False False False False False False False False
 False False False False False False False False]
after trans: (32, 7)
after trans: (32, 32)
decoder change flag to false
assist_level at final value after 0 successful trials
Warning: Cannot sync more than 1 event per cycle
Overwriting [b'EXP_START'] with TARGET_ON event
KFSmoothBatchFullFeature: 128 neurons selected
KFSmoothBatchFullFeature: 128 neurons selected
KFSmoothBatchFullFeature: 128 neurons selected
KFSmoothBatchFullFeature: 128 neurons selected
KFSmoothBatchFullFeature: 128 neurons selected
KFSmoothBatchFullFeature: 128 neurons selected
KFSmoothBatchFullFeature: 128 neurons selected
KFSmoothBatchFullFeature: 128 neurons selected
KFSmoothBatchFullFeature: 128 neurons selected
KFSmoothBatchFullFeature: 128 neurons selected
KFSmoothBatchFullFeature: 128 neurons selected
KFSmoothBatchFullFeature: 128 neurons selected
KFSmoothBatchFullFeature: 128 neurons selected
KFSmoothBatchFullFeature: 128 neurons selected
KFSmoothBatchFullFeature: 128 neurons selected
KFSmoothBatchFullFeature: 128 neurons selected
KFSmoothBatchFullFeature: 128 neurons selected
KFSmoothBatchFullFeature: 128 neurons selected
KFSmoothBatchFullFeature: 128 neurons selected
KFSmoothBatchFullFeature: 128 neurons selected
KFSmoothBatchFullFeature: 128 neurons selected
KFSmoothBatchFullFeature: 128 neurons selected
KFSmoothBatchFullFeature: 128 neurons selected
KFSmoothBatchFullFeature: 128 neurons selected
KFSmoothBatchFullFeature: 128 neurons selected
KFSmoothBatchFullFeature: 128 neurons selected
KFSmoothBatchFullFeature: 128 neurons selected
KFSmoothBatchFullFeature: 128 neurons selected
KFSmoothBatchFullFeature: 128 neurons selected
KFSmoothBatchFullFeature: 128 neurons selected

 using encoder with additional noises  State space: ['hand_px', 'hand_py', 'hand_pz', 'hand_vx', 'hand_vy', 'hand_vz', 'offset'] 

<bound method GenericCosEncWithNoise._gen_fixed_gaussian_noise of <riglib.bmi.sim_neurons.GenericCosEncWithNoise object at 0x7fae740cbeb0>>
changed encoder at cycle 18000
KFSmoothBatchFullFeature: 128 neurons selected
KFSmoothBatchFullFeature: 128 neurons selected
KFSmoothBatchFullFeature: 128 neurons selected
KFSmoothBatchFullFeature: 128 neurons selected
KFSmoothBatchFullFeature: 128 neurons selected
KFSmoothBatchFullFeature: 128 neurons selected
KFSmoothBatchFullFeature: 128 neurons selected
KFSmoothBatchFullFeature: 128 neurons selected
KFSmoothBatchFullFeature: 128 neurons selected
KFSmoothBatchFullFeature: 128 neurons selected
KFSmoothBatchFullFeature: 128 neurons selected
KFSmoothBatchFullFeature: 128 neurons selected
KFSmoothBatchFullFeature: 128 neurons selected
KFSmoothBatchFullFeature: 128 neurons selected
KFSmoothBatchFullFeature: 128 neurons selected
KFSmoothBatchFullFeature: 128 neurons selected
KFSmoothBatchFullFeature: 128 neurons selected
KFSmoothBatchFullFeature: 128 neurons selected
KFSmoothBatchFullFeature: 128 neurons selected
KFSmoothBatchFullFeature: 128 neurons selected
KFSmoothBatchFullFeature: 128 neurons selected
KFSmoothBatchFullFeature: 128 neurons selected
KFSmoothBatchFullFeature: 128 neurons selected
KFSmoothBatchFullFeature: 128 neurons selected
KFSmoothBatchFullFeature: 128 neurons selected
KFSmoothBatchFullFeature: 128 neurons selected
KFSmoothBatchFullFeature: 128 neurons selected
KFSmoothBatchFullFeature: 128 neurons selected
KFSmoothBatchFullFeature: 128 neurons selected
KFSmoothBatchFullFeature: 128 neurons selected
KFSmoothBatchFullFeature: 128 neurons selected
KFSmoothBatchFullFeature: 128 neurons selected
KFSmoothBatchFullFeature: 128 neurons selected
KFSmoothBatchFullFeature: 128 neurons selected
KFSmoothBatchFullFeature: 128 neurons selected
KFSmoothBatchFullFeature: 128 neurons selected
KFSmoothBatchFullFeature: 128 neurons selected
KFSmoothBatchFullFeature: 128 neurons selected
KFSmoothBatchFullFeature: 128 neurons selected
KFSmoothBatchFullFeature: 128 neurons selected
KFSmoothBatchFullFeature: 128 neurons selected
KFSmoothBatchFullFeature: 128 neurons selected
KFSmoothBatchFullFeature: 128 neurons selected
KFSmoothBatchFullFeature: 128 neurons selected
KFSmoothBatchFullFeature: 128 neurons selected
KFSmoothBatchFullFeature: 128 neurons selected
KFSmoothBatchFullFeature: 128 neurons selected
KFSmoothBatchFullFeature: 128 neurons selected
KFSmoothBatchFullFeature: 128 neurons selected
KFSmoothBatchFullFeature: 128 neurons selected
KFSmoothBatchFullFeature: 128 neurons selected
KFSmoothBatchFullFeature: 128 neurons selected
KFSmoothBatchFullFeature: 128 neurons selected
KFSmoothBatchFullFeature: 128 neurons selected
KFSmoothBatchFullFeature: 128 neurons selected
KFSmoothBatchFullFeature: 128 neurons selected
KFSmoothBatchFullFeature: 128 neurons selected
KFSmoothBatchFullFeature: 128 neurons selected
KFSmoothBatchFullFeature: 128 neurons selected
KFSmoothBatchFullFeature: 128 neurons selected
KFSmoothBatchFullFeature: 128 neurons selected
KFSmoothBatchFullFeature: 128 neurons selected
KFSmoothBatchFullFeature: 128 neurons selected
KFSmoothBatchFullFeature: 128 neurons selected
KFSmoothBatchFullFeature: 128 neurons selected
KFSmoothBatchFullFeature: 128 neurons selected
KFSmoothBatchFullFeature: 128 neurons selected
KFSmoothBatchFullFeature: 128 neurons selected
KFSmoothBatchFullFeature: 128 neurons selected
KFSmoothBatchFullFeature: 128 neurons selected
KFSmoothBatchFullFeature: 128 neurons selected
KFSmoothBatchFullFeature: 128 neurons selected
KFSmoothBatchFullFeature: 128 neurons selected
KFSmoothBatchFullFeature: 128 neurons selected
KFSmoothBatchFullFeature: 128 neurons selected
KFSmoothBatchFullFeature: 128 neurons selected
KFSmoothBatchFullFeature: 128 neurons selected
KFSmoothBatchFullFeature: 128 neurons selected
KFSmoothBatchFullFeature: 128 neurons selected
KFSmoothBatchFullFeature: 128 neurons selected
KFSmoothBatchFullFeature: 128 neurons selected
KFSmoothBatchFullFeature: 128 neurons selected
KFSmoothBatchFullFeature: 128 neurons selected
KFSmoothBatchFullFeature: 128 neurons selected
KFSmoothBatchFullFeature: 128 neurons selected
KFSmoothBatchFullFeature: 128 neurons selected
KFSmoothBatchFullFeature: 128 neurons selected
KFSmoothBatchFullFeature: 128 neurons selected
KFSmoothBatchFullFeature: 128 neurons selected
KFSmoothBatchFullFeature: 128 neurons selected
finish  at cycle_count: 72000
..........................HDFWriter: Saving datafile to /tmp/tmpi09cff17.h5
HDFWriter: opening file
HDFWriter registered 'sync_events'
HDFWriter registered 'sync_clock'
HDFWriter registered 'trials'
HDFWriter registered 'task'
Closed hdf
ended datasink
0
exit
end of FSM.run, task state is None
wait for 10s for hdf file to save
saving feature selection file name to /tmp/tmpi09cff17.h5
Writing new group: /feature_selection
Added feat_set
Added C_mat
Added Q_diag
Added K_mat
Done!
saving lasso feature selection file name to /tmp/tmpi09cff17.h5
Writing new group: /lasso_feature_selection
Added lasso_hist
Done!
Finished running  lasso_1.0_5_noise_32_128_100_3_clda_rho_0.5_batchlen_100_lasso_alpha_10_lasso_threshold_1_shuffle_rows_smooth_batch_with_full_feature
***********************************************************
***********************************************************

cp /tmp/tmpi09cff17.h5 /home/aolab/sijia/data/figure3_lasso/lasso_1.0_5_noise_32_128_100_3_clda_rho_0.5_batchlen_100_lasso_alpha_10_lasso_threshold_1_shuffle_rows_smooth_batch_with_full_feature.h5
cp /tmp/tmpi09cff17.h5.p /home/aolab/sijia/data/figure3_lasso/lasso_1.0_5_noise_32_128_100_3_clda_rho_0.5_batchlen_100_lasso_alpha_10_lasso_threshold_1_shuffle_rows_smooth_batch_with_full_feature.p
we have experimental conditions ['lasso_1.0_6_noise_32_128_100_3_clda_rho_0.5_batchlen_100_lasso_alpha_10_lasso_threshold_1_same']
simulation_setup_functions: get_enc_setup has a tuning_level of 1 

simulation_runs: set base class 
simulation_runs: selected SimKFDecoderRandom 

simulation_runs: set up encoder change with same
kwargs will be updated in a later time
the feature adaptation project is tracking dict_keys(['transform_x_flag', 'transform_y_flag', 'n_starting_feats', 'n_states', 'train_high_SNR_time', 'lasso_alpha', 'lasso_threshold', 'adaptive_lasso_flag', 'number_of_features', 'change_sim_c_at_cycle', 'new_sim_c']) 
we have got 1 exps

features.simulation_features.SimIntentionLQRController: LQRController used 


 features.simulation_features.SimFeedbackLearner: start to create a sim leaner with a batchsize of 100
features.simulation_features.SimSmoothBatch: rho in this simulation is  0.5

Use feature selector as a class feature with a a parent class
finished executing Experiment.__init__
in feature selector mod
use user supplied features
feature init: [array([ True, False, False, False, False, False, False, False, False,
       False, False, False, False, False, False, False,  True,  True,
       False, False,  True, False, False,  True, False, False, False,
        True, False, False,  True, False,  True, False,  True, False,
       False, False,  True,  True, False, False, False, False,  True,
        True,  True, False, False, False, False, False,  True,  True,
        True, False, False, False, False, False,  True,  True, False,
       False, False, False, False, False, False, False, False, False,
        True, False,  True, False, False, False, False, False, False,
       False, False,  True, False,  True, False,  True, False, False,
        True, False,  True, False, False, False, False, False, False,
       False, False,  True, False,  True,  True, False, False, False,
       False, False, False, False, False, False, False, False, False,
       False, False, False,  True,  True, False, False, False, False,
        True, False])]
feature selector: add initial decoder weights
feature_selection_feature: initialized lasso regression with an alpha of 10 and a max number of iteration of 10000
<class 'features.simulation_features.SimCosineTunedEncWithNoise'>: added CosineTunedEncWithNoise 
TimeCountDown: assume  fps to be 60
finished instantiated experiment 0




 using encoder with additional noises  State space: ['hand_px', 'hand_py', 'hand_pz', 'hand_vx', 'hand_vy', 'hand_vz', 'offset'] 

<bound method GenericCosEncWithNoise._gen_fixed_gaussian_noise of <riglib.bmi.sim_neurons.GenericCosEncWithNoise object at 0x7fae74a83e50>>
neural encoder init function  <SimpleTargetCaptureWithHold(Thread-25, initial)>
features.simulation_features: added tracking of K matrix
sinkmanager start <class 'hdfwriter.hdfwriter.HDFWriter'>
Traceback (most recent call last):
  File "/home/aolab/sijia/brain-python-interface/riglib/bmi/bmi.py", line 1342, in cleanup_hdf
    self.write_clda_data_to_hdf_table(
  File "/home/aolab/sijia/brain-python-interface/riglib/bmi/bmi.py", line 1367, in write_clda_data_to_hdf_table
    log_file = open(os.path.expandvars('$HOME/code/bmi3d/log/clda_hdf_log'), 'a')
FileNotFoundError: [Errno 2] No such file or directory: '/home/aolab/code/bmi3d/log/clda_hdf_log'
/home/aolab/miniconda3/envs/sijia-feature-analysis/lib/python3.8/site-packages/aopy/preproc/bmi3d.py:382: UserWarning: Warning: no sync clock connected! This will usually result in problems.
  warnings.warn("Warning: no sync clock connected! This will usually result in problems.")
/home/aolab/miniconda3/envs/sijia-feature-analysis/lib/python3.8/site-packages/aopy/preproc/bmi3d.py:449: UserWarning: No sync events present, using bmi3d events instead
  warnings.warn("No sync events present, using bmi3d events instead")
<bmimultitasks.SimpleEndpointAssister object at 0x7fae740f75e0>
features.simulation_features: batch size is 100
Reset states for learner: 
[]
Done states for learner: 
[]

features.simulation_features.SimFeedbackLearner: flip the self.learn_flag to true
features.simulation_features.SimFeedbackLearner: succussfully created a feedback controller learner


SimSmoothBatch: created an updater with a batch time of 1 and a half_life of 1.0 

..........................finished initialize experiement  0
select_decoder_features: first time (128, 7) (128, 7)
active feature set is [ True False False False False False False False False False False False
 False False False False  True  True False False  True False False  True
 False False False  True False False  True False  True False  True False
 False False  True  True False False False False  True  True  True False
 False False False False  True  True  True False False False False False
  True  True False False False False False False False False False False
  True False  True False False False False False False False False  True
 False  True False  True False False  True False  True False False False
 False False False False False  True False  True  True False False False
 False False False False False False False False False False False False
  True  True False False False False  True False]
after trans: (32, 7)
after trans: (32, 32)
decoder change flag to false
assist_level at final value after 0 successful trials
Warning: Cannot sync more than 1 event per cycle
Overwriting [b'EXP_START'] with TARGET_ON event
decoder does not change here at 600
decoder does not change here at 1200
decoder does not change here at 1800
decoder does not change here at 2400
decoder does not change here at 3000
decoder does not change here at 3600
decoder does not change here at 4200
decoder does not change here at 4800
decoder does not change here at 5400
decoder does not change here at 6000
decoder does not change here at 6600
decoder does not change here at 7200
decoder does not change here at 7800
decoder does not change here at 8400
decoder does not change here at 9000
decoder does not change here at 9600
decoder does not change here at 10200
decoder does not change here at 10800
decoder does not change here at 11400
decoder does not change here at 12000
decoder does not change here at 12600
decoder does not change here at 13200
decoder does not change here at 13800
decoder does not change here at 14400
decoder does not change here at 15000
decoder does not change here at 15600
observations have counts >> 1000 
observations have counts >> 1000 
observations have counts >> 1000 
decoder does not change here at 16200
decoder does not change here at 16800
decoder does not change here at 17400
decoder does not change here at 18000

 using encoder with additional noises  State space: ['hand_px', 'hand_py', 'hand_pz', 'hand_vx', 'hand_vy', 'hand_vz', 'offset'] 

<bound method GenericCosEncWithNoise._gen_fixed_gaussian_noise of <riglib.bmi.sim_neurons.GenericCosEncWithNoise object at 0x7fae740fb490>>
changed encoder at cycle 18000
decoder does not change here at 18600
decoder does not change here at 19200
observations have counts >> 1000 
decoder does not change here at 19800
decoder does not change here at 20400
decoder does not change here at 21000
observations have counts >> 1000 
observations have counts >> 1000 
decoder does not change here at 21600
decoder does not change here at 22200
decoder does not change here at 22800
decoder does not change here at 23400
observations have counts >> 1000 
observations have counts >> 1000 
decoder does not change here at 24000
decoder does not change here at 24600
decoder does not change here at 25200
decoder does not change here at 25800
observations have counts >> 1000 
decoder does not change here at 26400
decoder does not change here at 27000
decoder does not change here at 27600
decoder does not change here at 28200
observations have counts >> 1000 
observations have counts >> 1000 
observations have counts >> 1000 
decoder does not change here at 28800
decoder does not change here at 29400
decoder does not change here at 30000
decoder does not change here at 30600
decoder does not change here at 31200
decoder does not change here at 31800
observations have counts >> 1000 
observations have counts >> 1000 
observations have counts >> 1000 
decoder does not change here at 32400
decoder does not change here at 33000
observations have counts >> 1000 
observations have counts >> 1000 
observations have counts >> 1000 
decoder does not change here at 33600
decoder does not change here at 34200
decoder does not change here at 34800
decoder does not change here at 35400
decoder does not change here at 36000
decoder does not change here at 36600
decoder does not change here at 37200
decoder does not change here at 37800
decoder does not change here at 38400
decoder does not change here at 39000
decoder does not change here at 39600
decoder does not change here at 40200
decoder does not change here at 40800
decoder does not change here at 41400
decoder does not change here at 42000
decoder does not change here at 42600
decoder does not change here at 43200
observations have counts >> 1000 
decoder does not change here at 43800
decoder does not change here at 44400
observations have counts >> 1000 
observations have counts >> 1000 
decoder does not change here at 45000
decoder does not change here at 45600
decoder does not change here at 46200
decoder does not change here at 46800
decoder does not change here at 47400
observations have counts >> 1000 
decoder does not change here at 48000
observations have counts >> 1000 
decoder does not change here at 48600
decoder does not change here at 49200
decoder does not change here at 49800
decoder does not change here at 50400
decoder does not change here at 51000
decoder does not change here at 51600
decoder does not change here at 52200
decoder does not change here at 52800
observations have counts >> 1000 
decoder does not change here at 53400
decoder does not change here at 54000
decoder does not change here at 54600
decoder does not change here at 55200
decoder does not change here at 55800
decoder does not change here at 56400
decoder does not change here at 57000
decoder does not change here at 57600
observations have counts >> 1000 
observations have counts >> 1000 
observations have counts >> 1000 
observations have counts >> 1000 
decoder does not change here at 58200
decoder does not change here at 58800
decoder does not change here at 59400
decoder does not change here at 60000
decoder does not change here at 60600
decoder does not change here at 61200
decoder does not change here at 61800
decoder does not change here at 62400
decoder does not change here at 63000
observations have counts >> 1000 
observations have counts >> 1000 
decoder does not change here at 63600
decoder does not change here at 64200
decoder does not change here at 64800
decoder does not change here at 65400
decoder does not change here at 66000
decoder does not change here at 66600
decoder does not change here at 67200
decoder does not change here at 67800
decoder does not change here at 68400
decoder does not change here at 69000
decoder does not change here at 69600
decoder does not change here at 70200
decoder does not change here at 70800
decoder does not change here at 71400
decoder does not change here at 72000
finish  at cycle_count: 72000
..........................HDFWriter: Saving datafile to /tmp/tmp6hiwvne6.h5
HDFWriter: opening file
HDFWriter registered 'sync_events'
HDFWriter registered 'sync_clock'
HDFWriter registered 'trials'
HDFWriter registered 'task'
Closed hdf
ended datasink
0
exit
end of FSM.run, task state is None
wait for 10s for hdf file to save
saving feature selection file name to /tmp/tmp6hiwvne6.h5
Writing new group: /feature_selection
Added feat_set
Added C_mat
Added Q_diag
Added K_mat
Done!
saving lasso feature selection file name to /tmp/tmp6hiwvne6.h5
Writing new group: /lasso_feature_selection
Added lasso_hist
Done!
Finished running  lasso_1.0_6_noise_32_128_100_3_clda_rho_0.5_batchlen_100_lasso_alpha_10_lasso_threshold_1_same
***********************************************************
***********************************************************

cp /tmp/tmp6hiwvne6.h5 /home/aolab/sijia/data/figure3_lasso/lasso_1.0_6_noise_32_128_100_3_clda_rho_0.5_batchlen_100_lasso_alpha_10_lasso_threshold_1_same.h5
cp /tmp/tmp6hiwvne6.h5.p /home/aolab/sijia/data/figure3_lasso/lasso_1.0_6_noise_32_128_100_3_clda_rho_0.5_batchlen_100_lasso_alpha_10_lasso_threshold_1_same.p
we have experimental conditions ['lasso_1.0_6_noise_32_128_100_3_clda_rho_0.5_batchlen_100_lasso_alpha_10_lasso_threshold_1_same_smooth_batch_with_full_feature']
simulation_setup_functions: get_enc_setup has a tuning_level of 1 

simulation_runs: set base class 
simulation_runs: selected SimKFDecoderRandom 

simulation_runs: set up encoder change with same
kwargs will be updated in a later time
the feature adaptation project is tracking dict_keys(['transform_x_flag', 'transform_y_flag', 'n_starting_feats', 'n_states', 'train_high_SNR_time', 'lasso_alpha', 'lasso_threshold', 'adaptive_lasso_flag', 'number_of_features', 'change_sim_c_at_cycle', 'new_sim_c']) 
we have got 1 exps

features.simulation_features.SimIntentionLQRController: LQRController used 


 features.simulation_features.SimFeedbackLearner: start to create a sim leaner with a batchsize of 100
features.simulation_features.SimSmoothBatch: rho in this simulation is  0.5

Use feature selector as a class feature with a a parent class
finished executing Experiment.__init__
in feature selector mod
use user supplied features
feature init: [array([ True, False, False, False, False, False, False, False, False,
       False, False, False, False, False, False, False,  True,  True,
       False, False,  True, False, False,  True, False, False, False,
        True, False, False,  True, False,  True, False,  True, False,
       False, False,  True,  True, False, False, False, False,  True,
        True,  True, False, False, False, False, False,  True,  True,
        True, False, False, False, False, False,  True,  True, False,
       False, False, False, False, False, False, False, False, False,
        True, False,  True, False, False, False, False, False, False,
       False, False,  True, False,  True, False,  True, False, False,
        True, False,  True, False, False, False, False, False, False,
       False, False,  True, False,  True,  True, False, False, False,
       False, False, False, False, False, False, False, False, False,
       False, False, False,  True,  True, False, False, False, False,
        True, False])]
feature selector: add initial decoder weights
feature_selection_feature: initialized lasso regression with an alpha of 10 and a max number of iteration of 10000
<class 'features.simulation_features.SimCosineTunedEncWithNoise'>: added CosineTunedEncWithNoise 
TimeCountDown: assume  fps to be 60
finished instantiated experiment 0




 using encoder with additional noises  State space: ['hand_px', 'hand_py', 'hand_pz', 'hand_vx', 'hand_vy', 'hand_vz', 'offset'] 

<bound method GenericCosEncWithNoise._gen_fixed_gaussian_noise of <riglib.bmi.sim_neurons.GenericCosEncWithNoise object at 0x7fae75284760>>
neural encoder init function  <SimpleTargetCaptureWithHold(Thread-26, initial)>
features.simulation_features: added tracking of K matrix
sinkmanager start <class 'hdfwriter.hdfwriter.HDFWriter'>
Traceback (most recent call last):
  File "/home/aolab/sijia/brain-python-interface/riglib/bmi/bmi.py", line 1342, in cleanup_hdf
    self.write_clda_data_to_hdf_table(
  File "/home/aolab/sijia/brain-python-interface/riglib/bmi/bmi.py", line 1367, in write_clda_data_to_hdf_table
    log_file = open(os.path.expandvars('$HOME/code/bmi3d/log/clda_hdf_log'), 'a')
FileNotFoundError: [Errno 2] No such file or directory: '/home/aolab/code/bmi3d/log/clda_hdf_log'
/home/aolab/miniconda3/envs/sijia-feature-analysis/lib/python3.8/site-packages/aopy/preproc/bmi3d.py:382: UserWarning: Warning: no sync clock connected! This will usually result in problems.
  warnings.warn("Warning: no sync clock connected! This will usually result in problems.")
/home/aolab/miniconda3/envs/sijia-feature-analysis/lib/python3.8/site-packages/aopy/preproc/bmi3d.py:449: UserWarning: No sync events present, using bmi3d events instead
  warnings.warn("No sync events present, using bmi3d events instead")
<bmimultitasks.SimpleEndpointAssister object at 0x7fae740f78b0>
features.simulation_features: batch size is 100
Reset states for learner: 
[]
Done states for learner: 
[]

features.simulation_features.SimFeedbackLearner: flip the self.learn_flag to true
features.simulation_features.SimFeedbackLearner: succussfully created a feedback controller learner


SimSmoothBatchFullFeature: created a FULL FEATURE updater with a batch time of 1 and a half_life of 1.0 

..........................finished initialize experiement  0
select_decoder_features: first time (128, 7) (128, 7)
active feature set is [ True False False False False False False False False False False False
 False False False False  True  True False False  True False False  True
 False False False  True False False  True False  True False  True False
 False False  True  True False False False False  True  True  True False
 False False False False  True  True  True False False False False False
  True  True False False False False False False False False False False
  True False  True False False False False False False False False  True
 False  True False  True False False  True False  True False False False
 False False False False False  True False  True  True False False False
 False False False False False False False False False False False False
  True  True False False False False  True False]
after trans: (32, 7)
after trans: (32, 32)
decoder change flag to false
assist_level at final value after 0 successful trials
Warning: Cannot sync more than 1 event per cycle
Overwriting [b'EXP_START'] with TARGET_ON event
KFSmoothBatchFullFeature: 128 neurons selected
KFSmoothBatchFullFeature: 128 neurons selected
KFSmoothBatchFullFeature: 128 neurons selected
KFSmoothBatchFullFeature: 128 neurons selected
KFSmoothBatchFullFeature: 128 neurons selected
KFSmoothBatchFullFeature: 128 neurons selected
KFSmoothBatchFullFeature: 128 neurons selected
KFSmoothBatchFullFeature: 128 neurons selected
KFSmoothBatchFullFeature: 128 neurons selected
KFSmoothBatchFullFeature: 128 neurons selected
KFSmoothBatchFullFeature: 128 neurons selected
KFSmoothBatchFullFeature: 128 neurons selected
KFSmoothBatchFullFeature: 128 neurons selected
KFSmoothBatchFullFeature: 128 neurons selected
KFSmoothBatchFullFeature: 128 neurons selected
KFSmoothBatchFullFeature: 128 neurons selected
KFSmoothBatchFullFeature: 128 neurons selected
KFSmoothBatchFullFeature: 128 neurons selected
KFSmoothBatchFullFeature: 128 neurons selected
KFSmoothBatchFullFeature: 128 neurons selected
KFSmoothBatchFullFeature: 128 neurons selected
KFSmoothBatchFullFeature: 128 neurons selected
KFSmoothBatchFullFeature: 128 neurons selected
KFSmoothBatchFullFeature: 128 neurons selected
KFSmoothBatchFullFeature: 128 neurons selected
KFSmoothBatchFullFeature: 128 neurons selected
KFSmoothBatchFullFeature: 128 neurons selected
KFSmoothBatchFullFeature: 128 neurons selected
KFSmoothBatchFullFeature: 128 neurons selected
KFSmoothBatchFullFeature: 128 neurons selected

 using encoder with additional noises  State space: ['hand_px', 'hand_py', 'hand_pz', 'hand_vx', 'hand_vy', 'hand_vz', 'offset'] 

<bound method GenericCosEncWithNoise._gen_fixed_gaussian_noise of <riglib.bmi.sim_neurons.GenericCosEncWithNoise object at 0x7fae75a709a0>>
changed encoder at cycle 18000
KFSmoothBatchFullFeature: 128 neurons selected
KFSmoothBatchFullFeature: 128 neurons selected
KFSmoothBatchFullFeature: 128 neurons selected
KFSmoothBatchFullFeature: 128 neurons selected
KFSmoothBatchFullFeature: 128 neurons selected
KFSmoothBatchFullFeature: 128 neurons selected
KFSmoothBatchFullFeature: 128 neurons selected
KFSmoothBatchFullFeature: 128 neurons selected
KFSmoothBatchFullFeature: 128 neurons selected
KFSmoothBatchFullFeature: 128 neurons selected
KFSmoothBatchFullFeature: 128 neurons selected
KFSmoothBatchFullFeature: 128 neurons selected
KFSmoothBatchFullFeature: 128 neurons selected
KFSmoothBatchFullFeature: 128 neurons selected
KFSmoothBatchFullFeature: 128 neurons selected
KFSmoothBatchFullFeature: 128 neurons selected
KFSmoothBatchFullFeature: 128 neurons selected
KFSmoothBatchFullFeature: 128 neurons selected
KFSmoothBatchFullFeature: 128 neurons selected
KFSmoothBatchFullFeature: 128 neurons selected
KFSmoothBatchFullFeature: 128 neurons selected
KFSmoothBatchFullFeature: 128 neurons selected
KFSmoothBatchFullFeature: 128 neurons selected
KFSmoothBatchFullFeature: 128 neurons selected
KFSmoothBatchFullFeature: 128 neurons selected
KFSmoothBatchFullFeature: 128 neurons selected
KFSmoothBatchFullFeature: 128 neurons selected
KFSmoothBatchFullFeature: 128 neurons selected
KFSmoothBatchFullFeature: 128 neurons selected
KFSmoothBatchFullFeature: 128 neurons selected
KFSmoothBatchFullFeature: 128 neurons selected
KFSmoothBatchFullFeature: 128 neurons selected
KFSmoothBatchFullFeature: 128 neurons selected
KFSmoothBatchFullFeature: 128 neurons selected
KFSmoothBatchFullFeature: 128 neurons selected
KFSmoothBatchFullFeature: 128 neurons selected
KFSmoothBatchFullFeature: 128 neurons selected
KFSmoothBatchFullFeature: 128 neurons selected
KFSmoothBatchFullFeature: 128 neurons selected
KFSmoothBatchFullFeature: 128 neurons selected
KFSmoothBatchFullFeature: 128 neurons selected
KFSmoothBatchFullFeature: 128 neurons selected
KFSmoothBatchFullFeature: 128 neurons selected
KFSmoothBatchFullFeature: 128 neurons selected
KFSmoothBatchFullFeature: 128 neurons selected
KFSmoothBatchFullFeature: 128 neurons selected
KFSmoothBatchFullFeature: 128 neurons selected
KFSmoothBatchFullFeature: 128 neurons selected
KFSmoothBatchFullFeature: 128 neurons selected
KFSmoothBatchFullFeature: 128 neurons selected
KFSmoothBatchFullFeature: 128 neurons selected
KFSmoothBatchFullFeature: 128 neurons selected
KFSmoothBatchFullFeature: 128 neurons selected
KFSmoothBatchFullFeature: 128 neurons selected
KFSmoothBatchFullFeature: 128 neurons selected
KFSmoothBatchFullFeature: 128 neurons selected
KFSmoothBatchFullFeature: 128 neurons selected
KFSmoothBatchFullFeature: 128 neurons selected
KFSmoothBatchFullFeature: 128 neurons selected
KFSmoothBatchFullFeature: 128 neurons selected
KFSmoothBatchFullFeature: 128 neurons selected
KFSmoothBatchFullFeature: 128 neurons selected
KFSmoothBatchFullFeature: 128 neurons selected
KFSmoothBatchFullFeature: 128 neurons selected
KFSmoothBatchFullFeature: 128 neurons selected
KFSmoothBatchFullFeature: 128 neurons selected
KFSmoothBatchFullFeature: 128 neurons selected
KFSmoothBatchFullFeature: 128 neurons selected
KFSmoothBatchFullFeature: 128 neurons selected
KFSmoothBatchFullFeature: 128 neurons selected
KFSmoothBatchFullFeature: 128 neurons selected
KFSmoothBatchFullFeature: 128 neurons selected
KFSmoothBatchFullFeature: 128 neurons selected
KFSmoothBatchFullFeature: 128 neurons selected
KFSmoothBatchFullFeature: 128 neurons selected
KFSmoothBatchFullFeature: 128 neurons selected
KFSmoothBatchFullFeature: 128 neurons selected
KFSmoothBatchFullFeature: 128 neurons selected
KFSmoothBatchFullFeature: 128 neurons selected
KFSmoothBatchFullFeature: 128 neurons selected
KFSmoothBatchFullFeature: 128 neurons selected
KFSmoothBatchFullFeature: 128 neurons selected
KFSmoothBatchFullFeature: 128 neurons selected
KFSmoothBatchFullFeature: 128 neurons selected
KFSmoothBatchFullFeature: 128 neurons selected
KFSmoothBatchFullFeature: 128 neurons selected
KFSmoothBatchFullFeature: 128 neurons selected
KFSmoothBatchFullFeature: 128 neurons selected
KFSmoothBatchFullFeature: 128 neurons selected
KFSmoothBatchFullFeature: 128 neurons selected
finish  at cycle_count: 72000
..........................HDFWriter: Saving datafile to /tmp/tmpr64i54ud.h5
HDFWriter: opening file
HDFWriter registered 'sync_events'
HDFWriter registered 'sync_clock'
HDFWriter registered 'trials'
HDFWriter registered 'task'
Closed hdf
ended datasink
0
exit
end of FSM.run, task state is None
wait for 10s for hdf file to save
saving feature selection file name to /tmp/tmpr64i54ud.h5
Writing new group: /feature_selection
Added feat_set
Added C_mat
Added Q_diag
Added K_mat
Done!
saving lasso feature selection file name to /tmp/tmpr64i54ud.h5
Writing new group: /lasso_feature_selection
Added lasso_hist
Done!
Finished running  lasso_1.0_6_noise_32_128_100_3_clda_rho_0.5_batchlen_100_lasso_alpha_10_lasso_threshold_1_same_smooth_batch_with_full_feature
***********************************************************
***********************************************************

cp /tmp/tmpr64i54ud.h5 /home/aolab/sijia/data/figure3_lasso/lasso_1.0_6_noise_32_128_100_3_clda_rho_0.5_batchlen_100_lasso_alpha_10_lasso_threshold_1_same_smooth_batch_with_full_feature.h5
cp /tmp/tmpr64i54ud.h5.p /home/aolab/sijia/data/figure3_lasso/lasso_1.0_6_noise_32_128_100_3_clda_rho_0.5_batchlen_100_lasso_alpha_10_lasso_threshold_1_same_smooth_batch_with_full_feature.p
we have experimental conditions ['lasso_1.0_6_noise_32_128_100_3_clda_rho_0.5_batchlen_100_lasso_alpha_10_lasso_threshold_1_shuffle_rows']
simulation_setup_functions: get_enc_setup has a tuning_level of 1 

simulation_runs: set base class 
simulation_runs: selected SimKFDecoderRandom 

simulation_runs: set up encoder change with shuffle_rows
kwargs will be updated in a later time
the feature adaptation project is tracking dict_keys(['transform_x_flag', 'transform_y_flag', 'n_starting_feats', 'n_states', 'train_high_SNR_time', 'lasso_alpha', 'lasso_threshold', 'adaptive_lasso_flag', 'number_of_features', 'change_sim_c_at_cycle', 'new_sim_c']) 
we have got 1 exps

features.simulation_features.SimIntentionLQRController: LQRController used 


 features.simulation_features.SimFeedbackLearner: start to create a sim leaner with a batchsize of 100
features.simulation_features.SimSmoothBatch: rho in this simulation is  0.5

Use feature selector as a class feature with a a parent class
finished executing Experiment.__init__
in feature selector mod
use user supplied features
feature init: [array([ True, False, False, False, False, False, False, False, False,
       False, False, False, False, False, False, False,  True,  True,
       False, False,  True, False, False,  True, False, False, False,
        True, False, False,  True, False,  True, False,  True, False,
       False, False,  True,  True, False, False, False, False,  True,
        True,  True, False, False, False, False, False,  True,  True,
        True, False, False, False, False, False,  True,  True, False,
       False, False, False, False, False, False, False, False, False,
        True, False,  True, False, False, False, False, False, False,
       False, False,  True, False,  True, False,  True, False, False,
        True, False,  True, False, False, False, False, False, False,
       False, False,  True, False,  True,  True, False, False, False,
       False, False, False, False, False, False, False, False, False,
       False, False, False,  True,  True, False, False, False, False,
        True, False])]
feature selector: add initial decoder weights
feature_selection_feature: initialized lasso regression with an alpha of 10 and a max number of iteration of 10000
<class 'features.simulation_features.SimCosineTunedEncWithNoise'>: added CosineTunedEncWithNoise 
TimeCountDown: assume  fps to be 60
finished instantiated experiment 0




 using encoder with additional noises  State space: ['hand_px', 'hand_py', 'hand_pz', 'hand_vx', 'hand_vy', 'hand_vz', 'offset'] 

<bound method GenericCosEncWithNoise._gen_fixed_gaussian_noise of <riglib.bmi.sim_neurons.GenericCosEncWithNoise object at 0x7faf7fbdd190>>
neural encoder init function  <SimpleTargetCaptureWithHold(Thread-27, initial)>
features.simulation_features: added tracking of K matrix
sinkmanager start <class 'hdfwriter.hdfwriter.HDFWriter'>
Traceback (most recent call last):
  File "/home/aolab/sijia/brain-python-interface/riglib/bmi/bmi.py", line 1342, in cleanup_hdf
    self.write_clda_data_to_hdf_table(
  File "/home/aolab/sijia/brain-python-interface/riglib/bmi/bmi.py", line 1367, in write_clda_data_to_hdf_table
    log_file = open(os.path.expandvars('$HOME/code/bmi3d/log/clda_hdf_log'), 'a')
FileNotFoundError: [Errno 2] No such file or directory: '/home/aolab/code/bmi3d/log/clda_hdf_log'
/home/aolab/miniconda3/envs/sijia-feature-analysis/lib/python3.8/site-packages/aopy/preproc/bmi3d.py:382: UserWarning: Warning: no sync clock connected! This will usually result in problems.
  warnings.warn("Warning: no sync clock connected! This will usually result in problems.")
/home/aolab/miniconda3/envs/sijia-feature-analysis/lib/python3.8/site-packages/aopy/preproc/bmi3d.py:449: UserWarning: No sync events present, using bmi3d events instead
  warnings.warn("No sync events present, using bmi3d events instead")
<bmimultitasks.SimpleEndpointAssister object at 0x7fae76b21760>
features.simulation_features: batch size is 100
Reset states for learner: 
[]
Done states for learner: 
[]

features.simulation_features.SimFeedbackLearner: flip the self.learn_flag to true
features.simulation_features.SimFeedbackLearner: succussfully created a feedback controller learner


SimSmoothBatch: created an updater with a batch time of 1 and a half_life of 1.0 

..........................finished initialize experiement  0
select_decoder_features: first time (128, 7) (128, 7)
active feature set is [ True False False False False False False False False False False False
 False False False False  True  True False False  True False False  True
 False False False  True False False  True False  True False  True False
 False False  True  True False False False False  True  True  True False
 False False False False  True  True  True False False False False False
  True  True False False False False False False False False False False
  True False  True False False False False False False False False  True
 False  True False  True False False  True False  True False False False
 False False False False False  True False  True  True False False False
 False False False False False False False False False False False False
  True  True False False False False  True False]
after trans: (32, 7)
after trans: (32, 32)
decoder change flag to false
assist_level at final value after 0 successful trials
Warning: Cannot sync more than 1 event per cycle
Overwriting [b'EXP_START'] with TARGET_ON event
decoder does not change here at 600
decoder does not change here at 1200
decoder does not change here at 1800
decoder does not change here at 2400
decoder does not change here at 3000
decoder does not change here at 3600
decoder does not change here at 4200
decoder does not change here at 4800
observations have counts >> 1000 
decoder does not change here at 5400
decoder does not change here at 6000
decoder does not change here at 6600
decoder does not change here at 7200
observations have counts >> 1000 
decoder does not change here at 7800
decoder does not change here at 8400
decoder does not change here at 9000
decoder does not change here at 9600
decoder does not change here at 10200
decoder does not change here at 10800
decoder does not change here at 11400
decoder does not change here at 12000
decoder does not change here at 12600
decoder does not change here at 13200
decoder does not change here at 13800
observations have counts >> 1000 
observations have counts >> 1000 
decoder does not change here at 14400
decoder does not change here at 15000
decoder does not change here at 15600
decoder does not change here at 16200
decoder does not change here at 16800
decoder does not change here at 17400
decoder does not change here at 18000

 using encoder with additional noises  State space: ['hand_px', 'hand_py', 'hand_pz', 'hand_vx', 'hand_vy', 'hand_vz', 'offset'] 

<bound method GenericCosEncWithNoise._gen_fixed_gaussian_noise of <riglib.bmi.sim_neurons.GenericCosEncWithNoise object at 0x7fae740dfee0>>
changed encoder at cycle 18000
decoder does not change here at 18600
decoder does not change here at 19200
decoder does not change here at 19800
decoder does not change here at 20400
decoder does not change here at 21000
decoder does not change here at 21600
observations have counts >> 1000 
decoder does not change here at 22200
decoder does not change here at 22800
decoder does not change here at 23400
decoder does not change here at 24000
decoder does not change here at 24600
decoder does not change here at 25200
decoder does not change here at 25800
decoder does not change here at 26400
decoder does not change here at 27000
decoder does not change here at 27600
decoder does not change here at 28200
observations have counts >> 1000 
observations have counts >> 1000 
decoder does not change here at 28800
decoder does not change here at 29400
observations have counts >> 1000 
decoder does not change here at 30000
decoder does not change here at 30600
observations have counts >> 1000 
decoder does not change here at 31200
decoder does not change here at 31800
decoder does not change here at 32400
observations have counts >> 1000 
decoder does not change here at 33000
decoder does not change here at 33600
decoder does not change here at 34200
decoder does not change here at 34800
decoder does not change here at 35400
decoder does not change here at 36000
decoder does not change here at 36600
decoder does not change here at 37200
decoder does not change here at 37800
decoder does not change here at 38400
decoder does not change here at 39000
decoder does not change here at 39600
decoder does not change here at 40200
observations have counts >> 1000 
decoder does not change here at 40800
decoder does not change here at 41400
decoder does not change here at 42000
decoder does not change here at 42600
decoder does not change here at 43200
decoder does not change here at 43800
decoder does not change here at 44400
decoder does not change here at 45000
decoder does not change here at 45600
observations have counts >> 1000 
observations have counts >> 1000 
observations have counts >> 1000 
decoder does not change here at 46200
decoder does not change here at 46800
decoder does not change here at 47400
decoder does not change here at 48000
decoder does not change here at 48600
decoder does not change here at 49200
decoder does not change here at 49800
decoder does not change here at 50400
decoder does not change here at 51000
decoder does not change here at 51600
decoder does not change here at 52200
decoder does not change here at 52800
decoder does not change here at 53400
decoder does not change here at 54000
decoder does not change here at 54600
decoder does not change here at 55200
decoder does not change here at 55800
decoder does not change here at 56400
decoder does not change here at 57000
decoder does not change here at 57600
decoder does not change here at 58200
decoder does not change here at 58800
observations have counts >> 1000 
decoder does not change here at 59400
decoder does not change here at 60000
decoder does not change here at 60600
decoder does not change here at 61200
decoder does not change here at 61800
observations have counts >> 1000 
decoder does not change here at 62400
decoder does not change here at 63000
decoder does not change here at 63600
decoder does not change here at 64200
decoder does not change here at 64800
decoder does not change here at 65400
decoder does not change here at 66000
decoder does not change here at 66600
decoder does not change here at 67200
decoder does not change here at 67800
decoder does not change here at 68400
decoder does not change here at 69000
decoder does not change here at 69600
decoder does not change here at 70200
decoder does not change here at 70800
decoder does not change here at 71400
decoder does not change here at 72000
finish  at cycle_count: 72000
..........................HDFWriter: Saving datafile to /tmp/tmpfq6tm7g5.h5
HDFWriter: opening file
HDFWriter registered 'sync_events'
HDFWriter registered 'sync_clock'
HDFWriter registered 'trials'
HDFWriter registered 'task'
Closed hdf
ended datasink
0
exit
end of FSM.run, task state is None
wait for 10s for hdf file to save
saving feature selection file name to /tmp/tmpfq6tm7g5.h5
Writing new group: /feature_selection
Added feat_set
Added C_mat
Added Q_diag
Added K_mat
Done!
saving lasso feature selection file name to /tmp/tmpfq6tm7g5.h5
Writing new group: /lasso_feature_selection
Added lasso_hist
Done!
Finished running  lasso_1.0_6_noise_32_128_100_3_clda_rho_0.5_batchlen_100_lasso_alpha_10_lasso_threshold_1_shuffle_rows
***********************************************************
***********************************************************

cp /tmp/tmpfq6tm7g5.h5 /home/aolab/sijia/data/figure3_lasso/lasso_1.0_6_noise_32_128_100_3_clda_rho_0.5_batchlen_100_lasso_alpha_10_lasso_threshold_1_shuffle_rows.h5
cp /tmp/tmpfq6tm7g5.h5.p /home/aolab/sijia/data/figure3_lasso/lasso_1.0_6_noise_32_128_100_3_clda_rho_0.5_batchlen_100_lasso_alpha_10_lasso_threshold_1_shuffle_rows.p
we have experimental conditions ['lasso_1.0_6_noise_32_128_100_3_clda_rho_0.5_batchlen_100_lasso_alpha_10_lasso_threshold_1_shuffle_rows_smooth_batch_with_full_feature']
simulation_setup_functions: get_enc_setup has a tuning_level of 1 

simulation_runs: set base class 
simulation_runs: selected SimKFDecoderRandom 

simulation_runs: set up encoder change with shuffle_rows
kwargs will be updated in a later time
the feature adaptation project is tracking dict_keys(['transform_x_flag', 'transform_y_flag', 'n_starting_feats', 'n_states', 'train_high_SNR_time', 'lasso_alpha', 'lasso_threshold', 'adaptive_lasso_flag', 'number_of_features', 'change_sim_c_at_cycle', 'new_sim_c']) 
we have got 1 exps

features.simulation_features.SimIntentionLQRController: LQRController used 


 features.simulation_features.SimFeedbackLearner: start to create a sim leaner with a batchsize of 100
features.simulation_features.SimSmoothBatch: rho in this simulation is  0.5

Use feature selector as a class feature with a a parent class
finished executing Experiment.__init__
in feature selector mod
use user supplied features
feature init: [array([ True, False, False, False, False, False, False, False, False,
       False, False, False, False, False, False, False,  True,  True,
       False, False,  True, False, False,  True, False, False, False,
        True, False, False,  True, False,  True, False,  True, False,
       False, False,  True,  True, False, False, False, False,  True,
        True,  True, False, False, False, False, False,  True,  True,
        True, False, False, False, False, False,  True,  True, False,
       False, False, False, False, False, False, False, False, False,
        True, False,  True, False, False, False, False, False, False,
       False, False,  True, False,  True, False,  True, False, False,
        True, False,  True, False, False, False, False, False, False,
       False, False,  True, False,  True,  True, False, False, False,
       False, False, False, False, False, False, False, False, False,
       False, False, False,  True,  True, False, False, False, False,
        True, False])]
feature selector: add initial decoder weights
feature_selection_feature: initialized lasso regression with an alpha of 10 and a max number of iteration of 10000
<class 'features.simulation_features.SimCosineTunedEncWithNoise'>: added CosineTunedEncWithNoise 
TimeCountDown: assume  fps to be 60
finished instantiated experiment 0




 using encoder with additional noises  State space: ['hand_px', 'hand_py', 'hand_pz', 'hand_vx', 'hand_vy', 'hand_vz', 'offset'] 

<bound method GenericCosEncWithNoise._gen_fixed_gaussian_noise of <riglib.bmi.sim_neurons.GenericCosEncWithNoise object at 0x7fae740df160>>
neural encoder init function  <SimpleTargetCaptureWithHold(Thread-28, initial)>
features.simulation_features: added tracking of K matrix
sinkmanager start <class 'hdfwriter.hdfwriter.HDFWriter'>
Traceback (most recent call last):
  File "/home/aolab/sijia/brain-python-interface/riglib/bmi/bmi.py", line 1342, in cleanup_hdf
    self.write_clda_data_to_hdf_table(
  File "/home/aolab/sijia/brain-python-interface/riglib/bmi/bmi.py", line 1367, in write_clda_data_to_hdf_table
    log_file = open(os.path.expandvars('$HOME/code/bmi3d/log/clda_hdf_log'), 'a')
FileNotFoundError: [Errno 2] No such file or directory: '/home/aolab/code/bmi3d/log/clda_hdf_log'
/home/aolab/miniconda3/envs/sijia-feature-analysis/lib/python3.8/site-packages/aopy/preproc/bmi3d.py:382: UserWarning: Warning: no sync clock connected! This will usually result in problems.
  warnings.warn("Warning: no sync clock connected! This will usually result in problems.")
/home/aolab/miniconda3/envs/sijia-feature-analysis/lib/python3.8/site-packages/aopy/preproc/bmi3d.py:449: UserWarning: No sync events present, using bmi3d events instead
  warnings.warn("No sync events present, using bmi3d events instead")
<bmimultitasks.SimpleEndpointAssister object at 0x7fae740f33d0>
features.simulation_features: batch size is 100
Reset states for learner: 
[]
Done states for learner: 
[]

features.simulation_features.SimFeedbackLearner: flip the self.learn_flag to true
features.simulation_features.SimFeedbackLearner: succussfully created a feedback controller learner


SimSmoothBatchFullFeature: created a FULL FEATURE updater with a batch time of 1 and a half_life of 1.0 

..........................finished initialize experiement  0
select_decoder_features: first time (128, 7) (128, 7)
active feature set is [ True False False False False False False False False False False False
 False False False False  True  True False False  True False False  True
 False False False  True False False  True False  True False  True False
 False False  True  True False False False False  True  True  True False
 False False False False  True  True  True False False False False False
  True  True False False False False False False False False False False
  True False  True False False False False False False False False  True
 False  True False  True False False  True False  True False False False
 False False False False False  True False  True  True False False False
 False False False False False False False False False False False False
  True  True False False False False  True False]
after trans: (32, 7)
after trans: (32, 32)
decoder change flag to false
assist_level at final value after 0 successful trials
Warning: Cannot sync more than 1 event per cycle
Overwriting [b'EXP_START'] with TARGET_ON event
KFSmoothBatchFullFeature: 128 neurons selected
KFSmoothBatchFullFeature: 128 neurons selected
KFSmoothBatchFullFeature: 128 neurons selected
KFSmoothBatchFullFeature: 128 neurons selected
KFSmoothBatchFullFeature: 128 neurons selected
KFSmoothBatchFullFeature: 128 neurons selected
KFSmoothBatchFullFeature: 128 neurons selected
KFSmoothBatchFullFeature: 128 neurons selected
KFSmoothBatchFullFeature: 128 neurons selected
KFSmoothBatchFullFeature: 128 neurons selected
KFSmoothBatchFullFeature: 128 neurons selected
KFSmoothBatchFullFeature: 128 neurons selected
KFSmoothBatchFullFeature: 128 neurons selected
KFSmoothBatchFullFeature: 128 neurons selected
KFSmoothBatchFullFeature: 128 neurons selected
KFSmoothBatchFullFeature: 128 neurons selected
KFSmoothBatchFullFeature: 128 neurons selected
KFSmoothBatchFullFeature: 128 neurons selected
KFSmoothBatchFullFeature: 128 neurons selected
KFSmoothBatchFullFeature: 128 neurons selected
KFSmoothBatchFullFeature: 128 neurons selected
KFSmoothBatchFullFeature: 128 neurons selected
KFSmoothBatchFullFeature: 128 neurons selected
KFSmoothBatchFullFeature: 128 neurons selected
KFSmoothBatchFullFeature: 128 neurons selected
KFSmoothBatchFullFeature: 128 neurons selected
KFSmoothBatchFullFeature: 128 neurons selected
KFSmoothBatchFullFeature: 128 neurons selected
KFSmoothBatchFullFeature: 128 neurons selected
KFSmoothBatchFullFeature: 128 neurons selected

 using encoder with additional noises  State space: ['hand_px', 'hand_py', 'hand_pz', 'hand_vx', 'hand_vy', 'hand_vz', 'offset'] 

<bound method GenericCosEncWithNoise._gen_fixed_gaussian_noise of <riglib.bmi.sim_neurons.GenericCosEncWithNoise object at 0x7fae740d74c0>>
changed encoder at cycle 18000
KFSmoothBatchFullFeature: 128 neurons selected
KFSmoothBatchFullFeature: 128 neurons selected
KFSmoothBatchFullFeature: 128 neurons selected
KFSmoothBatchFullFeature: 128 neurons selected
KFSmoothBatchFullFeature: 128 neurons selected
KFSmoothBatchFullFeature: 128 neurons selected
KFSmoothBatchFullFeature: 128 neurons selected
KFSmoothBatchFullFeature: 128 neurons selected
KFSmoothBatchFullFeature: 128 neurons selected
KFSmoothBatchFullFeature: 128 neurons selected
KFSmoothBatchFullFeature: 128 neurons selected
KFSmoothBatchFullFeature: 128 neurons selected
KFSmoothBatchFullFeature: 128 neurons selected
KFSmoothBatchFullFeature: 128 neurons selected
KFSmoothBatchFullFeature: 128 neurons selected
KFSmoothBatchFullFeature: 128 neurons selected
KFSmoothBatchFullFeature: 128 neurons selected
KFSmoothBatchFullFeature: 128 neurons selected
KFSmoothBatchFullFeature: 128 neurons selected
KFSmoothBatchFullFeature: 128 neurons selected
KFSmoothBatchFullFeature: 128 neurons selected
KFSmoothBatchFullFeature: 128 neurons selected
KFSmoothBatchFullFeature: 128 neurons selected
KFSmoothBatchFullFeature: 128 neurons selected
KFSmoothBatchFullFeature: 128 neurons selected
KFSmoothBatchFullFeature: 128 neurons selected
KFSmoothBatchFullFeature: 128 neurons selected
KFSmoothBatchFullFeature: 128 neurons selected
KFSmoothBatchFullFeature: 128 neurons selected
KFSmoothBatchFullFeature: 128 neurons selected
KFSmoothBatchFullFeature: 128 neurons selected
KFSmoothBatchFullFeature: 128 neurons selected
KFSmoothBatchFullFeature: 128 neurons selected
KFSmoothBatchFullFeature: 128 neurons selected
KFSmoothBatchFullFeature: 128 neurons selected
KFSmoothBatchFullFeature: 128 neurons selected
KFSmoothBatchFullFeature: 128 neurons selected
KFSmoothBatchFullFeature: 128 neurons selected
KFSmoothBatchFullFeature: 128 neurons selected
KFSmoothBatchFullFeature: 128 neurons selected
KFSmoothBatchFullFeature: 128 neurons selected
KFSmoothBatchFullFeature: 128 neurons selected
KFSmoothBatchFullFeature: 128 neurons selected
KFSmoothBatchFullFeature: 128 neurons selected
KFSmoothBatchFullFeature: 128 neurons selected
KFSmoothBatchFullFeature: 128 neurons selected
KFSmoothBatchFullFeature: 128 neurons selected
KFSmoothBatchFullFeature: 128 neurons selected
KFSmoothBatchFullFeature: 128 neurons selected
KFSmoothBatchFullFeature: 128 neurons selected
KFSmoothBatchFullFeature: 128 neurons selected
KFSmoothBatchFullFeature: 128 neurons selected
KFSmoothBatchFullFeature: 128 neurons selected
KFSmoothBatchFullFeature: 128 neurons selected
KFSmoothBatchFullFeature: 128 neurons selected
KFSmoothBatchFullFeature: 128 neurons selected
KFSmoothBatchFullFeature: 128 neurons selected
KFSmoothBatchFullFeature: 128 neurons selected
KFSmoothBatchFullFeature: 128 neurons selected
KFSmoothBatchFullFeature: 128 neurons selected
KFSmoothBatchFullFeature: 128 neurons selected
KFSmoothBatchFullFeature: 128 neurons selected
KFSmoothBatchFullFeature: 128 neurons selected
KFSmoothBatchFullFeature: 128 neurons selected
KFSmoothBatchFullFeature: 128 neurons selected
KFSmoothBatchFullFeature: 128 neurons selected
KFSmoothBatchFullFeature: 128 neurons selected
KFSmoothBatchFullFeature: 128 neurons selected
KFSmoothBatchFullFeature: 128 neurons selected
KFSmoothBatchFullFeature: 128 neurons selected
KFSmoothBatchFullFeature: 128 neurons selected
KFSmoothBatchFullFeature: 128 neurons selected
KFSmoothBatchFullFeature: 128 neurons selected
KFSmoothBatchFullFeature: 128 neurons selected
KFSmoothBatchFullFeature: 128 neurons selected
KFSmoothBatchFullFeature: 128 neurons selected
KFSmoothBatchFullFeature: 128 neurons selected
KFSmoothBatchFullFeature: 128 neurons selected
KFSmoothBatchFullFeature: 128 neurons selected
KFSmoothBatchFullFeature: 128 neurons selected
KFSmoothBatchFullFeature: 128 neurons selected
KFSmoothBatchFullFeature: 128 neurons selected
KFSmoothBatchFullFeature: 128 neurons selected
KFSmoothBatchFullFeature: 128 neurons selected
KFSmoothBatchFullFeature: 128 neurons selected
KFSmoothBatchFullFeature: 128 neurons selected
KFSmoothBatchFullFeature: 128 neurons selected
KFSmoothBatchFullFeature: 128 neurons selected
KFSmoothBatchFullFeature: 128 neurons selected
KFSmoothBatchFullFeature: 128 neurons selected
finish  at cycle_count: 72000
..........................HDFWriter: Saving datafile to /tmp/tmpzo9olt4o.h5
HDFWriter: opening file
HDFWriter registered 'sync_events'
HDFWriter registered 'sync_clock'
HDFWriter registered 'trials'
HDFWriter registered 'task'
Closed hdf
ended datasink
0
exit
end of FSM.run, task state is None
wait for 10s for hdf file to save
saving feature selection file name to /tmp/tmpzo9olt4o.h5
Writing new group: /feature_selection
Added feat_set
Added C_mat
Added Q_diag
Added K_mat
Done!
saving lasso feature selection file name to /tmp/tmpzo9olt4o.h5
Writing new group: /lasso_feature_selection
Added lasso_hist
Done!
Finished running  lasso_1.0_6_noise_32_128_100_3_clda_rho_0.5_batchlen_100_lasso_alpha_10_lasso_threshold_1_shuffle_rows_smooth_batch_with_full_feature
***********************************************************
***********************************************************

cp /tmp/tmpzo9olt4o.h5 /home/aolab/sijia/data/figure3_lasso/lasso_1.0_6_noise_32_128_100_3_clda_rho_0.5_batchlen_100_lasso_alpha_10_lasso_threshold_1_shuffle_rows_smooth_batch_with_full_feature.h5
cp /tmp/tmpzo9olt4o.h5.p /home/aolab/sijia/data/figure3_lasso/lasso_1.0_6_noise_32_128_100_3_clda_rho_0.5_batchlen_100_lasso_alpha_10_lasso_threshold_1_shuffle_rows_smooth_batch_with_full_feature.p
we have experimental conditions ['lasso_1.0_7_noise_32_128_100_3_clda_rho_0.5_batchlen_100_lasso_alpha_10_lasso_threshold_1_same']
simulation_setup_functions: get_enc_setup has a tuning_level of 1 

simulation_runs: set base class 
simulation_runs: selected SimKFDecoderRandom 

simulation_runs: set up encoder change with same
kwargs will be updated in a later time
the feature adaptation project is tracking dict_keys(['transform_x_flag', 'transform_y_flag', 'n_starting_feats', 'n_states', 'train_high_SNR_time', 'lasso_alpha', 'lasso_threshold', 'adaptive_lasso_flag', 'number_of_features', 'change_sim_c_at_cycle', 'new_sim_c']) 
we have got 1 exps

features.simulation_features.SimIntentionLQRController: LQRController used 


 features.simulation_features.SimFeedbackLearner: start to create a sim leaner with a batchsize of 100
features.simulation_features.SimSmoothBatch: rho in this simulation is  0.5

Use feature selector as a class feature with a a parent class
finished executing Experiment.__init__
in feature selector mod
use user supplied features
feature init: [array([False, False, False, False, False,  True, False, False, False,
       False, False, False, False,  True, False, False, False, False,
       False, False, False, False,  True, False, False, False,  True,
       False,  True, False, False, False,  True, False, False, False,
        True, False, False, False, False,  True, False, False, False,
        True,  True, False, False,  True, False, False,  True, False,
        True, False, False, False, False, False, False, False, False,
       False, False, False,  True, False, False, False, False, False,
       False, False,  True, False, False, False, False,  True, False,
        True, False, False,  True,  True,  True, False,  True, False,
       False,  True, False,  True, False,  True, False, False, False,
       False,  True, False, False, False, False, False, False, False,
       False,  True, False, False,  True,  True, False, False, False,
       False, False, False,  True, False, False, False,  True,  True,
       False,  True])]
feature selector: add initial decoder weights
feature_selection_feature: initialized lasso regression with an alpha of 10 and a max number of iteration of 10000
<class 'features.simulation_features.SimCosineTunedEncWithNoise'>: added CosineTunedEncWithNoise 
TimeCountDown: assume  fps to be 60
finished instantiated experiment 0




 using encoder with additional noises  State space: ['hand_px', 'hand_py', 'hand_pz', 'hand_vx', 'hand_vy', 'hand_vz', 'offset'] 

<bound method GenericCosEncWithNoise._gen_fixed_gaussian_noise of <riglib.bmi.sim_neurons.GenericCosEncWithNoise object at 0x7fae740d0df0>>
neural encoder init function  <SimpleTargetCaptureWithHold(Thread-29, initial)>
features.simulation_features: added tracking of K matrix
sinkmanager start <class 'hdfwriter.hdfwriter.HDFWriter'>
Traceback (most recent call last):
  File "/home/aolab/sijia/brain-python-interface/riglib/bmi/bmi.py", line 1342, in cleanup_hdf
    self.write_clda_data_to_hdf_table(
  File "/home/aolab/sijia/brain-python-interface/riglib/bmi/bmi.py", line 1367, in write_clda_data_to_hdf_table
    log_file = open(os.path.expandvars('$HOME/code/bmi3d/log/clda_hdf_log'), 'a')
FileNotFoundError: [Errno 2] No such file or directory: '/home/aolab/code/bmi3d/log/clda_hdf_log'
/home/aolab/miniconda3/envs/sijia-feature-analysis/lib/python3.8/site-packages/aopy/preproc/bmi3d.py:382: UserWarning: Warning: no sync clock connected! This will usually result in problems.
  warnings.warn("Warning: no sync clock connected! This will usually result in problems.")
/home/aolab/miniconda3/envs/sijia-feature-analysis/lib/python3.8/site-packages/aopy/preproc/bmi3d.py:449: UserWarning: No sync events present, using bmi3d events instead
  warnings.warn("No sync events present, using bmi3d events instead")
<bmimultitasks.SimpleEndpointAssister object at 0x7fae75a703a0>
features.simulation_features: batch size is 100
Reset states for learner: 
[]
Done states for learner: 
[]

features.simulation_features.SimFeedbackLearner: flip the self.learn_flag to true
features.simulation_features.SimFeedbackLearner: succussfully created a feedback controller learner


SimSmoothBatch: created an updater with a batch time of 1 and a half_life of 1.0 

..........................finished initialize experiement  0
select_decoder_features: first time (128, 7) (128, 7)
active feature set is [False False False False False  True False False False False False False
 False  True False False False False False False False False  True False
 False False  True False  True False False False  True False False False
  True False False False False  True False False False  True  True False
 False  True False False  True False  True False False False False False
 False False False False False False  True False False False False False
 False False  True False False False False  True False  True False False
  True  True  True False  True False False  True False  True False  True
 False False False False  True False False False False False False False
 False  True False False  True  True False False False False False False
  True False False False  True  True False  True]
after trans: (32, 7)
after trans: (32, 32)
decoder change flag to false
assist_level at final value after 0 successful trials
Warning: Cannot sync more than 1 event per cycle
Overwriting [b'EXP_START'] with TARGET_ON event
decoder does not change here at 600
decoder does not change here at 1200
decoder does not change here at 1800
decoder does not change here at 2400
decoder does not change here at 3000
decoder does not change here at 3600
decoder does not change here at 4200
decoder does not change here at 4800
decoder does not change here at 5400
decoder does not change here at 6000
decoder does not change here at 6600
decoder does not change here at 7200
decoder does not change here at 7800
observations have counts >> 1000 
observations have counts >> 1000 
decoder does not change here at 8400
decoder does not change here at 9000
decoder does not change here at 9600
decoder does not change here at 10200
decoder does not change here at 10800
decoder does not change here at 11400
decoder does not change here at 12000
decoder does not change here at 12600
decoder does not change here at 13200
decoder does not change here at 13800
decoder does not change here at 14400
decoder does not change here at 15000
decoder does not change here at 15600
decoder does not change here at 16200
decoder does not change here at 16800
decoder does not change here at 17400
decoder does not change here at 18000

 using encoder with additional noises  State space: ['hand_px', 'hand_py', 'hand_pz', 'hand_vx', 'hand_vy', 'hand_vz', 'offset'] 

<bound method GenericCosEncWithNoise._gen_fixed_gaussian_noise of <riglib.bmi.sim_neurons.GenericCosEncWithNoise object at 0x7fae736a9130>>
changed encoder at cycle 18000
decoder does not change here at 18600
decoder does not change here at 19200
observations have counts >> 1000 
decoder does not change here at 19800
decoder does not change here at 20400
observations have counts >> 1000 
decoder does not change here at 21000
decoder does not change here at 21600
decoder does not change here at 22200
decoder does not change here at 22800
decoder does not change here at 23400
decoder does not change here at 24000
observations have counts >> 1000 
observations have counts >> 1000 
observations have counts >> 1000 
decoder does not change here at 24600
decoder does not change here at 25200
decoder does not change here at 25800
decoder does not change here at 26400
decoder does not change here at 27000
decoder does not change here at 27600
decoder does not change here at 28200
decoder does not change here at 28800
observations have counts >> 1000 
observations have counts >> 1000 
decoder does not change here at 29400
decoder does not change here at 30000
decoder does not change here at 30600
decoder does not change here at 31200
decoder does not change here at 31800
decoder does not change here at 32400
decoder does not change here at 33000
decoder does not change here at 33600
decoder does not change here at 34200
decoder does not change here at 34800
observations have counts >> 1000 
observations have counts >> 1000 
decoder does not change here at 35400
decoder does not change here at 36000
decoder does not change here at 36600
decoder does not change here at 37200
decoder does not change here at 37800
decoder does not change here at 38400
observations have counts >> 1000 
observations have counts >> 1000 
observations have counts >> 1000 
observations have counts >> 1000 
decoder does not change here at 39000
decoder does not change here at 39600
decoder does not change here at 40200
observations have counts >> 1000 
decoder does not change here at 40800
observations have counts >> 1000 
decoder does not change here at 41400
decoder does not change here at 42000
decoder does not change here at 42600
decoder does not change here at 43200
decoder does not change here at 43800
decoder does not change here at 44400
observations have counts >> 1000 
decoder does not change here at 45000
decoder does not change here at 45600
decoder does not change here at 46200
decoder does not change here at 46800
decoder does not change here at 47400
decoder does not change here at 48000
decoder does not change here at 48600
decoder does not change here at 49200
decoder does not change here at 49800
decoder does not change here at 50400
decoder does not change here at 51000
decoder does not change here at 51600
decoder does not change here at 52200
decoder does not change here at 52800
decoder does not change here at 53400
observations have counts >> 1000 
decoder does not change here at 54000
decoder does not change here at 54600
decoder does not change here at 55200
decoder does not change here at 55800
decoder does not change here at 56400
decoder does not change here at 57000
decoder does not change here at 57600
decoder does not change here at 58200
decoder does not change here at 58800
decoder does not change here at 59400
decoder does not change here at 60000
decoder does not change here at 60600
decoder does not change here at 61200
decoder does not change here at 61800
decoder does not change here at 62400
decoder does not change here at 63000
decoder does not change here at 63600
decoder does not change here at 64200
decoder does not change here at 64800
decoder does not change here at 65400
decoder does not change here at 66000
decoder does not change here at 66600
decoder does not change here at 67200
decoder does not change here at 67800
observations have counts >> 1000 
observations have counts >> 1000 
decoder does not change here at 68400
decoder does not change here at 69000
decoder does not change here at 69600
decoder does not change here at 70200
decoder does not change here at 70800
decoder does not change here at 71400
decoder does not change here at 72000
finish  at cycle_count: 72000
/home/aolab/miniconda3/envs/sijia-feature-analysis/lib/python3.8/site-packages/sklearn/linear_model/_coordinate_descent.py:529: ConvergenceWarning: Objective did not converge. You might want to increase the number of iterations. Duality gap: 38.067164686839874, tolerance: 3.0543969478698503
  model = cd_fast.enet_coordinate_descent(
..........................HDFWriter: Saving datafile to /tmp/tmp4vasgkjd.h5
HDFWriter: opening file
HDFWriter registered 'sync_events'
HDFWriter registered 'sync_clock'
HDFWriter registered 'trials'
HDFWriter registered 'task'
Closed hdf
ended datasink
0
exit
end of FSM.run, task state is None
wait for 10s for hdf file to save
saving feature selection file name to /tmp/tmp4vasgkjd.h5
Writing new group: /feature_selection
Added feat_set
Added C_mat
Added Q_diag
Added K_mat
Done!
saving lasso feature selection file name to /tmp/tmp4vasgkjd.h5
Writing new group: /lasso_feature_selection
Added lasso_hist
Done!
Finished running  lasso_1.0_7_noise_32_128_100_3_clda_rho_0.5_batchlen_100_lasso_alpha_10_lasso_threshold_1_same
***********************************************************
***********************************************************

cp /tmp/tmp4vasgkjd.h5 /home/aolab/sijia/data/figure3_lasso/lasso_1.0_7_noise_32_128_100_3_clda_rho_0.5_batchlen_100_lasso_alpha_10_lasso_threshold_1_same.h5
cp /tmp/tmp4vasgkjd.h5.p /home/aolab/sijia/data/figure3_lasso/lasso_1.0_7_noise_32_128_100_3_clda_rho_0.5_batchlen_100_lasso_alpha_10_lasso_threshold_1_same.p
we have experimental conditions ['lasso_1.0_7_noise_32_128_100_3_clda_rho_0.5_batchlen_100_lasso_alpha_10_lasso_threshold_1_same_smooth_batch_with_full_feature']
simulation_setup_functions: get_enc_setup has a tuning_level of 1 

simulation_runs: set base class 
simulation_runs: selected SimKFDecoderRandom 

simulation_runs: set up encoder change with same
kwargs will be updated in a later time
the feature adaptation project is tracking dict_keys(['transform_x_flag', 'transform_y_flag', 'n_starting_feats', 'n_states', 'train_high_SNR_time', 'lasso_alpha', 'lasso_threshold', 'adaptive_lasso_flag', 'number_of_features', 'change_sim_c_at_cycle', 'new_sim_c']) 
we have got 1 exps

features.simulation_features.SimIntentionLQRController: LQRController used 


 features.simulation_features.SimFeedbackLearner: start to create a sim leaner with a batchsize of 100
features.simulation_features.SimSmoothBatch: rho in this simulation is  0.5

Use feature selector as a class feature with a a parent class
finished executing Experiment.__init__
in feature selector mod
use user supplied features
feature init: [array([False, False, False, False, False,  True, False, False, False,
       False, False, False, False,  True, False, False, False, False,
       False, False, False, False,  True, False, False, False,  True,
       False,  True, False, False, False,  True, False, False, False,
        True, False, False, False, False,  True, False, False, False,
        True,  True, False, False,  True, False, False,  True, False,
        True, False, False, False, False, False, False, False, False,
       False, False, False,  True, False, False, False, False, False,
       False, False,  True, False, False, False, False,  True, False,
        True, False, False,  True,  True,  True, False,  True, False,
       False,  True, False,  True, False,  True, False, False, False,
       False,  True, False, False, False, False, False, False, False,
       False,  True, False, False,  True,  True, False, False, False,
       False, False, False,  True, False, False, False,  True,  True,
       False,  True])]
feature selector: add initial decoder weights
feature_selection_feature: initialized lasso regression with an alpha of 10 and a max number of iteration of 10000
<class 'features.simulation_features.SimCosineTunedEncWithNoise'>: added CosineTunedEncWithNoise 
TimeCountDown: assume  fps to be 60
finished instantiated experiment 0




 using encoder with additional noises  State space: ['hand_px', 'hand_py', 'hand_pz', 'hand_vx', 'hand_vy', 'hand_vz', 'offset'] 

<bound method GenericCosEncWithNoise._gen_fixed_gaussian_noise of <riglib.bmi.sim_neurons.GenericCosEncWithNoise object at 0x7fae76b218b0>>
neural encoder init function  <SimpleTargetCaptureWithHold(Thread-30, initial)>
features.simulation_features: added tracking of K matrix
sinkmanager start <class 'hdfwriter.hdfwriter.HDFWriter'>
Traceback (most recent call last):
  File "/home/aolab/sijia/brain-python-interface/riglib/bmi/bmi.py", line 1342, in cleanup_hdf
    self.write_clda_data_to_hdf_table(
  File "/home/aolab/sijia/brain-python-interface/riglib/bmi/bmi.py", line 1367, in write_clda_data_to_hdf_table
    log_file = open(os.path.expandvars('$HOME/code/bmi3d/log/clda_hdf_log'), 'a')
FileNotFoundError: [Errno 2] No such file or directory: '/home/aolab/code/bmi3d/log/clda_hdf_log'
/home/aolab/miniconda3/envs/sijia-feature-analysis/lib/python3.8/site-packages/aopy/preproc/bmi3d.py:382: UserWarning: Warning: no sync clock connected! This will usually result in problems.
  warnings.warn("Warning: no sync clock connected! This will usually result in problems.")
/home/aolab/miniconda3/envs/sijia-feature-analysis/lib/python3.8/site-packages/aopy/preproc/bmi3d.py:449: UserWarning: No sync events present, using bmi3d events instead
  warnings.warn("No sync events present, using bmi3d events instead")
<bmimultitasks.SimpleEndpointAssister object at 0x7fae73781dc0>
features.simulation_features: batch size is 100
Reset states for learner: 
[]
Done states for learner: 
[]

features.simulation_features.SimFeedbackLearner: flip the self.learn_flag to true
features.simulation_features.SimFeedbackLearner: succussfully created a feedback controller learner


SimSmoothBatchFullFeature: created a FULL FEATURE updater with a batch time of 1 and a half_life of 1.0 

..........................finished initialize experiement  0
select_decoder_features: first time (128, 7) (128, 7)
active feature set is [False False False False False  True False False False False False False
 False  True False False False False False False False False  True False
 False False  True False  True False False False  True False False False
  True False False False False  True False False False  True  True False
 False  True False False  True False  True False False False False False
 False False False False False False  True False False False False False
 False False  True False False False False  True False  True False False
  True  True  True False  True False False  True False  True False  True
 False False False False  True False False False False False False False
 False  True False False  True  True False False False False False False
  True False False False  True  True False  True]
after trans: (32, 7)
after trans: (32, 32)
decoder change flag to false
assist_level at final value after 0 successful trials
Warning: Cannot sync more than 1 event per cycle
Overwriting [b'EXP_START'] with TARGET_ON event
KFSmoothBatchFullFeature: 128 neurons selected
KFSmoothBatchFullFeature: 128 neurons selected
KFSmoothBatchFullFeature: 128 neurons selected
KFSmoothBatchFullFeature: 128 neurons selected
KFSmoothBatchFullFeature: 128 neurons selected
KFSmoothBatchFullFeature: 128 neurons selected
KFSmoothBatchFullFeature: 128 neurons selected
KFSmoothBatchFullFeature: 128 neurons selected
KFSmoothBatchFullFeature: 128 neurons selected
KFSmoothBatchFullFeature: 128 neurons selected
KFSmoothBatchFullFeature: 128 neurons selected
KFSmoothBatchFullFeature: 128 neurons selected
KFSmoothBatchFullFeature: 128 neurons selected
KFSmoothBatchFullFeature: 128 neurons selected
KFSmoothBatchFullFeature: 128 neurons selected
KFSmoothBatchFullFeature: 128 neurons selected
KFSmoothBatchFullFeature: 128 neurons selected
KFSmoothBatchFullFeature: 128 neurons selected
KFSmoothBatchFullFeature: 128 neurons selected
KFSmoothBatchFullFeature: 128 neurons selected
KFSmoothBatchFullFeature: 128 neurons selected
KFSmoothBatchFullFeature: 128 neurons selected
KFSmoothBatchFullFeature: 128 neurons selected
KFSmoothBatchFullFeature: 128 neurons selected
KFSmoothBatchFullFeature: 128 neurons selected
KFSmoothBatchFullFeature: 128 neurons selected
KFSmoothBatchFullFeature: 128 neurons selected
KFSmoothBatchFullFeature: 128 neurons selected
KFSmoothBatchFullFeature: 128 neurons selected
KFSmoothBatchFullFeature: 128 neurons selected

 using encoder with additional noises  State space: ['hand_px', 'hand_py', 'hand_pz', 'hand_vx', 'hand_vy', 'hand_vz', 'offset'] 

<bound method GenericCosEncWithNoise._gen_fixed_gaussian_noise of <riglib.bmi.sim_neurons.GenericCosEncWithNoise object at 0x7fae740e3d90>>
changed encoder at cycle 18000
KFSmoothBatchFullFeature: 128 neurons selected
KFSmoothBatchFullFeature: 128 neurons selected
KFSmoothBatchFullFeature: 128 neurons selected
KFSmoothBatchFullFeature: 128 neurons selected
KFSmoothBatchFullFeature: 128 neurons selected
KFSmoothBatchFullFeature: 128 neurons selected
KFSmoothBatchFullFeature: 128 neurons selected
KFSmoothBatchFullFeature: 128 neurons selected
KFSmoothBatchFullFeature: 128 neurons selected
KFSmoothBatchFullFeature: 128 neurons selected
KFSmoothBatchFullFeature: 128 neurons selected
KFSmoothBatchFullFeature: 128 neurons selected
KFSmoothBatchFullFeature: 128 neurons selected
KFSmoothBatchFullFeature: 128 neurons selected
KFSmoothBatchFullFeature: 128 neurons selected
KFSmoothBatchFullFeature: 128 neurons selected
KFSmoothBatchFullFeature: 128 neurons selected
KFSmoothBatchFullFeature: 128 neurons selected
KFSmoothBatchFullFeature: 128 neurons selected
KFSmoothBatchFullFeature: 128 neurons selected
KFSmoothBatchFullFeature: 128 neurons selected
KFSmoothBatchFullFeature: 128 neurons selected
KFSmoothBatchFullFeature: 128 neurons selected
KFSmoothBatchFullFeature: 128 neurons selected
KFSmoothBatchFullFeature: 128 neurons selected
KFSmoothBatchFullFeature: 128 neurons selected
KFSmoothBatchFullFeature: 128 neurons selected
KFSmoothBatchFullFeature: 128 neurons selected
KFSmoothBatchFullFeature: 128 neurons selected
KFSmoothBatchFullFeature: 128 neurons selected
KFSmoothBatchFullFeature: 128 neurons selected
KFSmoothBatchFullFeature: 128 neurons selected
KFSmoothBatchFullFeature: 128 neurons selected
KFSmoothBatchFullFeature: 128 neurons selected
KFSmoothBatchFullFeature: 128 neurons selected
KFSmoothBatchFullFeature: 128 neurons selected
KFSmoothBatchFullFeature: 128 neurons selected
KFSmoothBatchFullFeature: 128 neurons selected
KFSmoothBatchFullFeature: 128 neurons selected
KFSmoothBatchFullFeature: 128 neurons selected
KFSmoothBatchFullFeature: 128 neurons selected
KFSmoothBatchFullFeature: 128 neurons selected
KFSmoothBatchFullFeature: 128 neurons selected
KFSmoothBatchFullFeature: 128 neurons selected
KFSmoothBatchFullFeature: 128 neurons selected
KFSmoothBatchFullFeature: 128 neurons selected
KFSmoothBatchFullFeature: 128 neurons selected
KFSmoothBatchFullFeature: 128 neurons selected
KFSmoothBatchFullFeature: 128 neurons selected
KFSmoothBatchFullFeature: 128 neurons selected
KFSmoothBatchFullFeature: 128 neurons selected
KFSmoothBatchFullFeature: 128 neurons selected
KFSmoothBatchFullFeature: 128 neurons selected
KFSmoothBatchFullFeature: 128 neurons selected
KFSmoothBatchFullFeature: 128 neurons selected
KFSmoothBatchFullFeature: 128 neurons selected
KFSmoothBatchFullFeature: 128 neurons selected
KFSmoothBatchFullFeature: 128 neurons selected
KFSmoothBatchFullFeature: 128 neurons selected
KFSmoothBatchFullFeature: 128 neurons selected
KFSmoothBatchFullFeature: 128 neurons selected
KFSmoothBatchFullFeature: 128 neurons selected
KFSmoothBatchFullFeature: 128 neurons selected
KFSmoothBatchFullFeature: 128 neurons selected
KFSmoothBatchFullFeature: 128 neurons selected
KFSmoothBatchFullFeature: 128 neurons selected
KFSmoothBatchFullFeature: 128 neurons selected
KFSmoothBatchFullFeature: 128 neurons selected
KFSmoothBatchFullFeature: 128 neurons selected
KFSmoothBatchFullFeature: 128 neurons selected
KFSmoothBatchFullFeature: 128 neurons selected
KFSmoothBatchFullFeature: 128 neurons selected
KFSmoothBatchFullFeature: 128 neurons selected
KFSmoothBatchFullFeature: 128 neurons selected
KFSmoothBatchFullFeature: 128 neurons selected
KFSmoothBatchFullFeature: 128 neurons selected
KFSmoothBatchFullFeature: 128 neurons selected
KFSmoothBatchFullFeature: 128 neurons selected
KFSmoothBatchFullFeature: 128 neurons selected
KFSmoothBatchFullFeature: 128 neurons selected
KFSmoothBatchFullFeature: 128 neurons selected
KFSmoothBatchFullFeature: 128 neurons selected
KFSmoothBatchFullFeature: 128 neurons selected
KFSmoothBatchFullFeature: 128 neurons selected
KFSmoothBatchFullFeature: 128 neurons selected
KFSmoothBatchFullFeature: 128 neurons selected
KFSmoothBatchFullFeature: 128 neurons selected
KFSmoothBatchFullFeature: 128 neurons selected
KFSmoothBatchFullFeature: 128 neurons selected
KFSmoothBatchFullFeature: 128 neurons selected
finish  at cycle_count: 72000
..........................HDFWriter: Saving datafile to /tmp/tmpw_df5c5y.h5
HDFWriter: opening file
HDFWriter registered 'sync_events'
HDFWriter registered 'sync_clock'
HDFWriter registered 'trials'
HDFWriter registered 'task'
Closed hdf
ended datasink
0
exit
end of FSM.run, task state is None
wait for 10s for hdf file to save
saving feature selection file name to /tmp/tmpw_df5c5y.h5
Writing new group: /feature_selection
Added feat_set
Added C_mat
Added Q_diag
Added K_mat
Done!
saving lasso feature selection file name to /tmp/tmpw_df5c5y.h5
Writing new group: /lasso_feature_selection
Added lasso_hist
Done!
Finished running  lasso_1.0_7_noise_32_128_100_3_clda_rho_0.5_batchlen_100_lasso_alpha_10_lasso_threshold_1_same_smooth_batch_with_full_feature
***********************************************************
***********************************************************

cp /tmp/tmpw_df5c5y.h5 /home/aolab/sijia/data/figure3_lasso/lasso_1.0_7_noise_32_128_100_3_clda_rho_0.5_batchlen_100_lasso_alpha_10_lasso_threshold_1_same_smooth_batch_with_full_feature.h5
cp /tmp/tmpw_df5c5y.h5.p /home/aolab/sijia/data/figure3_lasso/lasso_1.0_7_noise_32_128_100_3_clda_rho_0.5_batchlen_100_lasso_alpha_10_lasso_threshold_1_same_smooth_batch_with_full_feature.p
we have experimental conditions ['lasso_1.0_7_noise_32_128_100_3_clda_rho_0.5_batchlen_100_lasso_alpha_10_lasso_threshold_1_shuffle_rows']
simulation_setup_functions: get_enc_setup has a tuning_level of 1 

simulation_runs: set base class 
simulation_runs: selected SimKFDecoderRandom 

simulation_runs: set up encoder change with shuffle_rows
kwargs will be updated in a later time
the feature adaptation project is tracking dict_keys(['transform_x_flag', 'transform_y_flag', 'n_starting_feats', 'n_states', 'train_high_SNR_time', 'lasso_alpha', 'lasso_threshold', 'adaptive_lasso_flag', 'number_of_features', 'change_sim_c_at_cycle', 'new_sim_c']) 
we have got 1 exps

features.simulation_features.SimIntentionLQRController: LQRController used 


 features.simulation_features.SimFeedbackLearner: start to create a sim leaner with a batchsize of 100
features.simulation_features.SimSmoothBatch: rho in this simulation is  0.5

Use feature selector as a class feature with a a parent class
finished executing Experiment.__init__
in feature selector mod
use user supplied features
feature init: [array([False, False, False, False, False,  True, False, False, False,
       False, False, False, False,  True, False, False, False, False,
       False, False, False, False,  True, False, False, False,  True,
       False,  True, False, False, False,  True, False, False, False,
        True, False, False, False, False,  True, False, False, False,
        True,  True, False, False,  True, False, False,  True, False,
        True, False, False, False, False, False, False, False, False,
       False, False, False,  True, False, False, False, False, False,
       False, False,  True, False, False, False, False,  True, False,
        True, False, False,  True,  True,  True, False,  True, False,
       False,  True, False,  True, False,  True, False, False, False,
       False,  True, False, False, False, False, False, False, False,
       False,  True, False, False,  True,  True, False, False, False,
       False, False, False,  True, False, False, False,  True,  True,
       False,  True])]
feature selector: add initial decoder weights
feature_selection_feature: initialized lasso regression with an alpha of 10 and a max number of iteration of 10000
<class 'features.simulation_features.SimCosineTunedEncWithNoise'>: added CosineTunedEncWithNoise 
TimeCountDown: assume  fps to be 60
finished instantiated experiment 0




 using encoder with additional noises  State space: ['hand_px', 'hand_py', 'hand_pz', 'hand_vx', 'hand_vy', 'hand_vz', 'offset'] 

<bound method GenericCosEncWithNoise._gen_fixed_gaussian_noise of <riglib.bmi.sim_neurons.GenericCosEncWithNoise object at 0x7fae740fb460>>
neural encoder init function  <SimpleTargetCaptureWithHold(Thread-31, initial)>
features.simulation_features: added tracking of K matrix
sinkmanager start <class 'hdfwriter.hdfwriter.HDFWriter'>
Traceback (most recent call last):
  File "/home/aolab/sijia/brain-python-interface/riglib/bmi/bmi.py", line 1342, in cleanup_hdf
    self.write_clda_data_to_hdf_table(
  File "/home/aolab/sijia/brain-python-interface/riglib/bmi/bmi.py", line 1367, in write_clda_data_to_hdf_table
    log_file = open(os.path.expandvars('$HOME/code/bmi3d/log/clda_hdf_log'), 'a')
FileNotFoundError: [Errno 2] No such file or directory: '/home/aolab/code/bmi3d/log/clda_hdf_log'
/home/aolab/miniconda3/envs/sijia-feature-analysis/lib/python3.8/site-packages/aopy/preproc/bmi3d.py:382: UserWarning: Warning: no sync clock connected! This will usually result in problems.
  warnings.warn("Warning: no sync clock connected! This will usually result in problems.")
/home/aolab/miniconda3/envs/sijia-feature-analysis/lib/python3.8/site-packages/aopy/preproc/bmi3d.py:449: UserWarning: No sync events present, using bmi3d events instead
  warnings.warn("No sync events present, using bmi3d events instead")
<bmimultitasks.SimpleEndpointAssister object at 0x7fae7bbd3790>
features.simulation_features: batch size is 100
Reset states for learner: 
[]
Done states for learner: 
[]

features.simulation_features.SimFeedbackLearner: flip the self.learn_flag to true
features.simulation_features.SimFeedbackLearner: succussfully created a feedback controller learner


SimSmoothBatch: created an updater with a batch time of 1 and a half_life of 1.0 

..........................finished initialize experiement  0
select_decoder_features: first time (128, 7) (128, 7)
active feature set is [False False False False False  True False False False False False False
 False  True False False False False False False False False  True False
 False False  True False  True False False False  True False False False
  True False False False False  True False False False  True  True False
 False  True False False  True False  True False False False False False
 False False False False False False  True False False False False False
 False False  True False False False False  True False  True False False
  True  True  True False  True False False  True False  True False  True
 False False False False  True False False False False False False False
 False  True False False  True  True False False False False False False
  True False False False  True  True False  True]
after trans: (32, 7)
after trans: (32, 32)
decoder change flag to false
assist_level at final value after 0 successful trials
Warning: Cannot sync more than 1 event per cycle
Overwriting [b'EXP_START'] with TARGET_ON event
decoder does not change here at 600
decoder does not change here at 1200
decoder does not change here at 1800
decoder does not change here at 2400
decoder does not change here at 3000
decoder does not change here at 3600
decoder does not change here at 4200
decoder does not change here at 4800
decoder does not change here at 5400
decoder does not change here at 6000
decoder does not change here at 6600
observations have counts >> 1000 
decoder does not change here at 7200
decoder does not change here at 7800
decoder does not change here at 8400
decoder does not change here at 9000
decoder does not change here at 9600
decoder does not change here at 10200
decoder does not change here at 10800
decoder does not change here at 11400
decoder does not change here at 12000
decoder does not change here at 12600
decoder does not change here at 13200
decoder does not change here at 13800
decoder does not change here at 14400
decoder does not change here at 15000
decoder does not change here at 15600
decoder does not change here at 16200
decoder does not change here at 16800
decoder does not change here at 17400
decoder does not change here at 18000

 using encoder with additional noises  State space: ['hand_px', 'hand_py', 'hand_pz', 'hand_vx', 'hand_vy', 'hand_vz', 'offset'] 

<bound method GenericCosEncWithNoise._gen_fixed_gaussian_noise of <riglib.bmi.sim_neurons.GenericCosEncWithNoise object at 0x7fae73781c40>>
changed encoder at cycle 18000
observations have counts >> 1000 
observations have counts >> 1000 
decoder does not change here at 18600
decoder does not change here at 19200
decoder does not change here at 19800
decoder does not change here at 20400
decoder does not change here at 21000
decoder does not change here at 21600
decoder does not change here at 22200
decoder does not change here at 22800
decoder does not change here at 23400
decoder does not change here at 24000
decoder does not change here at 24600
decoder does not change here at 25200
decoder does not change here at 25800
observations have counts >> 1000 
decoder does not change here at 26400
decoder does not change here at 27000
decoder does not change here at 27600
decoder does not change here at 28200
decoder does not change here at 28800
decoder does not change here at 29400
decoder does not change here at 30000
decoder does not change here at 30600
observations have counts >> 1000 
decoder does not change here at 31200
decoder does not change here at 31800
decoder does not change here at 32400
observations have counts >> 1000 
decoder does not change here at 33000
decoder does not change here at 33600
decoder does not change here at 34200
decoder does not change here at 34800
decoder does not change here at 35400
observations have counts >> 1000 
decoder does not change here at 36000
decoder does not change here at 36600
decoder does not change here at 37200
decoder does not change here at 37800
decoder does not change here at 38400
decoder does not change here at 39000
decoder does not change here at 39600
decoder does not change here at 40200
decoder does not change here at 40800
decoder does not change here at 41400
decoder does not change here at 42000
decoder does not change here at 42600
decoder does not change here at 43200
observations have counts >> 1000 
decoder does not change here at 43800
decoder does not change here at 44400
decoder does not change here at 45000
decoder does not change here at 45600
decoder does not change here at 46200
decoder does not change here at 46800
decoder does not change here at 47400
decoder does not change here at 48000
observations have counts >> 1000 
observations have counts >> 1000 
decoder does not change here at 48600
decoder does not change here at 49200
decoder does not change here at 49800
decoder does not change here at 50400
decoder does not change here at 51000
decoder does not change here at 51600
decoder does not change here at 52200
decoder does not change here at 52800
decoder does not change here at 53400
decoder does not change here at 54000
decoder does not change here at 54600
decoder does not change here at 55200
observations have counts >> 1000 
observations have counts >> 1000 
observations have counts >> 1000 
decoder does not change here at 55800
decoder does not change here at 56400
observations have counts >> 1000 
observations have counts >> 1000 
decoder does not change here at 57000
decoder does not change here at 57600
decoder does not change here at 58200
decoder does not change here at 58800
decoder does not change here at 59400
decoder does not change here at 60000
decoder does not change here at 60600
decoder does not change here at 61200
decoder does not change here at 61800
decoder does not change here at 62400
decoder does not change here at 63000
decoder does not change here at 63600
decoder does not change here at 64200
decoder does not change here at 64800
decoder does not change here at 65400
decoder does not change here at 66000
decoder does not change here at 66600
decoder does not change here at 67200
decoder does not change here at 67800
decoder does not change here at 68400
decoder does not change here at 69000
decoder does not change here at 69600
observations have counts >> 1000 
decoder does not change here at 70200
decoder does not change here at 70800
decoder does not change here at 71400
decoder does not change here at 72000
finish  at cycle_count: 72000
..........................HDFWriter: Saving datafile to /tmp/tmpce5ys62m.h5
HDFWriter: opening file
HDFWriter registered 'sync_events'
HDFWriter registered 'sync_clock'
HDFWriter registered 'trials'
HDFWriter registered 'task'
Closed hdf
ended datasink
0
exit
end of FSM.run, task state is None
wait for 10s for hdf file to save
saving feature selection file name to /tmp/tmpce5ys62m.h5
Writing new group: /feature_selection
Added feat_set
Added C_mat
Added Q_diag
Added K_mat
Done!
saving lasso feature selection file name to /tmp/tmpce5ys62m.h5
Writing new group: /lasso_feature_selection
Added lasso_hist
Done!
Finished running  lasso_1.0_7_noise_32_128_100_3_clda_rho_0.5_batchlen_100_lasso_alpha_10_lasso_threshold_1_shuffle_rows
***********************************************************
***********************************************************

cp /tmp/tmpce5ys62m.h5 /home/aolab/sijia/data/figure3_lasso/lasso_1.0_7_noise_32_128_100_3_clda_rho_0.5_batchlen_100_lasso_alpha_10_lasso_threshold_1_shuffle_rows.h5
cp /tmp/tmpce5ys62m.h5.p /home/aolab/sijia/data/figure3_lasso/lasso_1.0_7_noise_32_128_100_3_clda_rho_0.5_batchlen_100_lasso_alpha_10_lasso_threshold_1_shuffle_rows.p
we have experimental conditions ['lasso_1.0_7_noise_32_128_100_3_clda_rho_0.5_batchlen_100_lasso_alpha_10_lasso_threshold_1_shuffle_rows_smooth_batch_with_full_feature']
simulation_setup_functions: get_enc_setup has a tuning_level of 1 

simulation_runs: set base class 
simulation_runs: selected SimKFDecoderRandom 

simulation_runs: set up encoder change with shuffle_rows
kwargs will be updated in a later time
the feature adaptation project is tracking dict_keys(['transform_x_flag', 'transform_y_flag', 'n_starting_feats', 'n_states', 'train_high_SNR_time', 'lasso_alpha', 'lasso_threshold', 'adaptive_lasso_flag', 'number_of_features', 'change_sim_c_at_cycle', 'new_sim_c']) 
we have got 1 exps

features.simulation_features.SimIntentionLQRController: LQRController used 


 features.simulation_features.SimFeedbackLearner: start to create a sim leaner with a batchsize of 100
features.simulation_features.SimSmoothBatch: rho in this simulation is  0.5

Use feature selector as a class feature with a a parent class
finished executing Experiment.__init__
in feature selector mod
use user supplied features
feature init: [array([False, False, False, False, False,  True, False, False, False,
       False, False, False, False,  True, False, False, False, False,
       False, False, False, False,  True, False, False, False,  True,
       False,  True, False, False, False,  True, False, False, False,
        True, False, False, False, False,  True, False, False, False,
        True,  True, False, False,  True, False, False,  True, False,
        True, False, False, False, False, False, False, False, False,
       False, False, False,  True, False, False, False, False, False,
       False, False,  True, False, False, False, False,  True, False,
        True, False, False,  True,  True,  True, False,  True, False,
       False,  True, False,  True, False,  True, False, False, False,
       False,  True, False, False, False, False, False, False, False,
       False,  True, False, False,  True,  True, False, False, False,
       False, False, False,  True, False, False, False,  True,  True,
       False,  True])]
feature selector: add initial decoder weights
feature_selection_feature: initialized lasso regression with an alpha of 10 and a max number of iteration of 10000
<class 'features.simulation_features.SimCosineTunedEncWithNoise'>: added CosineTunedEncWithNoise 
TimeCountDown: assume  fps to be 60
finished instantiated experiment 0




 using encoder with additional noises  State space: ['hand_px', 'hand_py', 'hand_pz', 'hand_vx', 'hand_vy', 'hand_vz', 'offset'] 

<bound method GenericCosEncWithNoise._gen_fixed_gaussian_noise of <riglib.bmi.sim_neurons.GenericCosEncWithNoise object at 0x7faf7fbc0fa0>>
neural encoder init function  <SimpleTargetCaptureWithHold(Thread-32, initial)>
features.simulation_features: added tracking of K matrix
sinkmanager start <class 'hdfwriter.hdfwriter.HDFWriter'>
Traceback (most recent call last):
  File "/home/aolab/sijia/brain-python-interface/riglib/bmi/bmi.py", line 1342, in cleanup_hdf
    self.write_clda_data_to_hdf_table(
  File "/home/aolab/sijia/brain-python-interface/riglib/bmi/bmi.py", line 1367, in write_clda_data_to_hdf_table
    log_file = open(os.path.expandvars('$HOME/code/bmi3d/log/clda_hdf_log'), 'a')
FileNotFoundError: [Errno 2] No such file or directory: '/home/aolab/code/bmi3d/log/clda_hdf_log'
/home/aolab/miniconda3/envs/sijia-feature-analysis/lib/python3.8/site-packages/aopy/preproc/bmi3d.py:382: UserWarning: Warning: no sync clock connected! This will usually result in problems.
  warnings.warn("Warning: no sync clock connected! This will usually result in problems.")
/home/aolab/miniconda3/envs/sijia-feature-analysis/lib/python3.8/site-packages/aopy/preproc/bmi3d.py:449: UserWarning: No sync events present, using bmi3d events instead
  warnings.warn("No sync events present, using bmi3d events instead")
<bmimultitasks.SimpleEndpointAssister object at 0x7faf7fbd7850>
features.simulation_features: batch size is 100
Reset states for learner: 
[]
Done states for learner: 
[]

features.simulation_features.SimFeedbackLearner: flip the self.learn_flag to true
features.simulation_features.SimFeedbackLearner: succussfully created a feedback controller learner


SimSmoothBatchFullFeature: created a FULL FEATURE updater with a batch time of 1 and a half_life of 1.0 

..........................finished initialize experiement  0
select_decoder_features: first time (128, 7) (128, 7)
active feature set is [False False False False False  True False False False False False False
 False  True False False False False False False False False  True False
 False False  True False  True False False False  True False False False
  True False False False False  True False False False  True  True False
 False  True False False  True False  True False False False False False
 False False False False False False  True False False False False False
 False False  True False False False False  True False  True False False
  True  True  True False  True False False  True False  True False  True
 False False False False  True False False False False False False False
 False  True False False  True  True False False False False False False
  True False False False  True  True False  True]
after trans: (32, 7)
after trans: (32, 32)
decoder change flag to false
assist_level at final value after 0 successful trials
Warning: Cannot sync more than 1 event per cycle
Overwriting [b'EXP_START'] with TARGET_ON event
KFSmoothBatchFullFeature: 128 neurons selected
KFSmoothBatchFullFeature: 128 neurons selected
KFSmoothBatchFullFeature: 128 neurons selected
KFSmoothBatchFullFeature: 128 neurons selected
KFSmoothBatchFullFeature: 128 neurons selected
KFSmoothBatchFullFeature: 128 neurons selected
KFSmoothBatchFullFeature: 128 neurons selected
KFSmoothBatchFullFeature: 128 neurons selected
KFSmoothBatchFullFeature: 128 neurons selected
KFSmoothBatchFullFeature: 128 neurons selected
KFSmoothBatchFullFeature: 128 neurons selected
KFSmoothBatchFullFeature: 128 neurons selected
KFSmoothBatchFullFeature: 128 neurons selected
KFSmoothBatchFullFeature: 128 neurons selected
KFSmoothBatchFullFeature: 128 neurons selected
KFSmoothBatchFullFeature: 128 neurons selected
KFSmoothBatchFullFeature: 128 neurons selected
KFSmoothBatchFullFeature: 128 neurons selected
KFSmoothBatchFullFeature: 128 neurons selected
KFSmoothBatchFullFeature: 128 neurons selected
KFSmoothBatchFullFeature: 128 neurons selected
KFSmoothBatchFullFeature: 128 neurons selected
KFSmoothBatchFullFeature: 128 neurons selected
KFSmoothBatchFullFeature: 128 neurons selected
KFSmoothBatchFullFeature: 128 neurons selected
KFSmoothBatchFullFeature: 128 neurons selected
KFSmoothBatchFullFeature: 128 neurons selected
KFSmoothBatchFullFeature: 128 neurons selected
KFSmoothBatchFullFeature: 128 neurons selected
KFSmoothBatchFullFeature: 128 neurons selected

 using encoder with additional noises  State space: ['hand_px', 'hand_py', 'hand_pz', 'hand_vx', 'hand_vy', 'hand_vz', 'offset'] 

<bound method GenericCosEncWithNoise._gen_fixed_gaussian_noise of <riglib.bmi.sim_neurons.GenericCosEncWithNoise object at 0x7fae72f7c760>>
changed encoder at cycle 18000
KFSmoothBatchFullFeature: 128 neurons selected
KFSmoothBatchFullFeature: 128 neurons selected
KFSmoothBatchFullFeature: 128 neurons selected
KFSmoothBatchFullFeature: 128 neurons selected
KFSmoothBatchFullFeature: 128 neurons selected
KFSmoothBatchFullFeature: 128 neurons selected
KFSmoothBatchFullFeature: 128 neurons selected
KFSmoothBatchFullFeature: 128 neurons selected
KFSmoothBatchFullFeature: 128 neurons selected
KFSmoothBatchFullFeature: 128 neurons selected
KFSmoothBatchFullFeature: 128 neurons selected
KFSmoothBatchFullFeature: 128 neurons selected
KFSmoothBatchFullFeature: 128 neurons selected
KFSmoothBatchFullFeature: 128 neurons selected
KFSmoothBatchFullFeature: 128 neurons selected
KFSmoothBatchFullFeature: 128 neurons selected
KFSmoothBatchFullFeature: 128 neurons selected
KFSmoothBatchFullFeature: 128 neurons selected
KFSmoothBatchFullFeature: 128 neurons selected
KFSmoothBatchFullFeature: 128 neurons selected
KFSmoothBatchFullFeature: 128 neurons selected
KFSmoothBatchFullFeature: 128 neurons selected
KFSmoothBatchFullFeature: 128 neurons selected
KFSmoothBatchFullFeature: 128 neurons selected
KFSmoothBatchFullFeature: 128 neurons selected
KFSmoothBatchFullFeature: 128 neurons selected
KFSmoothBatchFullFeature: 128 neurons selected
KFSmoothBatchFullFeature: 128 neurons selected
KFSmoothBatchFullFeature: 128 neurons selected
KFSmoothBatchFullFeature: 128 neurons selected
KFSmoothBatchFullFeature: 128 neurons selected
KFSmoothBatchFullFeature: 128 neurons selected
KFSmoothBatchFullFeature: 128 neurons selected
KFSmoothBatchFullFeature: 128 neurons selected
KFSmoothBatchFullFeature: 128 neurons selected
KFSmoothBatchFullFeature: 128 neurons selected
KFSmoothBatchFullFeature: 128 neurons selected
KFSmoothBatchFullFeature: 128 neurons selected
KFSmoothBatchFullFeature: 128 neurons selected
KFSmoothBatchFullFeature: 128 neurons selected
KFSmoothBatchFullFeature: 128 neurons selected
KFSmoothBatchFullFeature: 128 neurons selected
KFSmoothBatchFullFeature: 128 neurons selected
KFSmoothBatchFullFeature: 128 neurons selected
KFSmoothBatchFullFeature: 128 neurons selected
KFSmoothBatchFullFeature: 128 neurons selected
KFSmoothBatchFullFeature: 128 neurons selected
KFSmoothBatchFullFeature: 128 neurons selected
KFSmoothBatchFullFeature: 128 neurons selected
KFSmoothBatchFullFeature: 128 neurons selected
KFSmoothBatchFullFeature: 128 neurons selected
KFSmoothBatchFullFeature: 128 neurons selected
KFSmoothBatchFullFeature: 128 neurons selected
KFSmoothBatchFullFeature: 128 neurons selected
KFSmoothBatchFullFeature: 128 neurons selected
KFSmoothBatchFullFeature: 128 neurons selected
KFSmoothBatchFullFeature: 128 neurons selected
KFSmoothBatchFullFeature: 128 neurons selected
KFSmoothBatchFullFeature: 128 neurons selected
KFSmoothBatchFullFeature: 128 neurons selected
KFSmoothBatchFullFeature: 128 neurons selected
KFSmoothBatchFullFeature: 128 neurons selected
KFSmoothBatchFullFeature: 128 neurons selected
KFSmoothBatchFullFeature: 128 neurons selected
KFSmoothBatchFullFeature: 128 neurons selected
KFSmoothBatchFullFeature: 128 neurons selected
KFSmoothBatchFullFeature: 128 neurons selected
KFSmoothBatchFullFeature: 128 neurons selected
KFSmoothBatchFullFeature: 128 neurons selected
KFSmoothBatchFullFeature: 128 neurons selected
KFSmoothBatchFullFeature: 128 neurons selected
KFSmoothBatchFullFeature: 128 neurons selected
KFSmoothBatchFullFeature: 128 neurons selected
KFSmoothBatchFullFeature: 128 neurons selected
KFSmoothBatchFullFeature: 128 neurons selected
KFSmoothBatchFullFeature: 128 neurons selected
KFSmoothBatchFullFeature: 128 neurons selected
KFSmoothBatchFullFeature: 128 neurons selected
KFSmoothBatchFullFeature: 128 neurons selected
KFSmoothBatchFullFeature: 128 neurons selected
KFSmoothBatchFullFeature: 128 neurons selected
KFSmoothBatchFullFeature: 128 neurons selected
KFSmoothBatchFullFeature: 128 neurons selected
KFSmoothBatchFullFeature: 128 neurons selected
KFSmoothBatchFullFeature: 128 neurons selected
KFSmoothBatchFullFeature: 128 neurons selected
KFSmoothBatchFullFeature: 128 neurons selected
KFSmoothBatchFullFeature: 128 neurons selected
KFSmoothBatchFullFeature: 128 neurons selected
KFSmoothBatchFullFeature: 128 neurons selected
finish  at cycle_count: 72000
..........................HDFWriter: Saving datafile to /tmp/tmpqijoaaze.h5
HDFWriter: opening file
HDFWriter registered 'sync_events'
HDFWriter registered 'sync_clock'
HDFWriter registered 'trials'
HDFWriter registered 'task'
Closed hdf
ended datasink
0
exit
end of FSM.run, task state is None
wait for 10s for hdf file to save
saving feature selection file name to /tmp/tmpqijoaaze.h5
Writing new group: /feature_selection
Added feat_set
Added C_mat
Added Q_diag
Added K_mat
Done!
saving lasso feature selection file name to /tmp/tmpqijoaaze.h5
Writing new group: /lasso_feature_selection
Added lasso_hist
Done!
Finished running  lasso_1.0_7_noise_32_128_100_3_clda_rho_0.5_batchlen_100_lasso_alpha_10_lasso_threshold_1_shuffle_rows_smooth_batch_with_full_feature
***********************************************************
***********************************************************

cp /tmp/tmpqijoaaze.h5 /home/aolab/sijia/data/figure3_lasso/lasso_1.0_7_noise_32_128_100_3_clda_rho_0.5_batchlen_100_lasso_alpha_10_lasso_threshold_1_shuffle_rows_smooth_batch_with_full_feature.h5
cp /tmp/tmpqijoaaze.h5.p /home/aolab/sijia/data/figure3_lasso/lasso_1.0_7_noise_32_128_100_3_clda_rho_0.5_batchlen_100_lasso_alpha_10_lasso_threshold_1_shuffle_rows_smooth_batch_with_full_feature.p
we have experimental conditions ['lasso_1.0_8_noise_32_128_100_3_clda_rho_0.5_batchlen_100_lasso_alpha_10_lasso_threshold_1_same']
simulation_setup_functions: get_enc_setup has a tuning_level of 1 

simulation_runs: set base class 
simulation_runs: selected SimKFDecoderRandom 

simulation_runs: set up encoder change with same
kwargs will be updated in a later time
the feature adaptation project is tracking dict_keys(['transform_x_flag', 'transform_y_flag', 'n_starting_feats', 'n_states', 'train_high_SNR_time', 'lasso_alpha', 'lasso_threshold', 'adaptive_lasso_flag', 'number_of_features', 'change_sim_c_at_cycle', 'new_sim_c']) 
we have got 1 exps

features.simulation_features.SimIntentionLQRController: LQRController used 


 features.simulation_features.SimFeedbackLearner: start to create a sim leaner with a batchsize of 100
features.simulation_features.SimSmoothBatch: rho in this simulation is  0.5

Use feature selector as a class feature with a a parent class
finished executing Experiment.__init__
in feature selector mod
use user supplied features
feature init: [array([ True,  True, False,  True,  True, False, False, False, False,
       False, False, False,  True, False, False, False, False,  True,
       False, False, False, False, False, False, False,  True, False,
       False, False,  True,  True, False, False, False, False,  True,
       False, False, False, False,  True, False, False,  True,  True,
       False, False, False, False, False,  True, False, False, False,
       False, False, False,  True, False, False, False, False,  True,
       False, False, False, False, False, False,  True,  True, False,
       False, False, False, False, False,  True,  True, False, False,
       False, False, False, False, False,  True,  True, False, False,
       False, False, False, False,  True, False, False, False, False,
        True, False, False,  True, False, False, False, False, False,
       False, False, False,  True,  True, False, False,  True,  True,
       False, False, False, False,  True,  True, False, False, False,
       False,  True])]
feature selector: add initial decoder weights
feature_selection_feature: initialized lasso regression with an alpha of 10 and a max number of iteration of 10000
<class 'features.simulation_features.SimCosineTunedEncWithNoise'>: added CosineTunedEncWithNoise 
TimeCountDown: assume  fps to be 60
finished instantiated experiment 0




 using encoder with additional noises  State space: ['hand_px', 'hand_py', 'hand_pz', 'hand_vx', 'hand_vy', 'hand_vz', 'offset'] 

<bound method GenericCosEncWithNoise._gen_fixed_gaussian_noise of <riglib.bmi.sim_neurons.GenericCosEncWithNoise object at 0x7fae736a9580>>
neural encoder init function  <SimpleTargetCaptureWithHold(Thread-33, initial)>
features.simulation_features: added tracking of K matrix
sinkmanager start <class 'hdfwriter.hdfwriter.HDFWriter'>
Traceback (most recent call last):
  File "/home/aolab/sijia/brain-python-interface/riglib/bmi/bmi.py", line 1342, in cleanup_hdf
    self.write_clda_data_to_hdf_table(
  File "/home/aolab/sijia/brain-python-interface/riglib/bmi/bmi.py", line 1367, in write_clda_data_to_hdf_table
    log_file = open(os.path.expandvars('$HOME/code/bmi3d/log/clda_hdf_log'), 'a')
FileNotFoundError: [Errno 2] No such file or directory: '/home/aolab/code/bmi3d/log/clda_hdf_log'
/home/aolab/miniconda3/envs/sijia-feature-analysis/lib/python3.8/site-packages/aopy/preproc/bmi3d.py:382: UserWarning: Warning: no sync clock connected! This will usually result in problems.
  warnings.warn("Warning: no sync clock connected! This will usually result in problems.")
/home/aolab/miniconda3/envs/sijia-feature-analysis/lib/python3.8/site-packages/aopy/preproc/bmi3d.py:449: UserWarning: No sync events present, using bmi3d events instead
  warnings.warn("No sync events present, using bmi3d events instead")
<bmimultitasks.SimpleEndpointAssister object at 0x7fae73f69250>
features.simulation_features: batch size is 100
Reset states for learner: 
[]
Done states for learner: 
[]

features.simulation_features.SimFeedbackLearner: flip the self.learn_flag to true
features.simulation_features.SimFeedbackLearner: succussfully created a feedback controller learner


SimSmoothBatch: created an updater with a batch time of 1 and a half_life of 1.0 

..........................finished initialize experiement  0
select_decoder_features: first time (128, 7) (128, 7)
active feature set is [ True  True False  True  True False False False False False False False
  True False False False False  True False False False False False False
 False  True False False False  True  True False False False False  True
 False False False False  True False False  True  True False False False
 False False  True False False False False False False  True False False
 False False  True False False False False False False  True  True False
 False False False False False  True  True False False False False False
 False False  True  True False False False False False False  True False
 False False False  True False False  True False False False False False
 False False False  True  True False False  True  True False False False
 False  True  True False False False False  True]
after trans: (32, 7)
after trans: (32, 32)
decoder change flag to false
assist_level at final value after 0 successful trials
Warning: Cannot sync more than 1 event per cycle
Overwriting [b'EXP_START'] with TARGET_ON event
decoder does not change here at 600
decoder does not change here at 1200
decoder does not change here at 1800
decoder does not change here at 2400
decoder does not change here at 3000
decoder does not change here at 3600
decoder does not change here at 4200
decoder does not change here at 4800
decoder does not change here at 5400
decoder does not change here at 6000
decoder does not change here at 6600
decoder does not change here at 7200
decoder does not change here at 7800
decoder does not change here at 8400
decoder does not change here at 9000
decoder does not change here at 9600
decoder does not change here at 10200
decoder does not change here at 10800
decoder does not change here at 11400
decoder does not change here at 12000
decoder does not change here at 12600
decoder does not change here at 13200
decoder does not change here at 13800
decoder does not change here at 14400
decoder does not change here at 15000
decoder does not change here at 15600
decoder does not change here at 16200
decoder does not change here at 16800
decoder does not change here at 17400
decoder does not change here at 18000

 using encoder with additional noises  State space: ['hand_px', 'hand_py', 'hand_pz', 'hand_vx', 'hand_vy', 'hand_vz', 'offset'] 

<bound method GenericCosEncWithNoise._gen_fixed_gaussian_noise of <riglib.bmi.sim_neurons.GenericCosEncWithNoise object at 0x7fae740fb070>>
changed encoder at cycle 18000
decoder does not change here at 18600
decoder does not change here at 19200
decoder does not change here at 19800
decoder does not change here at 20400
decoder does not change here at 21000
decoder does not change here at 21600
decoder does not change here at 22200
decoder does not change here at 22800
decoder does not change here at 23400
decoder does not change here at 24000
decoder does not change here at 24600
decoder does not change here at 25200
decoder does not change here at 25800
decoder does not change here at 26400
decoder does not change here at 27000
decoder does not change here at 27600
decoder does not change here at 28200
observations have counts >> 1000 
observations have counts >> 1000 
decoder does not change here at 28800
decoder does not change here at 29400
decoder does not change here at 30000
decoder does not change here at 30600
decoder does not change here at 31200
decoder does not change here at 31800
decoder does not change here at 32400
decoder does not change here at 33000
observations have counts >> 1000 
decoder does not change here at 33600
decoder does not change here at 34200
decoder does not change here at 34800
decoder does not change here at 35400
decoder does not change here at 36000
decoder does not change here at 36600
decoder does not change here at 37200
decoder does not change here at 37800
observations have counts >> 1000 
decoder does not change here at 38400
decoder does not change here at 39000
observations have counts >> 1000 
observations have counts >> 1000 
observations have counts >> 1000 
decoder does not change here at 39600
decoder does not change here at 40200
decoder does not change here at 40800
decoder does not change here at 41400
decoder does not change here at 42000
decoder does not change here at 42600
decoder does not change here at 43200
decoder does not change here at 43800
decoder does not change here at 44400
decoder does not change here at 45000
observations have counts >> 1000 
decoder does not change here at 45600
decoder does not change here at 46200
decoder does not change here at 46800
decoder does not change here at 47400
decoder does not change here at 48000
decoder does not change here at 48600
decoder does not change here at 49200
observations have counts >> 1000 
observations have counts >> 1000 
decoder does not change here at 49800
observations have counts >> 1000 
decoder does not change here at 50400
decoder does not change here at 51000
decoder does not change here at 51600
decoder does not change here at 52200
decoder does not change here at 52800
decoder does not change here at 53400
decoder does not change here at 54000
decoder does not change here at 54600
decoder does not change here at 55200
observations have counts >> 1000 
decoder does not change here at 55800
decoder does not change here at 56400
decoder does not change here at 57000
decoder does not change here at 57600
observations have counts >> 1000 
observations have counts >> 1000 
decoder does not change here at 58200
decoder does not change here at 58800
observations have counts >> 1000 
decoder does not change here at 59400
decoder does not change here at 60000
observations have counts >> 1000 
observations have counts >> 1000 
decoder does not change here at 60600
decoder does not change here at 61200
decoder does not change here at 61800
decoder does not change here at 62400
decoder does not change here at 63000
decoder does not change here at 63600
decoder does not change here at 64200
decoder does not change here at 64800
decoder does not change here at 65400
decoder does not change here at 66000
decoder does not change here at 66600
decoder does not change here at 67200
decoder does not change here at 67800
decoder does not change here at 68400
decoder does not change here at 69000
decoder does not change here at 69600
decoder does not change here at 70200
decoder does not change here at 70800
decoder does not change here at 71400
decoder does not change here at 72000
finish  at cycle_count: 72000
..........................HDFWriter: Saving datafile to /tmp/tmpnvzwqj4a.h5
HDFWriter: opening file
HDFWriter registered 'sync_events'
HDFWriter registered 'sync_clock'
HDFWriter registered 'trials'
HDFWriter registered 'task'
Closed hdf
ended datasink
0
exit
end of FSM.run, task state is None
wait for 10s for hdf file to save
saving feature selection file name to /tmp/tmpnvzwqj4a.h5
Writing new group: /feature_selection
Added feat_set
Added C_mat
Added Q_diag
Added K_mat
Done!
saving lasso feature selection file name to /tmp/tmpnvzwqj4a.h5
Writing new group: /lasso_feature_selection
Added lasso_hist
Done!
Finished running  lasso_1.0_8_noise_32_128_100_3_clda_rho_0.5_batchlen_100_lasso_alpha_10_lasso_threshold_1_same
***********************************************************
***********************************************************

cp /tmp/tmpnvzwqj4a.h5 /home/aolab/sijia/data/figure3_lasso/lasso_1.0_8_noise_32_128_100_3_clda_rho_0.5_batchlen_100_lasso_alpha_10_lasso_threshold_1_same.h5
cp /tmp/tmpnvzwqj4a.h5.p /home/aolab/sijia/data/figure3_lasso/lasso_1.0_8_noise_32_128_100_3_clda_rho_0.5_batchlen_100_lasso_alpha_10_lasso_threshold_1_same.p
we have experimental conditions ['lasso_1.0_8_noise_32_128_100_3_clda_rho_0.5_batchlen_100_lasso_alpha_10_lasso_threshold_1_same_smooth_batch_with_full_feature']
simulation_setup_functions: get_enc_setup has a tuning_level of 1 

simulation_runs: set base class 
simulation_runs: selected SimKFDecoderRandom 

simulation_runs: set up encoder change with same
kwargs will be updated in a later time
the feature adaptation project is tracking dict_keys(['transform_x_flag', 'transform_y_flag', 'n_starting_feats', 'n_states', 'train_high_SNR_time', 'lasso_alpha', 'lasso_threshold', 'adaptive_lasso_flag', 'number_of_features', 'change_sim_c_at_cycle', 'new_sim_c']) 
we have got 1 exps

features.simulation_features.SimIntentionLQRController: LQRController used 


 features.simulation_features.SimFeedbackLearner: start to create a sim leaner with a batchsize of 100
features.simulation_features.SimSmoothBatch: rho in this simulation is  0.5

Use feature selector as a class feature with a a parent class
finished executing Experiment.__init__
in feature selector mod
use user supplied features
feature init: [array([ True,  True, False,  True,  True, False, False, False, False,
       False, False, False,  True, False, False, False, False,  True,
       False, False, False, False, False, False, False,  True, False,
       False, False,  True,  True, False, False, False, False,  True,
       False, False, False, False,  True, False, False,  True,  True,
       False, False, False, False, False,  True, False, False, False,
       False, False, False,  True, False, False, False, False,  True,
       False, False, False, False, False, False,  True,  True, False,
       False, False, False, False, False,  True,  True, False, False,
       False, False, False, False, False,  True,  True, False, False,
       False, False, False, False,  True, False, False, False, False,
        True, False, False,  True, False, False, False, False, False,
       False, False, False,  True,  True, False, False,  True,  True,
       False, False, False, False,  True,  True, False, False, False,
       False,  True])]
feature selector: add initial decoder weights
feature_selection_feature: initialized lasso regression with an alpha of 10 and a max number of iteration of 10000
<class 'features.simulation_features.SimCosineTunedEncWithNoise'>: added CosineTunedEncWithNoise 
TimeCountDown: assume  fps to be 60
finished instantiated experiment 0




 using encoder with additional noises  State space: ['hand_px', 'hand_py', 'hand_pz', 'hand_vx', 'hand_vy', 'hand_vz', 'offset'] 

<bound method GenericCosEncWithNoise._gen_fixed_gaussian_noise of <riglib.bmi.sim_neurons.GenericCosEncWithNoise object at 0x7fae72f7c0d0>>
neural encoder init function  <SimpleTargetCaptureWithHold(Thread-34, initial)>
features.simulation_features: added tracking of K matrix
sinkmanager start <class 'hdfwriter.hdfwriter.HDFWriter'>
Traceback (most recent call last):
  File "/home/aolab/sijia/brain-python-interface/riglib/bmi/bmi.py", line 1342, in cleanup_hdf
    self.write_clda_data_to_hdf_table(
  File "/home/aolab/sijia/brain-python-interface/riglib/bmi/bmi.py", line 1367, in write_clda_data_to_hdf_table
    log_file = open(os.path.expandvars('$HOME/code/bmi3d/log/clda_hdf_log'), 'a')
FileNotFoundError: [Errno 2] No such file or directory: '/home/aolab/code/bmi3d/log/clda_hdf_log'
/home/aolab/miniconda3/envs/sijia-feature-analysis/lib/python3.8/site-packages/aopy/preproc/bmi3d.py:382: UserWarning: Warning: no sync clock connected! This will usually result in problems.
  warnings.warn("Warning: no sync clock connected! This will usually result in problems.")
/home/aolab/miniconda3/envs/sijia-feature-analysis/lib/python3.8/site-packages/aopy/preproc/bmi3d.py:449: UserWarning: No sync events present, using bmi3d events instead
  warnings.warn("No sync events present, using bmi3d events instead")
<bmimultitasks.SimpleEndpointAssister object at 0x7fae76b21b20>
features.simulation_features: batch size is 100
Reset states for learner: 
[]
Done states for learner: 
[]

features.simulation_features.SimFeedbackLearner: flip the self.learn_flag to true
features.simulation_features.SimFeedbackLearner: succussfully created a feedback controller learner


SimSmoothBatchFullFeature: created a FULL FEATURE updater with a batch time of 1 and a half_life of 1.0 

..........................finished initialize experiement  0
select_decoder_features: first time (128, 7) (128, 7)
active feature set is [ True  True False  True  True False False False False False False False
  True False False False False  True False False False False False False
 False  True False False False  True  True False False False False  True
 False False False False  True False False  True  True False False False
 False False  True False False False False False False  True False False
 False False  True False False False False False False  True  True False
 False False False False False  True  True False False False False False
 False False  True  True False False False False False False  True False
 False False False  True False False  True False False False False False
 False False False  True  True False False  True  True False False False
 False  True  True False False False False  True]
after trans: (32, 7)
after trans: (32, 32)
decoder change flag to false
assist_level at final value after 0 successful trials
Warning: Cannot sync more than 1 event per cycle
Overwriting [b'EXP_START'] with TARGET_ON event
KFSmoothBatchFullFeature: 128 neurons selected
KFSmoothBatchFullFeature: 128 neurons selected
KFSmoothBatchFullFeature: 128 neurons selected
KFSmoothBatchFullFeature: 128 neurons selected
KFSmoothBatchFullFeature: 128 neurons selected
KFSmoothBatchFullFeature: 128 neurons selected
KFSmoothBatchFullFeature: 128 neurons selected
KFSmoothBatchFullFeature: 128 neurons selected
KFSmoothBatchFullFeature: 128 neurons selected
KFSmoothBatchFullFeature: 128 neurons selected
KFSmoothBatchFullFeature: 128 neurons selected
KFSmoothBatchFullFeature: 128 neurons selected
KFSmoothBatchFullFeature: 128 neurons selected
KFSmoothBatchFullFeature: 128 neurons selected
KFSmoothBatchFullFeature: 128 neurons selected
KFSmoothBatchFullFeature: 128 neurons selected
KFSmoothBatchFullFeature: 128 neurons selected
KFSmoothBatchFullFeature: 128 neurons selected
KFSmoothBatchFullFeature: 128 neurons selected
KFSmoothBatchFullFeature: 128 neurons selected
KFSmoothBatchFullFeature: 128 neurons selected
KFSmoothBatchFullFeature: 128 neurons selected
KFSmoothBatchFullFeature: 128 neurons selected
KFSmoothBatchFullFeature: 128 neurons selected
KFSmoothBatchFullFeature: 128 neurons selected
KFSmoothBatchFullFeature: 128 neurons selected
KFSmoothBatchFullFeature: 128 neurons selected
KFSmoothBatchFullFeature: 128 neurons selected
KFSmoothBatchFullFeature: 128 neurons selected
KFSmoothBatchFullFeature: 128 neurons selected

 using encoder with additional noises  State space: ['hand_px', 'hand_py', 'hand_pz', 'hand_vx', 'hand_vy', 'hand_vz', 'offset'] 

<bound method GenericCosEncWithNoise._gen_fixed_gaussian_noise of <riglib.bmi.sim_neurons.GenericCosEncWithNoise object at 0x7faf7f81e070>>
changed encoder at cycle 18000
KFSmoothBatchFullFeature: 128 neurons selected
KFSmoothBatchFullFeature: 128 neurons selected
KFSmoothBatchFullFeature: 128 neurons selected
KFSmoothBatchFullFeature: 128 neurons selected
KFSmoothBatchFullFeature: 128 neurons selected
KFSmoothBatchFullFeature: 128 neurons selected
KFSmoothBatchFullFeature: 128 neurons selected
KFSmoothBatchFullFeature: 128 neurons selected
KFSmoothBatchFullFeature: 128 neurons selected
KFSmoothBatchFullFeature: 128 neurons selected
KFSmoothBatchFullFeature: 128 neurons selected
KFSmoothBatchFullFeature: 128 neurons selected
KFSmoothBatchFullFeature: 128 neurons selected
KFSmoothBatchFullFeature: 128 neurons selected
KFSmoothBatchFullFeature: 128 neurons selected
KFSmoothBatchFullFeature: 128 neurons selected
KFSmoothBatchFullFeature: 128 neurons selected
KFSmoothBatchFullFeature: 128 neurons selected
KFSmoothBatchFullFeature: 128 neurons selected
KFSmoothBatchFullFeature: 128 neurons selected
KFSmoothBatchFullFeature: 128 neurons selected
KFSmoothBatchFullFeature: 128 neurons selected
KFSmoothBatchFullFeature: 128 neurons selected
KFSmoothBatchFullFeature: 128 neurons selected
KFSmoothBatchFullFeature: 128 neurons selected
KFSmoothBatchFullFeature: 128 neurons selected
KFSmoothBatchFullFeature: 128 neurons selected
KFSmoothBatchFullFeature: 128 neurons selected
KFSmoothBatchFullFeature: 128 neurons selected
KFSmoothBatchFullFeature: 128 neurons selected
KFSmoothBatchFullFeature: 128 neurons selected
KFSmoothBatchFullFeature: 128 neurons selected
KFSmoothBatchFullFeature: 128 neurons selected
KFSmoothBatchFullFeature: 128 neurons selected
KFSmoothBatchFullFeature: 128 neurons selected
KFSmoothBatchFullFeature: 128 neurons selected
KFSmoothBatchFullFeature: 128 neurons selected
KFSmoothBatchFullFeature: 128 neurons selected
KFSmoothBatchFullFeature: 128 neurons selected
KFSmoothBatchFullFeature: 128 neurons selected
KFSmoothBatchFullFeature: 128 neurons selected
KFSmoothBatchFullFeature: 128 neurons selected
KFSmoothBatchFullFeature: 128 neurons selected
KFSmoothBatchFullFeature: 128 neurons selected
KFSmoothBatchFullFeature: 128 neurons selected
KFSmoothBatchFullFeature: 128 neurons selected
KFSmoothBatchFullFeature: 128 neurons selected
KFSmoothBatchFullFeature: 128 neurons selected
KFSmoothBatchFullFeature: 128 neurons selected
KFSmoothBatchFullFeature: 128 neurons selected
KFSmoothBatchFullFeature: 128 neurons selected
KFSmoothBatchFullFeature: 128 neurons selected
KFSmoothBatchFullFeature: 128 neurons selected
KFSmoothBatchFullFeature: 128 neurons selected
KFSmoothBatchFullFeature: 128 neurons selected
KFSmoothBatchFullFeature: 128 neurons selected
KFSmoothBatchFullFeature: 128 neurons selected
KFSmoothBatchFullFeature: 128 neurons selected
KFSmoothBatchFullFeature: 128 neurons selected
KFSmoothBatchFullFeature: 128 neurons selected
KFSmoothBatchFullFeature: 128 neurons selected
KFSmoothBatchFullFeature: 128 neurons selected
KFSmoothBatchFullFeature: 128 neurons selected
KFSmoothBatchFullFeature: 128 neurons selected
KFSmoothBatchFullFeature: 128 neurons selected
KFSmoothBatchFullFeature: 128 neurons selected
KFSmoothBatchFullFeature: 128 neurons selected
KFSmoothBatchFullFeature: 128 neurons selected
KFSmoothBatchFullFeature: 128 neurons selected
KFSmoothBatchFullFeature: 128 neurons selected
KFSmoothBatchFullFeature: 128 neurons selected
KFSmoothBatchFullFeature: 128 neurons selected
KFSmoothBatchFullFeature: 128 neurons selected
KFSmoothBatchFullFeature: 128 neurons selected
KFSmoothBatchFullFeature: 128 neurons selected
KFSmoothBatchFullFeature: 128 neurons selected
KFSmoothBatchFullFeature: 128 neurons selected
KFSmoothBatchFullFeature: 128 neurons selected
KFSmoothBatchFullFeature: 128 neurons selected
KFSmoothBatchFullFeature: 128 neurons selected
KFSmoothBatchFullFeature: 128 neurons selected
KFSmoothBatchFullFeature: 128 neurons selected
KFSmoothBatchFullFeature: 128 neurons selected
KFSmoothBatchFullFeature: 128 neurons selected
KFSmoothBatchFullFeature: 128 neurons selected
KFSmoothBatchFullFeature: 128 neurons selected
KFSmoothBatchFullFeature: 128 neurons selected
KFSmoothBatchFullFeature: 128 neurons selected
KFSmoothBatchFullFeature: 128 neurons selected
KFSmoothBatchFullFeature: 128 neurons selected
finish  at cycle_count: 72000
..........................HDFWriter: Saving datafile to /tmp/tmpamdmjsnq.h5
HDFWriter: opening file
HDFWriter registered 'sync_events'
HDFWriter registered 'sync_clock'
HDFWriter registered 'trials'
HDFWriter registered 'task'
Closed hdf
ended datasink
0
exit
end of FSM.run, task state is None
wait for 10s for hdf file to save
saving feature selection file name to /tmp/tmpamdmjsnq.h5
Writing new group: /feature_selection
Added feat_set
Added C_mat
Added Q_diag
Added K_mat
Done!
saving lasso feature selection file name to /tmp/tmpamdmjsnq.h5
Writing new group: /lasso_feature_selection
Added lasso_hist
Done!
Finished running  lasso_1.0_8_noise_32_128_100_3_clda_rho_0.5_batchlen_100_lasso_alpha_10_lasso_threshold_1_same_smooth_batch_with_full_feature
***********************************************************
***********************************************************

cp /tmp/tmpamdmjsnq.h5 /home/aolab/sijia/data/figure3_lasso/lasso_1.0_8_noise_32_128_100_3_clda_rho_0.5_batchlen_100_lasso_alpha_10_lasso_threshold_1_same_smooth_batch_with_full_feature.h5
cp /tmp/tmpamdmjsnq.h5.p /home/aolab/sijia/data/figure3_lasso/lasso_1.0_8_noise_32_128_100_3_clda_rho_0.5_batchlen_100_lasso_alpha_10_lasso_threshold_1_same_smooth_batch_with_full_feature.p
we have experimental conditions ['lasso_1.0_8_noise_32_128_100_3_clda_rho_0.5_batchlen_100_lasso_alpha_10_lasso_threshold_1_shuffle_rows']
simulation_setup_functions: get_enc_setup has a tuning_level of 1 

simulation_runs: set base class 
simulation_runs: selected SimKFDecoderRandom 

simulation_runs: set up encoder change with shuffle_rows
kwargs will be updated in a later time
the feature adaptation project is tracking dict_keys(['transform_x_flag', 'transform_y_flag', 'n_starting_feats', 'n_states', 'train_high_SNR_time', 'lasso_alpha', 'lasso_threshold', 'adaptive_lasso_flag', 'number_of_features', 'change_sim_c_at_cycle', 'new_sim_c']) 
we have got 1 exps

features.simulation_features.SimIntentionLQRController: LQRController used 


 features.simulation_features.SimFeedbackLearner: start to create a sim leaner with a batchsize of 100
features.simulation_features.SimSmoothBatch: rho in this simulation is  0.5

Use feature selector as a class feature with a a parent class
finished executing Experiment.__init__
in feature selector mod
use user supplied features
feature init: [array([ True,  True, False,  True,  True, False, False, False, False,
       False, False, False,  True, False, False, False, False,  True,
       False, False, False, False, False, False, False,  True, False,
       False, False,  True,  True, False, False, False, False,  True,
       False, False, False, False,  True, False, False,  True,  True,
       False, False, False, False, False,  True, False, False, False,
       False, False, False,  True, False, False, False, False,  True,
       False, False, False, False, False, False,  True,  True, False,
       False, False, False, False, False,  True,  True, False, False,
       False, False, False, False, False,  True,  True, False, False,
       False, False, False, False,  True, False, False, False, False,
        True, False, False,  True, False, False, False, False, False,
       False, False, False,  True,  True, False, False,  True,  True,
       False, False, False, False,  True,  True, False, False, False,
       False,  True])]
feature selector: add initial decoder weights
feature_selection_feature: initialized lasso regression with an alpha of 10 and a max number of iteration of 10000
<class 'features.simulation_features.SimCosineTunedEncWithNoise'>: added CosineTunedEncWithNoise 
TimeCountDown: assume  fps to be 60
finished instantiated experiment 0




 using encoder with additional noises  State space: ['hand_px', 'hand_py', 'hand_pz', 'hand_vx', 'hand_vy', 'hand_vz', 'offset'] 

<bound method GenericCosEncWithNoise._gen_fixed_gaussian_noise of <riglib.bmi.sim_neurons.GenericCosEncWithNoise object at 0x7fae736867f0>>
neural encoder init function  <SimpleTargetCaptureWithHold(Thread-35, initial)>
features.simulation_features: added tracking of K matrix
sinkmanager start <class 'hdfwriter.hdfwriter.HDFWriter'>
Traceback (most recent call last):
  File "/home/aolab/sijia/brain-python-interface/riglib/bmi/bmi.py", line 1342, in cleanup_hdf
    self.write_clda_data_to_hdf_table(
  File "/home/aolab/sijia/brain-python-interface/riglib/bmi/bmi.py", line 1367, in write_clda_data_to_hdf_table
    log_file = open(os.path.expandvars('$HOME/code/bmi3d/log/clda_hdf_log'), 'a')
FileNotFoundError: [Errno 2] No such file or directory: '/home/aolab/code/bmi3d/log/clda_hdf_log'
/home/aolab/miniconda3/envs/sijia-feature-analysis/lib/python3.8/site-packages/aopy/preproc/bmi3d.py:382: UserWarning: Warning: no sync clock connected! This will usually result in problems.
  warnings.warn("Warning: no sync clock connected! This will usually result in problems.")
/home/aolab/miniconda3/envs/sijia-feature-analysis/lib/python3.8/site-packages/aopy/preproc/bmi3d.py:449: UserWarning: No sync events present, using bmi3d events instead
  warnings.warn("No sync events present, using bmi3d events instead")
<bmimultitasks.SimpleEndpointAssister object at 0x7fae740c6040>
features.simulation_features: batch size is 100
Reset states for learner: 
[]
Done states for learner: 
[]

features.simulation_features.SimFeedbackLearner: flip the self.learn_flag to true
features.simulation_features.SimFeedbackLearner: succussfully created a feedback controller learner


SimSmoothBatch: created an updater with a batch time of 1 and a half_life of 1.0 

..........................finished initialize experiement  0
select_decoder_features: first time (128, 7) (128, 7)
active feature set is [ True  True False  True  True False False False False False False False
  True False False False False  True False False False False False False
 False  True False False False  True  True False False False False  True
 False False False False  True False False  True  True False False False
 False False  True False False False False False False  True False False
 False False  True False False False False False False  True  True False
 False False False False False  True  True False False False False False
 False False  True  True False False False False False False  True False
 False False False  True False False  True False False False False False
 False False False  True  True False False  True  True False False False
 False  True  True False False False False  True]
after trans: (32, 7)
after trans: (32, 32)
decoder change flag to false
assist_level at final value after 0 successful trials
Warning: Cannot sync more than 1 event per cycle
Overwriting [b'EXP_START'] with TARGET_ON event
decoder does not change here at 600
decoder does not change here at 1200
decoder does not change here at 1800
decoder does not change here at 2400
decoder does not change here at 3000
decoder does not change here at 3600
decoder does not change here at 4200
decoder does not change here at 4800
decoder does not change here at 5400
decoder does not change here at 6000
decoder does not change here at 6600
decoder does not change here at 7200
decoder does not change here at 7800
decoder does not change here at 8400
decoder does not change here at 9000
decoder does not change here at 9600
decoder does not change here at 10200
observations have counts >> 1000 
observations have counts >> 1000 
observations have counts >> 1000 
decoder does not change here at 10800
observations have counts >> 1000 
decoder does not change here at 11400
decoder does not change here at 12000
decoder does not change here at 12600
decoder does not change here at 13200
decoder does not change here at 13800
decoder does not change here at 14400
observations have counts >> 1000 
decoder does not change here at 15000
decoder does not change here at 15600
decoder does not change here at 16200
decoder does not change here at 16800
decoder does not change here at 17400
decoder does not change here at 18000

 using encoder with additional noises  State space: ['hand_px', 'hand_py', 'hand_pz', 'hand_vx', 'hand_vy', 'hand_vz', 'offset'] 

<bound method GenericCosEncWithNoise._gen_fixed_gaussian_noise of <riglib.bmi.sim_neurons.GenericCosEncWithNoise object at 0x7fae75ff0f70>>
changed encoder at cycle 18000
decoder does not change here at 18600
decoder does not change here at 19200
decoder does not change here at 19800
decoder does not change here at 20400
decoder does not change here at 21000
decoder does not change here at 21600
decoder does not change here at 22200
decoder does not change here at 22800
observations have counts >> 1000 
decoder does not change here at 23400
decoder does not change here at 24000
decoder does not change here at 24600
decoder does not change here at 25200
decoder does not change here at 25800
decoder does not change here at 26400
observations have counts >> 1000 
decoder does not change here at 27000
decoder does not change here at 27600
decoder does not change here at 28200
decoder does not change here at 28800
decoder does not change here at 29400
decoder does not change here at 30000
observations have counts >> 1000 
observations have counts >> 1000 
decoder does not change here at 30600
decoder does not change here at 31200
decoder does not change here at 31800
decoder does not change here at 32400
decoder does not change here at 33000
decoder does not change here at 33600
decoder does not change here at 34200
decoder does not change here at 34800
decoder does not change here at 35400
decoder does not change here at 36000
decoder does not change here at 36600
decoder does not change here at 37200
decoder does not change here at 37800
decoder does not change here at 38400
decoder does not change here at 39000
observations have counts >> 1000 
decoder does not change here at 39600
decoder does not change here at 40200
decoder does not change here at 40800
decoder does not change here at 41400
decoder does not change here at 42000
observations have counts >> 1000 
decoder does not change here at 42600
decoder does not change here at 43200
decoder does not change here at 43800
decoder does not change here at 44400
decoder does not change here at 45000
observations have counts >> 1000 
observations have counts >> 1000 
observations have counts >> 1000 
decoder does not change here at 45600
decoder does not change here at 46200
decoder does not change here at 46800
observations have counts >> 1000 
observations have counts >> 1000 
decoder does not change here at 47400
decoder does not change here at 48000
observations have counts >> 1000 
decoder does not change here at 48600
decoder does not change here at 49200
decoder does not change here at 49800
decoder does not change here at 50400
decoder does not change here at 51000
decoder does not change here at 51600
decoder does not change here at 52200
decoder does not change here at 52800
observations have counts >> 1000 
decoder does not change here at 53400
decoder does not change here at 54000
decoder does not change here at 54600
decoder does not change here at 55200
decoder does not change here at 55800
decoder does not change here at 56400
observations have counts >> 1000 
decoder does not change here at 57000
decoder does not change here at 57600
decoder does not change here at 58200
decoder does not change here at 58800
decoder does not change here at 59400
decoder does not change here at 60000
decoder does not change here at 60600
decoder does not change here at 61200
decoder does not change here at 61800
decoder does not change here at 62400
decoder does not change here at 63000
decoder does not change here at 63600
decoder does not change here at 64200
decoder does not change here at 64800
decoder does not change here at 65400
decoder does not change here at 66000
decoder does not change here at 66600
decoder does not change here at 67200
decoder does not change here at 67800
decoder does not change here at 68400
decoder does not change here at 69000
decoder does not change here at 69600
observations have counts >> 1000 
decoder does not change here at 70200
decoder does not change here at 70800
decoder does not change here at 71400
observations have counts >> 1000 
observations have counts >> 1000 
decoder does not change here at 72000
finish  at cycle_count: 72000
..........................HDFWriter: Saving datafile to /tmp/tmp9yra3c08.h5
HDFWriter: opening file
HDFWriter registered 'sync_events'
HDFWriter registered 'sync_clock'
HDFWriter registered 'trials'
HDFWriter registered 'task'
Closed hdf
ended datasink
0
exit
end of FSM.run, task state is None
wait for 10s for hdf file to save
saving feature selection file name to /tmp/tmp9yra3c08.h5
Writing new group: /feature_selection
Added feat_set
Added C_mat
Added Q_diag
Added K_mat
Done!
saving lasso feature selection file name to /tmp/tmp9yra3c08.h5
Writing new group: /lasso_feature_selection
Added lasso_hist
Done!
Finished running  lasso_1.0_8_noise_32_128_100_3_clda_rho_0.5_batchlen_100_lasso_alpha_10_lasso_threshold_1_shuffle_rows
***********************************************************
***********************************************************

cp /tmp/tmp9yra3c08.h5 /home/aolab/sijia/data/figure3_lasso/lasso_1.0_8_noise_32_128_100_3_clda_rho_0.5_batchlen_100_lasso_alpha_10_lasso_threshold_1_shuffle_rows.h5
cp /tmp/tmp9yra3c08.h5.p /home/aolab/sijia/data/figure3_lasso/lasso_1.0_8_noise_32_128_100_3_clda_rho_0.5_batchlen_100_lasso_alpha_10_lasso_threshold_1_shuffle_rows.p
we have experimental conditions ['lasso_1.0_8_noise_32_128_100_3_clda_rho_0.5_batchlen_100_lasso_alpha_10_lasso_threshold_1_shuffle_rows_smooth_batch_with_full_feature']
simulation_setup_functions: get_enc_setup has a tuning_level of 1 

simulation_runs: set base class 
simulation_runs: selected SimKFDecoderRandom 

simulation_runs: set up encoder change with shuffle_rows
kwargs will be updated in a later time
the feature adaptation project is tracking dict_keys(['transform_x_flag', 'transform_y_flag', 'n_starting_feats', 'n_states', 'train_high_SNR_time', 'lasso_alpha', 'lasso_threshold', 'adaptive_lasso_flag', 'number_of_features', 'change_sim_c_at_cycle', 'new_sim_c']) 
we have got 1 exps

features.simulation_features.SimIntentionLQRController: LQRController used 


 features.simulation_features.SimFeedbackLearner: start to create a sim leaner with a batchsize of 100
features.simulation_features.SimSmoothBatch: rho in this simulation is  0.5

Use feature selector as a class feature with a a parent class
finished executing Experiment.__init__
in feature selector mod
use user supplied features
feature init: [array([ True,  True, False,  True,  True, False, False, False, False,
       False, False, False,  True, False, False, False, False,  True,
       False, False, False, False, False, False, False,  True, False,
       False, False,  True,  True, False, False, False, False,  True,
       False, False, False, False,  True, False, False,  True,  True,
       False, False, False, False, False,  True, False, False, False,
       False, False, False,  True, False, False, False, False,  True,
       False, False, False, False, False, False,  True,  True, False,
       False, False, False, False, False,  True,  True, False, False,
       False, False, False, False, False,  True,  True, False, False,
       False, False, False, False,  True, False, False, False, False,
        True, False, False,  True, False, False, False, False, False,
       False, False, False,  True,  True, False, False,  True,  True,
       False, False, False, False,  True,  True, False, False, False,
       False,  True])]
feature selector: add initial decoder weights
feature_selection_feature: initialized lasso regression with an alpha of 10 and a max number of iteration of 10000
<class 'features.simulation_features.SimCosineTunedEncWithNoise'>: added CosineTunedEncWithNoise 
TimeCountDown: assume  fps to be 60
finished instantiated experiment 0




 using encoder with additional noises  State space: ['hand_px', 'hand_py', 'hand_pz', 'hand_vx', 'hand_vy', 'hand_vz', 'offset'] 

<bound method GenericCosEncWithNoise._gen_fixed_gaussian_noise of <riglib.bmi.sim_neurons.GenericCosEncWithNoise object at 0x7fae736abe20>>
neural encoder init function  <SimpleTargetCaptureWithHold(Thread-36, initial)>
features.simulation_features: added tracking of K matrix
sinkmanager start <class 'hdfwriter.hdfwriter.HDFWriter'>
Traceback (most recent call last):
  File "/home/aolab/sijia/brain-python-interface/riglib/bmi/bmi.py", line 1342, in cleanup_hdf
    self.write_clda_data_to_hdf_table(
  File "/home/aolab/sijia/brain-python-interface/riglib/bmi/bmi.py", line 1367, in write_clda_data_to_hdf_table
    log_file = open(os.path.expandvars('$HOME/code/bmi3d/log/clda_hdf_log'), 'a')
FileNotFoundError: [Errno 2] No such file or directory: '/home/aolab/code/bmi3d/log/clda_hdf_log'
/home/aolab/miniconda3/envs/sijia-feature-analysis/lib/python3.8/site-packages/aopy/preproc/bmi3d.py:382: UserWarning: Warning: no sync clock connected! This will usually result in problems.
  warnings.warn("Warning: no sync clock connected! This will usually result in problems.")
/home/aolab/miniconda3/envs/sijia-feature-analysis/lib/python3.8/site-packages/aopy/preproc/bmi3d.py:449: UserWarning: No sync events present, using bmi3d events instead
  warnings.warn("No sync events present, using bmi3d events instead")
<bmimultitasks.SimpleEndpointAssister object at 0x7fae76b21c70>
features.simulation_features: batch size is 100
Reset states for learner: 
[]
Done states for learner: 
[]

features.simulation_features.SimFeedbackLearner: flip the self.learn_flag to true
features.simulation_features.SimFeedbackLearner: succussfully created a feedback controller learner


SimSmoothBatchFullFeature: created a FULL FEATURE updater with a batch time of 1 and a half_life of 1.0 

..........................finished initialize experiement  0
select_decoder_features: first time (128, 7) (128, 7)
active feature set is [ True  True False  True  True False False False False False False False
  True False False False False  True False False False False False False
 False  True False False False  True  True False False False False  True
 False False False False  True False False  True  True False False False
 False False  True False False False False False False  True False False
 False False  True False False False False False False  True  True False
 False False False False False  True  True False False False False False
 False False  True  True False False False False False False  True False
 False False False  True False False  True False False False False False
 False False False  True  True False False  True  True False False False
 False  True  True False False False False  True]
after trans: (32, 7)
after trans: (32, 32)
decoder change flag to false
assist_level at final value after 0 successful trials
Warning: Cannot sync more than 1 event per cycle
Overwriting [b'EXP_START'] with TARGET_ON event
KFSmoothBatchFullFeature: 128 neurons selected
KFSmoothBatchFullFeature: 128 neurons selected
KFSmoothBatchFullFeature: 128 neurons selected
KFSmoothBatchFullFeature: 128 neurons selected
KFSmoothBatchFullFeature: 128 neurons selected
KFSmoothBatchFullFeature: 128 neurons selected
KFSmoothBatchFullFeature: 128 neurons selected
KFSmoothBatchFullFeature: 128 neurons selected
KFSmoothBatchFullFeature: 128 neurons selected
KFSmoothBatchFullFeature: 128 neurons selected
KFSmoothBatchFullFeature: 128 neurons selected
KFSmoothBatchFullFeature: 128 neurons selected
KFSmoothBatchFullFeature: 128 neurons selected
KFSmoothBatchFullFeature: 128 neurons selected
KFSmoothBatchFullFeature: 128 neurons selected
KFSmoothBatchFullFeature: 128 neurons selected
KFSmoothBatchFullFeature: 128 neurons selected
KFSmoothBatchFullFeature: 128 neurons selected
KFSmoothBatchFullFeature: 128 neurons selected
KFSmoothBatchFullFeature: 128 neurons selected
KFSmoothBatchFullFeature: 128 neurons selected
KFSmoothBatchFullFeature: 128 neurons selected
KFSmoothBatchFullFeature: 128 neurons selected
KFSmoothBatchFullFeature: 128 neurons selected
KFSmoothBatchFullFeature: 128 neurons selected
KFSmoothBatchFullFeature: 128 neurons selected
KFSmoothBatchFullFeature: 128 neurons selected
KFSmoothBatchFullFeature: 128 neurons selected
KFSmoothBatchFullFeature: 128 neurons selected
KFSmoothBatchFullFeature: 128 neurons selected

 using encoder with additional noises  State space: ['hand_px', 'hand_py', 'hand_pz', 'hand_vx', 'hand_vy', 'hand_vz', 'offset'] 

<bound method GenericCosEncWithNoise._gen_fixed_gaussian_noise of <riglib.bmi.sim_neurons.GenericCosEncWithNoise object at 0x7fae76b21a60>>
changed encoder at cycle 18000
KFSmoothBatchFullFeature: 128 neurons selected
KFSmoothBatchFullFeature: 128 neurons selected
KFSmoothBatchFullFeature: 128 neurons selected
KFSmoothBatchFullFeature: 128 neurons selected
KFSmoothBatchFullFeature: 128 neurons selected
KFSmoothBatchFullFeature: 128 neurons selected
KFSmoothBatchFullFeature: 128 neurons selected
KFSmoothBatchFullFeature: 128 neurons selected
KFSmoothBatchFullFeature: 128 neurons selected
KFSmoothBatchFullFeature: 128 neurons selected
KFSmoothBatchFullFeature: 128 neurons selected
KFSmoothBatchFullFeature: 128 neurons selected
KFSmoothBatchFullFeature: 128 neurons selected
KFSmoothBatchFullFeature: 128 neurons selected
KFSmoothBatchFullFeature: 128 neurons selected
KFSmoothBatchFullFeature: 128 neurons selected
KFSmoothBatchFullFeature: 128 neurons selected
KFSmoothBatchFullFeature: 128 neurons selected
KFSmoothBatchFullFeature: 128 neurons selected
KFSmoothBatchFullFeature: 128 neurons selected
KFSmoothBatchFullFeature: 128 neurons selected
KFSmoothBatchFullFeature: 128 neurons selected
KFSmoothBatchFullFeature: 128 neurons selected
KFSmoothBatchFullFeature: 128 neurons selected
KFSmoothBatchFullFeature: 128 neurons selected
KFSmoothBatchFullFeature: 128 neurons selected
KFSmoothBatchFullFeature: 128 neurons selected
KFSmoothBatchFullFeature: 128 neurons selected
KFSmoothBatchFullFeature: 128 neurons selected
KFSmoothBatchFullFeature: 128 neurons selected
KFSmoothBatchFullFeature: 128 neurons selected
KFSmoothBatchFullFeature: 128 neurons selected
KFSmoothBatchFullFeature: 128 neurons selected
KFSmoothBatchFullFeature: 128 neurons selected
KFSmoothBatchFullFeature: 128 neurons selected
KFSmoothBatchFullFeature: 128 neurons selected
KFSmoothBatchFullFeature: 128 neurons selected
KFSmoothBatchFullFeature: 128 neurons selected
KFSmoothBatchFullFeature: 128 neurons selected
KFSmoothBatchFullFeature: 128 neurons selected
KFSmoothBatchFullFeature: 128 neurons selected
KFSmoothBatchFullFeature: 128 neurons selected
KFSmoothBatchFullFeature: 128 neurons selected
KFSmoothBatchFullFeature: 128 neurons selected
KFSmoothBatchFullFeature: 128 neurons selected
KFSmoothBatchFullFeature: 128 neurons selected
KFSmoothBatchFullFeature: 128 neurons selected
KFSmoothBatchFullFeature: 128 neurons selected
KFSmoothBatchFullFeature: 128 neurons selected
KFSmoothBatchFullFeature: 128 neurons selected
KFSmoothBatchFullFeature: 128 neurons selected
KFSmoothBatchFullFeature: 128 neurons selected
KFSmoothBatchFullFeature: 128 neurons selected
KFSmoothBatchFullFeature: 128 neurons selected
KFSmoothBatchFullFeature: 128 neurons selected
KFSmoothBatchFullFeature: 128 neurons selected
KFSmoothBatchFullFeature: 128 neurons selected
KFSmoothBatchFullFeature: 128 neurons selected
KFSmoothBatchFullFeature: 128 neurons selected
KFSmoothBatchFullFeature: 128 neurons selected
KFSmoothBatchFullFeature: 128 neurons selected
KFSmoothBatchFullFeature: 128 neurons selected
KFSmoothBatchFullFeature: 128 neurons selected
KFSmoothBatchFullFeature: 128 neurons selected
KFSmoothBatchFullFeature: 128 neurons selected
KFSmoothBatchFullFeature: 128 neurons selected
KFSmoothBatchFullFeature: 128 neurons selected
KFSmoothBatchFullFeature: 128 neurons selected
KFSmoothBatchFullFeature: 128 neurons selected
KFSmoothBatchFullFeature: 128 neurons selected
KFSmoothBatchFullFeature: 128 neurons selected
KFSmoothBatchFullFeature: 128 neurons selected
KFSmoothBatchFullFeature: 128 neurons selected
KFSmoothBatchFullFeature: 128 neurons selected
KFSmoothBatchFullFeature: 128 neurons selected
KFSmoothBatchFullFeature: 128 neurons selected
KFSmoothBatchFullFeature: 128 neurons selected
KFSmoothBatchFullFeature: 128 neurons selected
KFSmoothBatchFullFeature: 128 neurons selected
KFSmoothBatchFullFeature: 128 neurons selected
KFSmoothBatchFullFeature: 128 neurons selected
KFSmoothBatchFullFeature: 128 neurons selected
KFSmoothBatchFullFeature: 128 neurons selected
KFSmoothBatchFullFeature: 128 neurons selected
KFSmoothBatchFullFeature: 128 neurons selected
KFSmoothBatchFullFeature: 128 neurons selected
KFSmoothBatchFullFeature: 128 neurons selected
KFSmoothBatchFullFeature: 128 neurons selected
KFSmoothBatchFullFeature: 128 neurons selected
KFSmoothBatchFullFeature: 128 neurons selected
finish  at cycle_count: 72000
..........................HDFWriter: Saving datafile to /tmp/tmp86jvyf8w.h5
HDFWriter: opening file
HDFWriter registered 'sync_events'
HDFWriter registered 'sync_clock'
HDFWriter registered 'trials'
HDFWriter registered 'task'
Closed hdf
ended datasink
0
exit
end of FSM.run, task state is None
wait for 10s for hdf file to save
saving feature selection file name to /tmp/tmp86jvyf8w.h5
Writing new group: /feature_selection
Added feat_set
Added C_mat
Added Q_diag
Added K_mat
Done!
saving lasso feature selection file name to /tmp/tmp86jvyf8w.h5
Writing new group: /lasso_feature_selection
Added lasso_hist
Done!
Finished running  lasso_1.0_8_noise_32_128_100_3_clda_rho_0.5_batchlen_100_lasso_alpha_10_lasso_threshold_1_shuffle_rows_smooth_batch_with_full_feature
***********************************************************
***********************************************************

cp /tmp/tmp86jvyf8w.h5 /home/aolab/sijia/data/figure3_lasso/lasso_1.0_8_noise_32_128_100_3_clda_rho_0.5_batchlen_100_lasso_alpha_10_lasso_threshold_1_shuffle_rows_smooth_batch_with_full_feature.h5
cp /tmp/tmp86jvyf8w.h5.p /home/aolab/sijia/data/figure3_lasso/lasso_1.0_8_noise_32_128_100_3_clda_rho_0.5_batchlen_100_lasso_alpha_10_lasso_threshold_1_shuffle_rows_smooth_batch_with_full_feature.p
we have experimental conditions ['lasso_1.0_9_noise_32_128_100_3_clda_rho_0.5_batchlen_100_lasso_alpha_10_lasso_threshold_1_same']
simulation_setup_functions: get_enc_setup has a tuning_level of 1 

simulation_runs: set base class 
simulation_runs: selected SimKFDecoderRandom 

simulation_runs: set up encoder change with same
kwargs will be updated in a later time
the feature adaptation project is tracking dict_keys(['transform_x_flag', 'transform_y_flag', 'n_starting_feats', 'n_states', 'train_high_SNR_time', 'lasso_alpha', 'lasso_threshold', 'adaptive_lasso_flag', 'number_of_features', 'change_sim_c_at_cycle', 'new_sim_c']) 
we have got 1 exps

features.simulation_features.SimIntentionLQRController: LQRController used 


 features.simulation_features.SimFeedbackLearner: start to create a sim leaner with a batchsize of 100
features.simulation_features.SimSmoothBatch: rho in this simulation is  0.5

Use feature selector as a class feature with a a parent class
finished executing Experiment.__init__
in feature selector mod
use user supplied features
feature init: [array([False, False, False,  True, False, False,  True, False,  True,
       False,  True, False, False, False, False, False, False, False,
       False, False,  True,  True, False,  True, False,  True,  True,
       False,  True, False, False,  True, False, False, False,  True,
       False, False, False,  True, False, False, False,  True, False,
       False, False, False, False, False, False, False, False, False,
       False, False, False, False, False, False, False, False, False,
       False, False, False,  True,  True,  True, False,  True,  True,
       False, False, False,  True,  True, False, False, False, False,
       False,  True, False,  True,  True, False, False, False, False,
       False, False, False, False,  True, False,  True, False, False,
       False, False,  True,  True,  True, False, False, False, False,
       False, False,  True, False, False, False, False,  True, False,
       False, False, False, False,  True, False, False, False, False,
       False, False])]
feature selector: add initial decoder weights
feature_selection_feature: initialized lasso regression with an alpha of 10 and a max number of iteration of 10000
<class 'features.simulation_features.SimCosineTunedEncWithNoise'>: added CosineTunedEncWithNoise 
TimeCountDown: assume  fps to be 60
finished instantiated experiment 0




 using encoder with additional noises  State space: ['hand_px', 'hand_py', 'hand_pz', 'hand_vx', 'hand_vy', 'hand_vz', 'offset'] 

<bound method GenericCosEncWithNoise._gen_fixed_gaussian_noise of <riglib.bmi.sim_neurons.GenericCosEncWithNoise object at 0x7fae73f69610>>
neural encoder init function  <SimpleTargetCaptureWithHold(Thread-37, initial)>
features.simulation_features: added tracking of K matrix
sinkmanager start <class 'hdfwriter.hdfwriter.HDFWriter'>
Traceback (most recent call last):
  File "/home/aolab/sijia/brain-python-interface/riglib/bmi/bmi.py", line 1342, in cleanup_hdf
    self.write_clda_data_to_hdf_table(
  File "/home/aolab/sijia/brain-python-interface/riglib/bmi/bmi.py", line 1367, in write_clda_data_to_hdf_table
    log_file = open(os.path.expandvars('$HOME/code/bmi3d/log/clda_hdf_log'), 'a')
FileNotFoundError: [Errno 2] No such file or directory: '/home/aolab/code/bmi3d/log/clda_hdf_log'
/home/aolab/miniconda3/envs/sijia-feature-analysis/lib/python3.8/site-packages/aopy/preproc/bmi3d.py:382: UserWarning: Warning: no sync clock connected! This will usually result in problems.
  warnings.warn("Warning: no sync clock connected! This will usually result in problems.")
/home/aolab/miniconda3/envs/sijia-feature-analysis/lib/python3.8/site-packages/aopy/preproc/bmi3d.py:449: UserWarning: No sync events present, using bmi3d events instead
  warnings.warn("No sync events present, using bmi3d events instead")
<bmimultitasks.SimpleEndpointAssister object at 0x7fae72f7c880>
features.simulation_features: batch size is 100
Reset states for learner: 
[]
Done states for learner: 
[]

features.simulation_features.SimFeedbackLearner: flip the self.learn_flag to true
features.simulation_features.SimFeedbackLearner: succussfully created a feedback controller learner


SimSmoothBatch: created an updater with a batch time of 1 and a half_life of 1.0 

..........................finished initialize experiement  0
select_decoder_features: first time (128, 7) (128, 7)
active feature set is [False False False  True False False  True False  True False  True False
 False False False False False False False False  True  True False  True
 False  True  True False  True False False  True False False False  True
 False False False  True False False False  True False False False False
 False False False False False False False False False False False False
 False False False False False False  True  True  True False  True  True
 False False False  True  True False False False False False  True False
  True  True False False False False False False False False  True False
  True False False False False  True  True  True False False False False
 False False  True False False False False  True False False False False
 False  True False False False False False False]
after trans: (32, 7)
after trans: (32, 32)
decoder change flag to false
assist_level at final value after 0 successful trials
Warning: Cannot sync more than 1 event per cycle
Overwriting [b'EXP_START'] with TARGET_ON event
decoder does not change here at 600
decoder does not change here at 1200
decoder does not change here at 1800
decoder does not change here at 2400
decoder does not change here at 3000
decoder does not change here at 3600
decoder does not change here at 4200
decoder does not change here at 4800
decoder does not change here at 5400
decoder does not change here at 6000
decoder does not change here at 6600
decoder does not change here at 7200
decoder does not change here at 7800
decoder does not change here at 8400
decoder does not change here at 9000
decoder does not change here at 9600
decoder does not change here at 10200
decoder does not change here at 10800
decoder does not change here at 11400
decoder does not change here at 12000
decoder does not change here at 12600
decoder does not change here at 13200
decoder does not change here at 13800
decoder does not change here at 14400
decoder does not change here at 15000
decoder does not change here at 15600
decoder does not change here at 16200
decoder does not change here at 16800
decoder does not change here at 17400
decoder does not change here at 18000

 using encoder with additional noises  State space: ['hand_px', 'hand_py', 'hand_pz', 'hand_vx', 'hand_vy', 'hand_vz', 'offset'] 

<bound method GenericCosEncWithNoise._gen_fixed_gaussian_noise of <riglib.bmi.sim_neurons.GenericCosEncWithNoise object at 0x7fae740c68e0>>
changed encoder at cycle 18000
decoder does not change here at 18600
decoder does not change here at 19200
decoder does not change here at 19800
decoder does not change here at 20400
decoder does not change here at 21000
decoder does not change here at 21600
decoder does not change here at 22200
decoder does not change here at 22800
decoder does not change here at 23400
decoder does not change here at 24000
decoder does not change here at 24600
decoder does not change here at 25200
decoder does not change here at 25800
decoder does not change here at 26400
decoder does not change here at 27000
decoder does not change here at 27600
decoder does not change here at 28200
decoder does not change here at 28800
decoder does not change here at 29400
decoder does not change here at 30000
decoder does not change here at 30600
decoder does not change here at 31200
decoder does not change here at 31800
decoder does not change here at 32400
decoder does not change here at 33000
observations have counts >> 1000 
observations have counts >> 1000 
decoder does not change here at 33600
decoder does not change here at 34200
observations have counts >> 1000 
observations have counts >> 1000 
observations have counts >> 1000 
observations have counts >> 1000 
observations have counts >> 1000 
decoder does not change here at 34800
decoder does not change here at 35400
observations have counts >> 1000 
decoder does not change here at 36000
decoder does not change here at 36600
decoder does not change here at 37200
decoder does not change here at 37800
decoder does not change here at 38400
decoder does not change here at 39000
decoder does not change here at 39600
decoder does not change here at 40200
decoder does not change here at 40800
decoder does not change here at 41400
decoder does not change here at 42000
decoder does not change here at 42600
decoder does not change here at 43200
decoder does not change here at 43800
decoder does not change here at 44400
decoder does not change here at 45000
decoder does not change here at 45600
decoder does not change here at 46200
decoder does not change here at 46800
decoder does not change here at 47400
decoder does not change here at 48000
decoder does not change here at 48600
decoder does not change here at 49200
decoder does not change here at 49800
decoder does not change here at 50400
decoder does not change here at 51000
decoder does not change here at 51600
decoder does not change here at 52200
decoder does not change here at 52800
decoder does not change here at 53400
decoder does not change here at 54000
decoder does not change here at 54600
decoder does not change here at 55200
decoder does not change here at 55800
observations have counts >> 1000 
observations have counts >> 1000 
observations have counts >> 1000 
observations have counts >> 1000 
observations have counts >> 1000 
observations have counts >> 1000 
observations have counts >> 1000 
decoder does not change here at 56400
observations have counts >> 1000 
decoder does not change here at 57000
observations have counts >> 1000 
decoder does not change here at 57600
decoder does not change here at 58200
decoder does not change here at 58800
decoder does not change here at 59400
decoder does not change here at 60000
decoder does not change here at 60600
decoder does not change here at 61200
decoder does not change here at 61800
observations have counts >> 1000 
decoder does not change here at 62400
decoder does not change here at 63000
decoder does not change here at 63600
decoder does not change here at 64200
decoder does not change here at 64800
decoder does not change here at 65400
decoder does not change here at 66000
observations have counts >> 1000 
decoder does not change here at 66600
observations have counts >> 1000 
observations have counts >> 1000 
decoder does not change here at 67200
observations have counts >> 1000 
decoder does not change here at 67800
decoder does not change here at 68400
decoder does not change here at 69000
observations have counts >> 1000 
decoder does not change here at 69600
decoder does not change here at 70200
decoder does not change here at 70800
decoder does not change here at 71400
observations have counts >> 1000 
decoder does not change here at 72000
finish  at cycle_count: 72000
/home/aolab/miniconda3/envs/sijia-feature-analysis/lib/python3.8/site-packages/sklearn/linear_model/_coordinate_descent.py:529: ConvergenceWarning: Objective did not converge. You might want to increase the number of iterations. Duality gap: 1.7072510013935016, tolerance: 0.87098828070455
  model = cd_fast.enet_coordinate_descent(
..........................HDFWriter: Saving datafile to /tmp/tmpeapztjxa.h5
HDFWriter: opening file
HDFWriter registered 'sync_events'
HDFWriter registered 'sync_clock'
HDFWriter registered 'trials'
HDFWriter registered 'task'
Closed hdf
ended datasink
0
exit
end of FSM.run, task state is None
wait for 10s for hdf file to save
saving feature selection file name to /tmp/tmpeapztjxa.h5
Writing new group: /feature_selection
Added feat_set
Added C_mat
Added Q_diag
Added K_mat
Done!
saving lasso feature selection file name to /tmp/tmpeapztjxa.h5
Writing new group: /lasso_feature_selection
Added lasso_hist
Done!
Finished running  lasso_1.0_9_noise_32_128_100_3_clda_rho_0.5_batchlen_100_lasso_alpha_10_lasso_threshold_1_same
***********************************************************
***********************************************************

cp /tmp/tmpeapztjxa.h5 /home/aolab/sijia/data/figure3_lasso/lasso_1.0_9_noise_32_128_100_3_clda_rho_0.5_batchlen_100_lasso_alpha_10_lasso_threshold_1_same.h5
cp /tmp/tmpeapztjxa.h5.p /home/aolab/sijia/data/figure3_lasso/lasso_1.0_9_noise_32_128_100_3_clda_rho_0.5_batchlen_100_lasso_alpha_10_lasso_threshold_1_same.p
we have experimental conditions ['lasso_1.0_9_noise_32_128_100_3_clda_rho_0.5_batchlen_100_lasso_alpha_10_lasso_threshold_1_same_smooth_batch_with_full_feature']
simulation_setup_functions: get_enc_setup has a tuning_level of 1 

simulation_runs: set base class 
simulation_runs: selected SimKFDecoderRandom 

simulation_runs: set up encoder change with same
kwargs will be updated in a later time
the feature adaptation project is tracking dict_keys(['transform_x_flag', 'transform_y_flag', 'n_starting_feats', 'n_states', 'train_high_SNR_time', 'lasso_alpha', 'lasso_threshold', 'adaptive_lasso_flag', 'number_of_features', 'change_sim_c_at_cycle', 'new_sim_c']) 
we have got 1 exps

features.simulation_features.SimIntentionLQRController: LQRController used 


 features.simulation_features.SimFeedbackLearner: start to create a sim leaner with a batchsize of 100
features.simulation_features.SimSmoothBatch: rho in this simulation is  0.5

Use feature selector as a class feature with a a parent class
finished executing Experiment.__init__
in feature selector mod
use user supplied features
feature init: [array([False, False, False,  True, False, False,  True, False,  True,
       False,  True, False, False, False, False, False, False, False,
       False, False,  True,  True, False,  True, False,  True,  True,
       False,  True, False, False,  True, False, False, False,  True,
       False, False, False,  True, False, False, False,  True, False,
       False, False, False, False, False, False, False, False, False,
       False, False, False, False, False, False, False, False, False,
       False, False, False,  True,  True,  True, False,  True,  True,
       False, False, False,  True,  True, False, False, False, False,
       False,  True, False,  True,  True, False, False, False, False,
       False, False, False, False,  True, False,  True, False, False,
       False, False,  True,  True,  True, False, False, False, False,
       False, False,  True, False, False, False, False,  True, False,
       False, False, False, False,  True, False, False, False, False,
       False, False])]
feature selector: add initial decoder weights
feature_selection_feature: initialized lasso regression with an alpha of 10 and a max number of iteration of 10000
<class 'features.simulation_features.SimCosineTunedEncWithNoise'>: added CosineTunedEncWithNoise 
TimeCountDown: assume  fps to be 60
finished instantiated experiment 0




 using encoder with additional noises  State space: ['hand_px', 'hand_py', 'hand_pz', 'hand_vx', 'hand_vy', 'hand_vz', 'offset'] 

<bound method GenericCosEncWithNoise._gen_fixed_gaussian_noise of <riglib.bmi.sim_neurons.GenericCosEncWithNoise object at 0x7faf7fbd7880>>
neural encoder init function  <SimpleTargetCaptureWithHold(Thread-38, initial)>
features.simulation_features: added tracking of K matrix
sinkmanager start <class 'hdfwriter.hdfwriter.HDFWriter'>
Traceback (most recent call last):
  File "/home/aolab/sijia/brain-python-interface/riglib/bmi/bmi.py", line 1342, in cleanup_hdf
    self.write_clda_data_to_hdf_table(
  File "/home/aolab/sijia/brain-python-interface/riglib/bmi/bmi.py", line 1367, in write_clda_data_to_hdf_table
    log_file = open(os.path.expandvars('$HOME/code/bmi3d/log/clda_hdf_log'), 'a')
FileNotFoundError: [Errno 2] No such file or directory: '/home/aolab/code/bmi3d/log/clda_hdf_log'
/home/aolab/miniconda3/envs/sijia-feature-analysis/lib/python3.8/site-packages/aopy/preproc/bmi3d.py:382: UserWarning: Warning: no sync clock connected! This will usually result in problems.
  warnings.warn("Warning: no sync clock connected! This will usually result in problems.")
/home/aolab/miniconda3/envs/sijia-feature-analysis/lib/python3.8/site-packages/aopy/preproc/bmi3d.py:449: UserWarning: No sync events present, using bmi3d events instead
  warnings.warn("No sync events present, using bmi3d events instead")
<bmimultitasks.SimpleEndpointAssister object at 0x7faf7fbd0040>
features.simulation_features: batch size is 100
Reset states for learner: 
[]
Done states for learner: 
[]

features.simulation_features.SimFeedbackLearner: flip the self.learn_flag to true
features.simulation_features.SimFeedbackLearner: succussfully created a feedback controller learner


SimSmoothBatchFullFeature: created a FULL FEATURE updater with a batch time of 1 and a half_life of 1.0 

..........................finished initialize experiement  0
select_decoder_features: first time (128, 7) (128, 7)
active feature set is [False False False  True False False  True False  True False  True False
 False False False False False False False False  True  True False  True
 False  True  True False  True False False  True False False False  True
 False False False  True False False False  True False False False False
 False False False False False False False False False False False False
 False False False False False False  True  True  True False  True  True
 False False False  True  True False False False False False  True False
  True  True False False False False False False False False  True False
  True False False False False  True  True  True False False False False
 False False  True False False False False  True False False False False
 False  True False False False False False False]
after trans: (32, 7)
after trans: (32, 32)
decoder change flag to false
assist_level at final value after 0 successful trials
Warning: Cannot sync more than 1 event per cycle
Overwriting [b'EXP_START'] with TARGET_ON event
KFSmoothBatchFullFeature: 128 neurons selected
KFSmoothBatchFullFeature: 128 neurons selected
KFSmoothBatchFullFeature: 128 neurons selected
KFSmoothBatchFullFeature: 128 neurons selected
KFSmoothBatchFullFeature: 128 neurons selected
KFSmoothBatchFullFeature: 128 neurons selected
KFSmoothBatchFullFeature: 128 neurons selected
KFSmoothBatchFullFeature: 128 neurons selected
KFSmoothBatchFullFeature: 128 neurons selected
KFSmoothBatchFullFeature: 128 neurons selected
KFSmoothBatchFullFeature: 128 neurons selected
KFSmoothBatchFullFeature: 128 neurons selected
KFSmoothBatchFullFeature: 128 neurons selected
KFSmoothBatchFullFeature: 128 neurons selected
KFSmoothBatchFullFeature: 128 neurons selected
KFSmoothBatchFullFeature: 128 neurons selected
KFSmoothBatchFullFeature: 128 neurons selected
KFSmoothBatchFullFeature: 128 neurons selected
KFSmoothBatchFullFeature: 128 neurons selected
KFSmoothBatchFullFeature: 128 neurons selected
KFSmoothBatchFullFeature: 128 neurons selected
KFSmoothBatchFullFeature: 128 neurons selected
KFSmoothBatchFullFeature: 128 neurons selected
KFSmoothBatchFullFeature: 128 neurons selected
KFSmoothBatchFullFeature: 128 neurons selected
KFSmoothBatchFullFeature: 128 neurons selected
KFSmoothBatchFullFeature: 128 neurons selected
KFSmoothBatchFullFeature: 128 neurons selected
KFSmoothBatchFullFeature: 128 neurons selected
KFSmoothBatchFullFeature: 128 neurons selected

 using encoder with additional noises  State space: ['hand_px', 'hand_py', 'hand_pz', 'hand_vx', 'hand_vy', 'hand_vz', 'offset'] 

<bound method GenericCosEncWithNoise._gen_fixed_gaussian_noise of <riglib.bmi.sim_neurons.GenericCosEncWithNoise object at 0x7faf7fba4e20>>
changed encoder at cycle 18000
KFSmoothBatchFullFeature: 128 neurons selected
KFSmoothBatchFullFeature: 128 neurons selected
KFSmoothBatchFullFeature: 128 neurons selected
KFSmoothBatchFullFeature: 128 neurons selected
KFSmoothBatchFullFeature: 128 neurons selected
KFSmoothBatchFullFeature: 128 neurons selected
KFSmoothBatchFullFeature: 128 neurons selected
KFSmoothBatchFullFeature: 128 neurons selected
KFSmoothBatchFullFeature: 128 neurons selected
KFSmoothBatchFullFeature: 128 neurons selected
KFSmoothBatchFullFeature: 128 neurons selected
KFSmoothBatchFullFeature: 128 neurons selected
KFSmoothBatchFullFeature: 128 neurons selected
KFSmoothBatchFullFeature: 128 neurons selected
KFSmoothBatchFullFeature: 128 neurons selected
KFSmoothBatchFullFeature: 128 neurons selected
KFSmoothBatchFullFeature: 128 neurons selected
KFSmoothBatchFullFeature: 128 neurons selected
KFSmoothBatchFullFeature: 128 neurons selected
KFSmoothBatchFullFeature: 128 neurons selected
KFSmoothBatchFullFeature: 128 neurons selected
KFSmoothBatchFullFeature: 128 neurons selected
KFSmoothBatchFullFeature: 128 neurons selected
KFSmoothBatchFullFeature: 128 neurons selected
KFSmoothBatchFullFeature: 128 neurons selected
KFSmoothBatchFullFeature: 128 neurons selected
KFSmoothBatchFullFeature: 128 neurons selected
KFSmoothBatchFullFeature: 128 neurons selected
KFSmoothBatchFullFeature: 128 neurons selected
KFSmoothBatchFullFeature: 128 neurons selected
KFSmoothBatchFullFeature: 128 neurons selected
KFSmoothBatchFullFeature: 128 neurons selected
KFSmoothBatchFullFeature: 128 neurons selected
KFSmoothBatchFullFeature: 128 neurons selected
KFSmoothBatchFullFeature: 128 neurons selected
KFSmoothBatchFullFeature: 128 neurons selected
KFSmoothBatchFullFeature: 128 neurons selected
KFSmoothBatchFullFeature: 128 neurons selected
KFSmoothBatchFullFeature: 128 neurons selected
KFSmoothBatchFullFeature: 128 neurons selected
KFSmoothBatchFullFeature: 128 neurons selected
KFSmoothBatchFullFeature: 128 neurons selected
KFSmoothBatchFullFeature: 128 neurons selected
KFSmoothBatchFullFeature: 128 neurons selected
KFSmoothBatchFullFeature: 128 neurons selected
KFSmoothBatchFullFeature: 128 neurons selected
KFSmoothBatchFullFeature: 128 neurons selected
KFSmoothBatchFullFeature: 128 neurons selected
KFSmoothBatchFullFeature: 128 neurons selected
KFSmoothBatchFullFeature: 128 neurons selected
KFSmoothBatchFullFeature: 128 neurons selected
KFSmoothBatchFullFeature: 128 neurons selected
KFSmoothBatchFullFeature: 128 neurons selected
KFSmoothBatchFullFeature: 128 neurons selected
KFSmoothBatchFullFeature: 128 neurons selected
KFSmoothBatchFullFeature: 128 neurons selected
KFSmoothBatchFullFeature: 128 neurons selected
KFSmoothBatchFullFeature: 128 neurons selected
KFSmoothBatchFullFeature: 128 neurons selected
KFSmoothBatchFullFeature: 128 neurons selected
KFSmoothBatchFullFeature: 128 neurons selected
KFSmoothBatchFullFeature: 128 neurons selected
KFSmoothBatchFullFeature: 128 neurons selected
KFSmoothBatchFullFeature: 128 neurons selected
KFSmoothBatchFullFeature: 128 neurons selected
KFSmoothBatchFullFeature: 128 neurons selected
KFSmoothBatchFullFeature: 128 neurons selected
KFSmoothBatchFullFeature: 128 neurons selected
KFSmoothBatchFullFeature: 128 neurons selected
KFSmoothBatchFullFeature: 128 neurons selected
KFSmoothBatchFullFeature: 128 neurons selected
KFSmoothBatchFullFeature: 128 neurons selected
KFSmoothBatchFullFeature: 128 neurons selected
KFSmoothBatchFullFeature: 128 neurons selected
KFSmoothBatchFullFeature: 128 neurons selected
KFSmoothBatchFullFeature: 128 neurons selected
KFSmoothBatchFullFeature: 128 neurons selected
KFSmoothBatchFullFeature: 128 neurons selected
KFSmoothBatchFullFeature: 128 neurons selected
KFSmoothBatchFullFeature: 128 neurons selected
KFSmoothBatchFullFeature: 128 neurons selected
KFSmoothBatchFullFeature: 128 neurons selected
KFSmoothBatchFullFeature: 128 neurons selected
KFSmoothBatchFullFeature: 128 neurons selected
KFSmoothBatchFullFeature: 128 neurons selected
KFSmoothBatchFullFeature: 128 neurons selected
KFSmoothBatchFullFeature: 128 neurons selected
KFSmoothBatchFullFeature: 128 neurons selected
KFSmoothBatchFullFeature: 128 neurons selected
KFSmoothBatchFullFeature: 128 neurons selected
finish  at cycle_count: 72000
..........................HDFWriter: Saving datafile to /tmp/tmphc6g6ijl.h5
HDFWriter: opening file
HDFWriter registered 'sync_events'
HDFWriter registered 'sync_clock'
HDFWriter registered 'trials'
HDFWriter registered 'task'
Closed hdf
ended datasink
0
exit
end of FSM.run, task state is None
wait for 10s for hdf file to save
saving feature selection file name to /tmp/tmphc6g6ijl.h5
Writing new group: /feature_selection
Added feat_set
Added C_mat
Added Q_diag
Added K_mat
Done!
saving lasso feature selection file name to /tmp/tmphc6g6ijl.h5
Writing new group: /lasso_feature_selection
Added lasso_hist
Done!
Finished running  lasso_1.0_9_noise_32_128_100_3_clda_rho_0.5_batchlen_100_lasso_alpha_10_lasso_threshold_1_same_smooth_batch_with_full_feature
***********************************************************
***********************************************************

cp /tmp/tmphc6g6ijl.h5 /home/aolab/sijia/data/figure3_lasso/lasso_1.0_9_noise_32_128_100_3_clda_rho_0.5_batchlen_100_lasso_alpha_10_lasso_threshold_1_same_smooth_batch_with_full_feature.h5
cp /tmp/tmphc6g6ijl.h5.p /home/aolab/sijia/data/figure3_lasso/lasso_1.0_9_noise_32_128_100_3_clda_rho_0.5_batchlen_100_lasso_alpha_10_lasso_threshold_1_same_smooth_batch_with_full_feature.p
we have experimental conditions ['lasso_1.0_9_noise_32_128_100_3_clda_rho_0.5_batchlen_100_lasso_alpha_10_lasso_threshold_1_shuffle_rows']
simulation_setup_functions: get_enc_setup has a tuning_level of 1 

simulation_runs: set base class 
simulation_runs: selected SimKFDecoderRandom 

simulation_runs: set up encoder change with shuffle_rows
kwargs will be updated in a later time
the feature adaptation project is tracking dict_keys(['transform_x_flag', 'transform_y_flag', 'n_starting_feats', 'n_states', 'train_high_SNR_time', 'lasso_alpha', 'lasso_threshold', 'adaptive_lasso_flag', 'number_of_features', 'change_sim_c_at_cycle', 'new_sim_c']) 
we have got 1 exps

features.simulation_features.SimIntentionLQRController: LQRController used 


 features.simulation_features.SimFeedbackLearner: start to create a sim leaner with a batchsize of 100
features.simulation_features.SimSmoothBatch: rho in this simulation is  0.5

Use feature selector as a class feature with a a parent class
finished executing Experiment.__init__
in feature selector mod
use user supplied features
feature init: [array([False, False, False,  True, False, False,  True, False,  True,
       False,  True, False, False, False, False, False, False, False,
       False, False,  True,  True, False,  True, False,  True,  True,
       False,  True, False, False,  True, False, False, False,  True,
       False, False, False,  True, False, False, False,  True, False,
       False, False, False, False, False, False, False, False, False,
       False, False, False, False, False, False, False, False, False,
       False, False, False,  True,  True,  True, False,  True,  True,
       False, False, False,  True,  True, False, False, False, False,
       False,  True, False,  True,  True, False, False, False, False,
       False, False, False, False,  True, False,  True, False, False,
       False, False,  True,  True,  True, False, False, False, False,
       False, False,  True, False, False, False, False,  True, False,
       False, False, False, False,  True, False, False, False, False,
       False, False])]
feature selector: add initial decoder weights
feature_selection_feature: initialized lasso regression with an alpha of 10 and a max number of iteration of 10000
<class 'features.simulation_features.SimCosineTunedEncWithNoise'>: added CosineTunedEncWithNoise 
TimeCountDown: assume  fps to be 60
finished instantiated experiment 0




 using encoder with additional noises  State space: ['hand_px', 'hand_py', 'hand_pz', 'hand_vx', 'hand_vy', 'hand_vz', 'offset'] 

<bound method GenericCosEncWithNoise._gen_fixed_gaussian_noise of <riglib.bmi.sim_neurons.GenericCosEncWithNoise object at 0x7fae740fb580>>
neural encoder init function  <SimpleTargetCaptureWithHold(Thread-39, initial)>
features.simulation_features: added tracking of K matrix
sinkmanager start <class 'hdfwriter.hdfwriter.HDFWriter'>
Traceback (most recent call last):
  File "/home/aolab/sijia/brain-python-interface/riglib/bmi/bmi.py", line 1342, in cleanup_hdf
    self.write_clda_data_to_hdf_table(
  File "/home/aolab/sijia/brain-python-interface/riglib/bmi/bmi.py", line 1367, in write_clda_data_to_hdf_table
    log_file = open(os.path.expandvars('$HOME/code/bmi3d/log/clda_hdf_log'), 'a')
FileNotFoundError: [Errno 2] No such file or directory: '/home/aolab/code/bmi3d/log/clda_hdf_log'
/home/aolab/miniconda3/envs/sijia-feature-analysis/lib/python3.8/site-packages/aopy/preproc/bmi3d.py:382: UserWarning: Warning: no sync clock connected! This will usually result in problems.
  warnings.warn("Warning: no sync clock connected! This will usually result in problems.")
/home/aolab/miniconda3/envs/sijia-feature-analysis/lib/python3.8/site-packages/aopy/preproc/bmi3d.py:449: UserWarning: No sync events present, using bmi3d events instead
  warnings.warn("No sync events present, using bmi3d events instead")
<bmimultitasks.SimpleEndpointAssister object at 0x7fae740fb4c0>
features.simulation_features: batch size is 100
Reset states for learner: 
[]
Done states for learner: 
[]

features.simulation_features.SimFeedbackLearner: flip the self.learn_flag to true
features.simulation_features.SimFeedbackLearner: succussfully created a feedback controller learner


SimSmoothBatch: created an updater with a batch time of 1 and a half_life of 1.0 

..........................finished initialize experiement  0
select_decoder_features: first time (128, 7) (128, 7)
active feature set is [False False False  True False False  True False  True False  True False
 False False False False False False False False  True  True False  True
 False  True  True False  True False False  True False False False  True
 False False False  True False False False  True False False False False
 False False False False False False False False False False False False
 False False False False False False  True  True  True False  True  True
 False False False  True  True False False False False False  True False
  True  True False False False False False False False False  True False
  True False False False False  True  True  True False False False False
 False False  True False False False False  True False False False False
 False  True False False False False False False]
after trans: (32, 7)
after trans: (32, 32)
decoder change flag to false
assist_level at final value after 0 successful trials
Warning: Cannot sync more than 1 event per cycle
Overwriting [b'EXP_START'] with TARGET_ON event
decoder does not change here at 600
decoder does not change here at 1200
decoder does not change here at 1800
decoder does not change here at 2400
decoder does not change here at 3000
decoder does not change here at 3600
decoder does not change here at 4200
decoder does not change here at 4800
decoder does not change here at 5400
decoder does not change here at 6000
decoder does not change here at 6600
decoder does not change here at 7200
decoder does not change here at 7800
decoder does not change here at 8400
decoder does not change here at 9000
observations have counts >> 1000 
decoder does not change here at 9600
decoder does not change here at 10200
decoder does not change here at 10800
observations have counts >> 1000 
observations have counts >> 1000 
observations have counts >> 1000 
decoder does not change here at 11400
decoder does not change here at 12000
decoder does not change here at 12600
decoder does not change here at 13200
decoder does not change here at 13800
decoder does not change here at 14400
decoder does not change here at 15000
decoder does not change here at 15600
decoder does not change here at 16200
decoder does not change here at 16800
decoder does not change here at 17400
decoder does not change here at 18000

 using encoder with additional noises  State space: ['hand_px', 'hand_py', 'hand_pz', 'hand_vx', 'hand_vy', 'hand_vz', 'offset'] 

<bound method GenericCosEncWithNoise._gen_fixed_gaussian_noise of <riglib.bmi.sim_neurons.GenericCosEncWithNoise object at 0x7faf7fbe1520>>
changed encoder at cycle 18000
decoder does not change here at 18600
decoder does not change here at 19200
decoder does not change here at 19800
decoder does not change here at 20400
observations have counts >> 1000 
observations have counts >> 1000 
decoder does not change here at 21000
decoder does not change here at 21600
decoder does not change here at 22200
decoder does not change here at 22800
decoder does not change here at 23400
decoder does not change here at 24000
decoder does not change here at 24600
decoder does not change here at 25200
decoder does not change here at 25800
observations have counts >> 1000 
decoder does not change here at 26400
decoder does not change here at 27000
decoder does not change here at 27600
decoder does not change here at 28200
observations have counts >> 1000 
decoder does not change here at 28800
decoder does not change here at 29400
decoder does not change here at 30000
decoder does not change here at 30600
decoder does not change here at 31200
decoder does not change here at 31800
decoder does not change here at 32400
decoder does not change here at 33000
decoder does not change here at 33600
decoder does not change here at 34200
decoder does not change here at 34800
decoder does not change here at 35400
decoder does not change here at 36000
decoder does not change here at 36600
decoder does not change here at 37200
decoder does not change here at 37800
decoder does not change here at 38400
decoder does not change here at 39000
decoder does not change here at 39600
decoder does not change here at 40200
decoder does not change here at 40800
decoder does not change here at 41400
decoder does not change here at 42000
decoder does not change here at 42600
decoder does not change here at 43200
decoder does not change here at 43800
decoder does not change here at 44400
decoder does not change here at 45000
decoder does not change here at 45600
decoder does not change here at 46200
observations have counts >> 1000 
observations have counts >> 1000 
decoder does not change here at 46800
decoder does not change here at 47400
decoder does not change here at 48000
decoder does not change here at 48600
observations have counts >> 1000 
observations have counts >> 1000 
observations have counts >> 1000 
observations have counts >> 1000 
decoder does not change here at 49200
observations have counts >> 1000 
decoder does not change here at 49800
decoder does not change here at 50400
decoder does not change here at 51000
decoder does not change here at 51600
decoder does not change here at 52200
decoder does not change here at 52800
decoder does not change here at 53400
decoder does not change here at 54000
decoder does not change here at 54600
decoder does not change here at 55200
decoder does not change here at 55800
decoder does not change here at 56400
decoder does not change here at 57000
decoder does not change here at 57600
decoder does not change here at 58200
decoder does not change here at 58800
decoder does not change here at 59400
decoder does not change here at 60000
observations have counts >> 1000 
decoder does not change here at 60600
decoder does not change here at 61200
decoder does not change here at 61800
observations have counts >> 1000 
decoder does not change here at 62400
decoder does not change here at 63000
decoder does not change here at 63600
decoder does not change here at 64200
decoder does not change here at 64800
decoder does not change here at 65400
decoder does not change here at 66000
decoder does not change here at 66600
decoder does not change here at 67200
decoder does not change here at 67800
decoder does not change here at 68400
decoder does not change here at 69000
decoder does not change here at 69600
decoder does not change here at 70200
decoder does not change here at 70800
decoder does not change here at 71400
decoder does not change here at 72000
finish  at cycle_count: 72000
..........................HDFWriter: Saving datafile to /tmp/tmp4pcfbm01.h5
HDFWriter: opening file
HDFWriter registered 'sync_events'
HDFWriter registered 'sync_clock'
HDFWriter registered 'trials'
HDFWriter registered 'task'
Closed hdf
ended datasink
0
exit
end of FSM.run, task state is None
wait for 10s for hdf file to save
saving feature selection file name to /tmp/tmp4pcfbm01.h5
Writing new group: /feature_selection
Added feat_set
Added C_mat
Added Q_diag
Added K_mat
Done!
saving lasso feature selection file name to /tmp/tmp4pcfbm01.h5
Writing new group: /lasso_feature_selection
Added lasso_hist
Done!
Finished running  lasso_1.0_9_noise_32_128_100_3_clda_rho_0.5_batchlen_100_lasso_alpha_10_lasso_threshold_1_shuffle_rows
***********************************************************
***********************************************************

cp /tmp/tmp4pcfbm01.h5 /home/aolab/sijia/data/figure3_lasso/lasso_1.0_9_noise_32_128_100_3_clda_rho_0.5_batchlen_100_lasso_alpha_10_lasso_threshold_1_shuffle_rows.h5
cp /tmp/tmp4pcfbm01.h5.p /home/aolab/sijia/data/figure3_lasso/lasso_1.0_9_noise_32_128_100_3_clda_rho_0.5_batchlen_100_lasso_alpha_10_lasso_threshold_1_shuffle_rows.p
we have experimental conditions ['lasso_1.0_9_noise_32_128_100_3_clda_rho_0.5_batchlen_100_lasso_alpha_10_lasso_threshold_1_shuffle_rows_smooth_batch_with_full_feature']
simulation_setup_functions: get_enc_setup has a tuning_level of 1 

simulation_runs: set base class 
simulation_runs: selected SimKFDecoderRandom 

simulation_runs: set up encoder change with shuffle_rows
kwargs will be updated in a later time
the feature adaptation project is tracking dict_keys(['transform_x_flag', 'transform_y_flag', 'n_starting_feats', 'n_states', 'train_high_SNR_time', 'lasso_alpha', 'lasso_threshold', 'adaptive_lasso_flag', 'number_of_features', 'change_sim_c_at_cycle', 'new_sim_c']) 
we have got 1 exps

features.simulation_features.SimIntentionLQRController: LQRController used 


 features.simulation_features.SimFeedbackLearner: start to create a sim leaner with a batchsize of 100
features.simulation_features.SimSmoothBatch: rho in this simulation is  0.5

Use feature selector as a class feature with a a parent class
finished executing Experiment.__init__
in feature selector mod
use user supplied features
feature init: [array([False, False, False,  True, False, False,  True, False,  True,
       False,  True, False, False, False, False, False, False, False,
       False, False,  True,  True, False,  True, False,  True,  True,
       False,  True, False, False,  True, False, False, False,  True,
       False, False, False,  True, False, False, False,  True, False,
       False, False, False, False, False, False, False, False, False,
       False, False, False, False, False, False, False, False, False,
       False, False, False,  True,  True,  True, False,  True,  True,
       False, False, False,  True,  True, False, False, False, False,
       False,  True, False,  True,  True, False, False, False, False,
       False, False, False, False,  True, False,  True, False, False,
       False, False,  True,  True,  True, False, False, False, False,
       False, False,  True, False, False, False, False,  True, False,
       False, False, False, False,  True, False, False, False, False,
       False, False])]
feature selector: add initial decoder weights
feature_selection_feature: initialized lasso regression with an alpha of 10 and a max number of iteration of 10000
<class 'features.simulation_features.SimCosineTunedEncWithNoise'>: added CosineTunedEncWithNoise 
TimeCountDown: assume  fps to be 60
finished instantiated experiment 0




 using encoder with additional noises  State space: ['hand_px', 'hand_py', 'hand_pz', 'hand_vx', 'hand_vy', 'hand_vz', 'offset'] 

<bound method GenericCosEncWithNoise._gen_fixed_gaussian_noise of <riglib.bmi.sim_neurons.GenericCosEncWithNoise object at 0x7fae72f7c1f0>>
neural encoder init function  <SimpleTargetCaptureWithHold(Thread-40, initial)>
features.simulation_features: added tracking of K matrix
sinkmanager start <class 'hdfwriter.hdfwriter.HDFWriter'>
Traceback (most recent call last):
  File "/home/aolab/sijia/brain-python-interface/riglib/bmi/bmi.py", line 1342, in cleanup_hdf
    self.write_clda_data_to_hdf_table(
  File "/home/aolab/sijia/brain-python-interface/riglib/bmi/bmi.py", line 1367, in write_clda_data_to_hdf_table
    log_file = open(os.path.expandvars('$HOME/code/bmi3d/log/clda_hdf_log'), 'a')
FileNotFoundError: [Errno 2] No such file or directory: '/home/aolab/code/bmi3d/log/clda_hdf_log'
/home/aolab/miniconda3/envs/sijia-feature-analysis/lib/python3.8/site-packages/aopy/preproc/bmi3d.py:382: UserWarning: Warning: no sync clock connected! This will usually result in problems.
  warnings.warn("Warning: no sync clock connected! This will usually result in problems.")
/home/aolab/miniconda3/envs/sijia-feature-analysis/lib/python3.8/site-packages/aopy/preproc/bmi3d.py:449: UserWarning: No sync events present, using bmi3d events instead
  warnings.warn("No sync events present, using bmi3d events instead")
<bmimultitasks.SimpleEndpointAssister object at 0x7fae740d7eb0>
features.simulation_features: batch size is 100
Reset states for learner: 
[]
Done states for learner: 
[]

features.simulation_features.SimFeedbackLearner: flip the self.learn_flag to true
features.simulation_features.SimFeedbackLearner: succussfully created a feedback controller learner


SimSmoothBatchFullFeature: created a FULL FEATURE updater with a batch time of 1 and a half_life of 1.0 

..........................finished initialize experiement  0
select_decoder_features: first time (128, 7) (128, 7)
active feature set is [False False False  True False False  True False  True False  True False
 False False False False False False False False  True  True False  True
 False  True  True False  True False False  True False False False  True
 False False False  True False False False  True False False False False
 False False False False False False False False False False False False
 False False False False False False  True  True  True False  True  True
 False False False  True  True False False False False False  True False
  True  True False False False False False False False False  True False
  True False False False False  True  True  True False False False False
 False False  True False False False False  True False False False False
 False  True False False False False False False]
after trans: (32, 7)
after trans: (32, 32)
decoder change flag to false
assist_level at final value after 0 successful trials
Warning: Cannot sync more than 1 event per cycle
Overwriting [b'EXP_START'] with TARGET_ON event
KFSmoothBatchFullFeature: 128 neurons selected
KFSmoothBatchFullFeature: 128 neurons selected
KFSmoothBatchFullFeature: 128 neurons selected
KFSmoothBatchFullFeature: 128 neurons selected
KFSmoothBatchFullFeature: 128 neurons selected
KFSmoothBatchFullFeature: 128 neurons selected
KFSmoothBatchFullFeature: 128 neurons selected
KFSmoothBatchFullFeature: 128 neurons selected
KFSmoothBatchFullFeature: 128 neurons selected
KFSmoothBatchFullFeature: 128 neurons selected
KFSmoothBatchFullFeature: 128 neurons selected
KFSmoothBatchFullFeature: 128 neurons selected
KFSmoothBatchFullFeature: 128 neurons selected
KFSmoothBatchFullFeature: 128 neurons selected
KFSmoothBatchFullFeature: 128 neurons selected
KFSmoothBatchFullFeature: 128 neurons selected
KFSmoothBatchFullFeature: 128 neurons selected
KFSmoothBatchFullFeature: 128 neurons selected
KFSmoothBatchFullFeature: 128 neurons selected
KFSmoothBatchFullFeature: 128 neurons selected
KFSmoothBatchFullFeature: 128 neurons selected
KFSmoothBatchFullFeature: 128 neurons selected
KFSmoothBatchFullFeature: 128 neurons selected
KFSmoothBatchFullFeature: 128 neurons selected
KFSmoothBatchFullFeature: 128 neurons selected
KFSmoothBatchFullFeature: 128 neurons selected
KFSmoothBatchFullFeature: 128 neurons selected
KFSmoothBatchFullFeature: 128 neurons selected
KFSmoothBatchFullFeature: 128 neurons selected
KFSmoothBatchFullFeature: 128 neurons selected

 using encoder with additional noises  State space: ['hand_px', 'hand_py', 'hand_pz', 'hand_vx', 'hand_vy', 'hand_vz', 'offset'] 

<bound method GenericCosEncWithNoise._gen_fixed_gaussian_noise of <riglib.bmi.sim_neurons.GenericCosEncWithNoise object at 0x7faf7fbe1e20>>
changed encoder at cycle 18000
KFSmoothBatchFullFeature: 128 neurons selected
KFSmoothBatchFullFeature: 128 neurons selected
KFSmoothBatchFullFeature: 128 neurons selected
KFSmoothBatchFullFeature: 128 neurons selected
KFSmoothBatchFullFeature: 128 neurons selected
KFSmoothBatchFullFeature: 128 neurons selected
KFSmoothBatchFullFeature: 128 neurons selected
KFSmoothBatchFullFeature: 128 neurons selected
KFSmoothBatchFullFeature: 128 neurons selected
KFSmoothBatchFullFeature: 128 neurons selected
KFSmoothBatchFullFeature: 128 neurons selected
KFSmoothBatchFullFeature: 128 neurons selected
KFSmoothBatchFullFeature: 128 neurons selected
KFSmoothBatchFullFeature: 128 neurons selected
KFSmoothBatchFullFeature: 128 neurons selected
KFSmoothBatchFullFeature: 128 neurons selected
KFSmoothBatchFullFeature: 128 neurons selected
KFSmoothBatchFullFeature: 128 neurons selected
KFSmoothBatchFullFeature: 128 neurons selected
KFSmoothBatchFullFeature: 128 neurons selected
KFSmoothBatchFullFeature: 128 neurons selected
KFSmoothBatchFullFeature: 128 neurons selected
KFSmoothBatchFullFeature: 128 neurons selected
KFSmoothBatchFullFeature: 128 neurons selected
KFSmoothBatchFullFeature: 128 neurons selected
KFSmoothBatchFullFeature: 128 neurons selected
KFSmoothBatchFullFeature: 128 neurons selected
KFSmoothBatchFullFeature: 128 neurons selected
KFSmoothBatchFullFeature: 128 neurons selected
KFSmoothBatchFullFeature: 128 neurons selected
KFSmoothBatchFullFeature: 128 neurons selected
KFSmoothBatchFullFeature: 128 neurons selected
KFSmoothBatchFullFeature: 128 neurons selected
KFSmoothBatchFullFeature: 128 neurons selected
KFSmoothBatchFullFeature: 128 neurons selected
KFSmoothBatchFullFeature: 128 neurons selected
KFSmoothBatchFullFeature: 128 neurons selected
KFSmoothBatchFullFeature: 128 neurons selected
KFSmoothBatchFullFeature: 128 neurons selected
KFSmoothBatchFullFeature: 128 neurons selected
KFSmoothBatchFullFeature: 128 neurons selected
KFSmoothBatchFullFeature: 128 neurons selected
KFSmoothBatchFullFeature: 128 neurons selected
KFSmoothBatchFullFeature: 128 neurons selected
KFSmoothBatchFullFeature: 128 neurons selected
KFSmoothBatchFullFeature: 128 neurons selected
KFSmoothBatchFullFeature: 128 neurons selected
KFSmoothBatchFullFeature: 128 neurons selected
KFSmoothBatchFullFeature: 128 neurons selected
KFSmoothBatchFullFeature: 128 neurons selected
KFSmoothBatchFullFeature: 128 neurons selected
KFSmoothBatchFullFeature: 128 neurons selected
KFSmoothBatchFullFeature: 128 neurons selected
KFSmoothBatchFullFeature: 128 neurons selected
KFSmoothBatchFullFeature: 128 neurons selected
KFSmoothBatchFullFeature: 128 neurons selected
KFSmoothBatchFullFeature: 128 neurons selected
KFSmoothBatchFullFeature: 128 neurons selected
KFSmoothBatchFullFeature: 128 neurons selected
KFSmoothBatchFullFeature: 128 neurons selected
KFSmoothBatchFullFeature: 128 neurons selected
KFSmoothBatchFullFeature: 128 neurons selected
KFSmoothBatchFullFeature: 128 neurons selected
KFSmoothBatchFullFeature: 128 neurons selected
KFSmoothBatchFullFeature: 128 neurons selected
KFSmoothBatchFullFeature: 128 neurons selected
KFSmoothBatchFullFeature: 128 neurons selected
KFSmoothBatchFullFeature: 128 neurons selected
KFSmoothBatchFullFeature: 128 neurons selected
KFSmoothBatchFullFeature: 128 neurons selected
KFSmoothBatchFullFeature: 128 neurons selected
KFSmoothBatchFullFeature: 128 neurons selected
KFSmoothBatchFullFeature: 128 neurons selected
KFSmoothBatchFullFeature: 128 neurons selected
KFSmoothBatchFullFeature: 128 neurons selected
KFSmoothBatchFullFeature: 128 neurons selected
KFSmoothBatchFullFeature: 128 neurons selected
KFSmoothBatchFullFeature: 128 neurons selected
KFSmoothBatchFullFeature: 128 neurons selected
KFSmoothBatchFullFeature: 128 neurons selected
KFSmoothBatchFullFeature: 128 neurons selected
KFSmoothBatchFullFeature: 128 neurons selected
KFSmoothBatchFullFeature: 128 neurons selected
KFSmoothBatchFullFeature: 128 neurons selected
KFSmoothBatchFullFeature: 128 neurons selected
KFSmoothBatchFullFeature: 128 neurons selected
KFSmoothBatchFullFeature: 128 neurons selected
KFSmoothBatchFullFeature: 128 neurons selected
KFSmoothBatchFullFeature: 128 neurons selected
KFSmoothBatchFullFeature: 128 neurons selected
finish  at cycle_count: 72000
..........................HDFWriter: Saving datafile to /tmp/tmpensbgr3a.h5
HDFWriter: opening file
HDFWriter registered 'sync_events'
HDFWriter registered 'sync_clock'
HDFWriter registered 'trials'
HDFWriter registered 'task'
Closed hdf
ended datasink
Traceback (most recent call last):
  File "/home/aolab/sijia/brain-python-interface/riglib/bmi/bmi.py", line 1342, in cleanup_hdf
    self.write_clda_data_to_hdf_table(
  File "/home/aolab/sijia/brain-python-interface/riglib/bmi/bmi.py", line 1367, in write_clda_data_to_hdf_table
    log_file = open(os.path.expandvars('$HOME/code/bmi3d/log/clda_hdf_log'), 'a')
FileNotFoundError: [Errno 2] No such file or directory: '/home/aolab/code/bmi3d/log/clda_hdf_log'
/home/aolab/miniconda3/envs/sijia-feature-analysis/lib/python3.8/site-packages/aopy/preproc/bmi3d.py:382: UserWarning: Warning: no sync clock connected! This will usually result in problems.
  warnings.warn("Warning: no sync clock connected! This will usually result in problems.")
/home/aolab/miniconda3/envs/sijia-feature-analysis/lib/python3.8/site-packages/aopy/preproc/bmi3d.py:449: UserWarning: No sync events present, using bmi3d events instead
  warnings.warn("No sync events present, using bmi3d events instead")
0
exit
end of FSM.run, task state is None
wait for 10s for hdf file to save
saving feature selection file name to /tmp/tmpensbgr3a.h5
Writing new group: /feature_selection
Added feat_set
Added C_mat
Added Q_diag
Added K_mat
Done!
saving lasso feature selection file name to /tmp/tmpensbgr3a.h5
Writing new group: /lasso_feature_selection
Added lasso_hist
Done!
Finished running  lasso_1.0_9_noise_32_128_100_3_clda_rho_0.5_batchlen_100_lasso_alpha_10_lasso_threshold_1_shuffle_rows_smooth_batch_with_full_feature
***********************************************************
***********************************************************

cp /tmp/tmpensbgr3a.h5 /home/aolab/sijia/data/figure3_lasso/lasso_1.0_9_noise_32_128_100_3_clda_rho_0.5_batchlen_100_lasso_alpha_10_lasso_threshold_1_shuffle_rows_smooth_batch_with_full_feature.h5
cp /tmp/tmpensbgr3a.h5.p /home/aolab/sijia/data/figure3_lasso/lasso_1.0_9_noise_32_128_100_3_clda_rho_0.5_batchlen_100_lasso_alpha_10_lasso_threshold_1_shuffle_rows_smooth_batch_with_full_feature.p
